Episode;Outcome;DeathType;Phase;Steps;TotalReward;Epsilon;ExplorationRate;WallsInitial;WallsBroken;BombsDropped;SafetyDangerSteps
1;DEATH;Suicide;3;4;-302,38;1,0000;1,00;10;0;1;2
2;DEATH;Suicide;3;10;-296,14;0,9990;1,00;9;2;1;2
3;DEATH;Suicide;3;6;-302,50;0,9980;1,00;13;0;1;2
4;DEATH;Suicide;3;11;-296,70;0,9970;1,00;11;1;1;2
5;DEATH;Suicide;3;6;-295,95;0,9960;1,00;7;1;1;2
6;DEATH;Suicide;3;10;-295,79;0,9950;1,00;14;1;1;2
7;DEATH;Suicide;3;7;-296,01;0,9940;1,00;11;1;1;2
8;DEATH;Suicide;3;15;-298,64;0,9930;1,00;14;2;3;4
9;DEATH;Suicide;3;4;-302,38;0,9920;1,00;12;0;1;2
10;DEATH;Suicide;3;4;-302,38;0,9910;1,00;15;0;1;2
11;DEATH;Suicide;3;4;-302,38;0,9900;1,00;11;0;1;2
12;DEATH;Suicide;3;23;-305,32;0,9891;1,00;15;2;2;2
13;DEATH;Suicide;3;4;-302,43;0,9881;1,00;10;0;1;2
14;DEATH;Suicide;3;38;-292,57;0,9871;1,00;11;7;7;14
15;DEATH;Suicide;3;12;-303,81;0,9861;1,00;12;1;2;2
16;DEATH;Suicide;3;5;-295,49;0,9851;1,00;16;1;1;2
17;DEATH;Suicide;3;21;-309,95;0,9841;1,00;14;1;3;6
18;DEATH;Suicide;3;6;-295,95;0,9831;1,00;11;1;1;2
19;DEATH;Suicide;3;7;-303,46;0,9822;1,00;13;0;1;2
20;DEATH;Suicide;3;8;-302,62;0,9812;1,00;12;0;1;2
21;DEATH;Suicide;3;25;-308,04;0,9802;1,00;11;1;2;4
22;DEATH;Suicide;3;11;-304,95;0,9792;1,00;10;0;2;4
23;DEATH;Suicide;3;5;-302,39;0,9782;1,00;15;0;2;2
24;DEATH;Suicide;3;4;-302,38;0,9773;1,00;13;0;1;2
25;DEATH;Suicide;3;15;-305,29;0,9763;1,00;8;1;2;2
26;DEATH;Suicide;3;4;-302,38;0,9753;1,00;12;0;1;2
27;DEATH;Suicide;3;9;-291,13;0,9743;1,00;10;3;1;2
28;DEATH;Suicide;3;5;-302,49;0,9733;0,80;8;0;1;2
29;DEATH;Suicide;3;8;-303,47;0,9724;1,00;9;0;1;2
30;DEATH;Suicide;3;20;-308,19;0,9714;0,95;14;2;3;4
31;DEATH;Suicide;3;15;-297,89;0,9704;0,93;13;2;1;2
32;DEATH;Suicide;3;6;-295,55;0,9695;1,00;12;1;1;2
33;DEATH;Suicide;3;5;-295,39;0,9685;1,00;13;1;1;2
34;DEATH;Suicide;3;4;-302,43;0,9675;0,75;10;0;1;2
35;DEATH;Suicide;3;11;-304,15;0,9666;1,00;15;1;1;2
36;DEATH;Suicide;3;14;-297,28;0,9656;1,00;9;3;1;2
37;DEATH;Suicide;3;6;-295,95;0,9646;0,83;15;1;2;2
38;DEATH;Suicide;3;12;-297,71;0,9637;0,83;10;1;1;2
39;DEATH;Suicide;3;8;-302,67;0,9627;0,88;8;0;1;2
40;DEATH;Suicide;3;7;-302,96;0,9617;1,00;13;0;1;2
41;DEATH;Suicide;3;4;-302,43;0,9608;1,00;9;0;1;2
42;DEATH;Suicide;3;5;-295,44;0,9598;1,00;14;1;1;2
43;DEATH;Suicide;3;5;-302,44;0,9589;1,00;11;0;1;2
44;DEATH;Suicide;3;6;-303,45;0,9579;0,67;14;0;1;2
45;DEATH;Suicide;3;6;-302,50;0,9569;1,00;10;0;2;2
46;DEATH;Suicide;3;18;-301,27;0,9560;0,94;16;3;1;2
47;DEATH;Suicide;3;6;-302,50;0,9550;1,00;13;0;1;2
48;DEATH;Suicide;3;6;-302,95;0,9541;1,00;8;0;1;2
49;DEATH;Suicide;3;11;-295,80;0,9531;0,82;8;3;1;2
50;DEATH;Suicide;3;6;-295,90;0,9522;0,83;13;1;2;2
51;DEATH;Suicide;3;6;-295,95;0,9512;0,83;10;1;1;2
52;DEATH;Suicide;3;5;-295,44;0,9503;1,00;12;1;2;2
53;DEATH;Suicide;3;11;-296,25;0,9493;1,00;12;3;1;2
54;DEATH;Suicide;3;33;-295,22;0,9484;1,00;14;5;1;2
55;DEATH;Suicide;3;4;-302,38;0,9474;0,75;10;0;1;2
56;DEATH;Suicide;3;4;-302,38;0,9465;1,00;10;0;2;2
57;DEATH;Suicide;3;7;-302,96;0,9455;1,00;10;0;1;2
58;DEATH;Suicide;3;6;-303,45;0,9446;1,00;13;0;1;2
59;DEATH;Suicide;3;4;-302,43;0,9436;1,00;8;0;2;2
60;DEATH;Suicide;3;5;-302,89;0,9427;0,80;8;0;2;2
61;DEATH;Suicide;3;4;-302,43;0,9417;0,75;10;0;1;2
62;DEATH;Suicide;3;9;-304,03;0,9408;0,89;14;1;1;2
63;DEATH;Suicide;3;4;-302,43;0,9399;1,00;9;0;1;2
64;DEATH;Suicide;3;4;-302,43;0,9389;1,00;13;0;1;2
65;DEATH;Suicide;3;48;-306,02;0,9380;0,92;14;5;2;4
66;DEATH;Suicide;3;4;-302,38;0,9370;1,00;10;0;1;2
67;DEATH;Suicide;3;16;-297,00;0,9361;1,00;13;2;2;2
68;DEATH;Suicide;3;4;-302,33;0,9352;1,00;11;0;1;2
69;DEATH;Suicide;3;4;-302,38;0,9342;1,00;13;0;1;2
70;DEATH;Suicide;3;5;-302,44;0,9333;0,80;13;0;1;2
71;DEATH;Suicide;3;9;-303,58;0,9324;1,00;13;0;2;2
72;DEATH;Suicide;3;5;-302,44;0,9314;0,80;11;0;2;2
73;DEATH;Suicide;3;4;-302,43;0,9305;1,00;11;0;1;2
74;DEATH;Suicide;3;4;-302,33;0,9296;1,00;9;0;2;2
75;DEATH;Suicide;3;11;-303,75;0,9286;0,91;8;1;1;2
76;DEATH;Suicide;3;8;-303,52;0,9277;1,00;16;0;2;2
77;DEATH;Suicide;3;8;-298,22;0,9268;1,00;7;1;3;4
78;DEATH;Suicide;3;12;-305,86;0,9259;1,00;10;1;3;4
79;DEATH;Suicide;3;8;-291,52;0,9249;1,00;9;2;1;2
80;DEATH;Suicide;3;19;-304,68;0,9240;1,00;11;1;1;2
81;DEATH;Suicide;3;4;-302,38;0,9231;1,00;11;0;1;2
82;DEATH;Suicide;3;6;-295,55;0,9222;0,83;10;1;1;2
83;DEATH;Suicide;3;9;-303,58;0,9212;0,78;11;1;1;2
84;DEATH;Suicide;3;17;-305,71;0,9203;0,82;11;0;2;4
85;DEATH;Suicide;3;11;-296,30;0,9194;0,82;10;2;2;2
86;DEATH;Suicide;3;5;-302,49;0,9185;1,00;7;0;1;2
87;DEATH;Suicide;3;5;-302,44;0,9176;0,80;7;0;1;2
88;DEATH;Suicide;3;9;-293,73;0,9166;0,89;16;2;2;4
89;DEATH;Suicide;3;12;-304,26;0,9157;0,92;10;0;1;2
90;DEATH;Suicide;3;8;-303,07;0,9148;0,88;11;0;1;2
91;DEATH;Suicide;3;4;-302,38;0,9139;1,00;10;0;1;2
92;DEATH;Suicide;3;6;-302,95;0,9130;1,00;15;0;1;2
93;DEATH;Suicide;3;5;-295,44;0,9121;0,60;10;1;2;2
94;DEATH;Suicide;3;4;-302,38;0,9112;1,00;12;0;1;2
95;DEATH;Suicide;3;5;-302,39;0,9102;1,00;13;0;1;2
96;DEATH;Suicide;3;4;-302,33;0,9093;0,75;14;0;1;2
97;DEATH;Suicide;3;4;-302,38;0,9084;1,00;8;0;2;2
98;DEATH;Suicide;3;7;-302,56;0,9075;1,00;7;0;1;2
99;DEATH;Suicide;3;9;-303,53;0,9066;1,00;9;1;1;2
100;DEATH;Suicide;3;14;-299,53;0,9057;0,86;8;2;2;4
101;DEATH;Suicide;3;8;-303,52;0,9048;1,00;10;0;1;2
102;DEATH;Suicide;3;7;-295,51;0,9039;0,86;10;1;1;2
103;DEATH;Suicide;3;6;-296,00;0,9030;1,00;12;1;1;2
104;DEATH;Suicide;3;4;-302,43;0,9021;1,00;13;0;2;2
105;DEATH;Suicide;3;16;-299,65;0,9012;0,94;13;3;2;4
106;DEATH;Suicide;3;5;-295,49;0,9003;0,80;11;1;1;2
107;DEATH;Suicide;3;22;-308,26;0,8994;0,86;15;1;1;2
108;DEATH;Suicide;3;8;-303,07;0,8985;0,88;12;0;1;2
109;DEATH;Suicide;3;4;-302,38;0,8976;1,00;17;0;1;2
110;DEATH;Suicide;3;4;-302,43;0,8967;1,00;12;0;1;2
111;DEATH;Suicide;3;5;-302,89;0,8958;1,00;18;0;2;2
112;DEATH;Suicide;3;4;-302,38;0,8949;0,75;12;0;1;2
113;DEATH;Suicide;3;7;-295,51;0,8940;0,71;13;1;2;2
114;DEATH;Suicide;3;15;-296,94;0,8931;0,87;15;2;2;2
115;DEATH;Suicide;3;9;-303,18;0,8922;0,78;11;0;1;2
116;DEATH;Suicide;3;5;-302,44;0,8913;0,80;10;0;1;2
117;DEATH;Suicide;3;9;-296,63;0,8904;1,00;8;1;1;2
118;DEATH;Suicide;3;6;-290,50;0,8895;0,83;13;2;1;2
119;DEATH;Suicide;3;4;-302,38;0,8886;0,75;12;0;1;2
120;DEATH;Suicide;3;5;-302,44;0,8878;0,80;9;0;2;2
121;DEATH;Suicide;3;5;-295,49;0,8869;0,80;13;1;1;2
122;DEATH;Suicide;3;7;-296,46;0,8860;0,86;10;1;1;2
123;DEATH;Suicide;3;10;-297,09;0,8851;0,90;11;2;1;2
124;DEATH;Suicide;3;4;-302,38;0,8842;1,00;10;0;1;2
125;DEATH;Suicide;3;16;-304,95;0,8833;0,81;14;2;2;2
126;DEATH;Suicide;3;4;-302,38;0,8824;1,00;10;0;2;2
127;DEATH;Suicide;3;5;-302,94;0,8816;1,00;13;0;1;2
128;DEATH;Suicide;3;10;-304,59;0,8807;0,90;12;2;1;2
129;DEATH;Suicide;3;10;-302,74;0,8798;1,00;15;1;1;2
130;DEATH;Suicide;3;12;-304,76;0,8789;1,00;10;2;1;2
131;DEATH;Suicide;3;15;-304,99;0,8780;0,87;12;1;2;2
132;DEATH;Suicide;3;9;-303,13;0,8772;0,78;12;1;1;2
133;DEATH;Suicide;3;7;-303,06;0,8763;1,00;11;0;1;2
134;DEATH;Suicide;3;4;-302,38;0,8754;0,75;12;0;1;2
135;DEATH;Suicide;3;9;-303,18;0,8745;0,89;12;1;1;2
136;DEATH;Suicide;3;4;-302,38;0,8737;0,75;14;0;1;2
137;DEATH;Suicide;3;5;-302,44;0,8728;0,80;9;0;1;2
138;DEATH;Suicide;3;14;-297,73;0,8719;1,00;10;2;2;2
139;DEATH;Suicide;3;9;-304,83;0,8710;0,89;9;0;2;4
140;DEATH;Suicide;3;13;-305,52;0,8702;0,85;11;0;2;4
141;DEATH;Suicide;3;7;-296,46;0,8693;1,00;12;1;2;2
142;DEATH;Suicide;3;16;-307,50;0,8684;0,81;12;2;3;4
143;DEATH;Suicide;3;7;-303,06;0,8676;1,00;7;0;1;2
144;DEATH;Suicide;3;17;-300,11;0,8667;0,94;10;2;3;4
145;DEATH;Suicide;3;12;-299,36;0,8658;0,67;14;3;2;4
146;DEATH;Suicide;3;7;-303,06;0,8650;1,00;16;0;1;2
147;DEATH;Suicide;3;4;-302,38;0,8641;1,00;15;0;2;2
148;DEATH;Suicide;3;6;-302,50;0,8632;0,67;9;0;1;2
149;DEATH;Suicide;3;15;-300,44;0,8624;0,87;14;2;2;4
150;DEATH;Suicide;3;10;-298,34;0,8615;0,80;10;1;2;4
151;DEATH;Suicide;3;5;-302,49;0,8606;0,60;13;0;1;2
152;DEATH;Suicide;3;5;-302,44;0,8598;0,80;11;0;1;2
153;DEATH;Suicide;3;16;-306,35;0,8589;0,94;12;1;1;2
154;DEATH;Suicide;3;14;-304,38;0,8581;1,00;14;1;1;2
155;DEATH;Suicide;3;5;-302,44;0,8572;0,80;12;0;2;2
156;DEATH;Suicide;3;4;-302,43;0,8564;0,75;13;0;1;2
157;DEATH;Suicide;3;4;-302,43;0,8555;1,00;11;0;1;2
158;DEATH;Suicide;3;11;-296,65;0,8546;0,91;16;2;2;2
159;DEATH;Suicide;3;7;-296,46;0,8538;1,00;9;1;1;2
160;DEATH;Suicide;3;4;-302,38;0,8529;1,00;10;0;1;2
161;DEATH;Suicide;3;11;-303,20;0,8521;0,91;15;1;2;2
162;DEATH;Suicide;3;16;-285,20;0,8512;0,69;11;5;3;6
163;DEATH;Suicide;3;10;-303,64;0,8504;0,80;11;0;1;2
164;DEATH;Suicide;3;12;-305,51;0,8495;0,92;14;0;2;4
165;DEATH;Suicide;3;6;-295,90;0,8487;1,00;9;1;2;2
166;DEATH;Suicide;3;7;-303,46;0,8478;0,71;9;0;1;2
167;DEATH;Suicide;3;6;-302,45;0,8470;1,00;7;0;1;2
168;DEATH;Suicide;3;18;-300,37;0,8461;0,94;13;3;2;2
169;DEATH;Suicide;3;13;-297,27;0,8453;1,00;14;2;1;2
170;DEATH;Suicide;3;5;-302,39;0,8444;0,80;9;0;1;2
171;DEATH;Suicide;3;20;-305,94;0,8436;0,85;9;0;2;4
172;DEATH;Suicide;3;6;-295,90;0,8428;0,83;13;1;2;2
173;DEATH;Suicide;3;4;-302,38;0,8419;1,00;13;0;1;2
174;DEATH;Suicide;3;5;-302,44;0,8411;0,20;12;0;1;2
175;DEATH;Suicide;3;12;-298,21;0,8402;0,67;15;3;1;2
176;DEATH;Suicide;3;4;-302,38;0,8394;0,75;12;0;2;2
177;DEATH;Suicide;3;4;-302,43;0,8385;0,50;13;0;1;2
178;DEATH;Suicide;3;4;-302,38;0,8377;1,00;10;0;1;2
179;DEATH;Suicide;3;10;-296,19;0,8369;0,90;12;1;1;2
180;DEATH;Suicide;3;4;-302,38;0,8360;0,75;14;0;1;2
181;DEATH;Suicide;3;5;-295,44;0,8352;0,80;14;1;2;2
182;DEATH;Suicide;3;6;-303,45;0,8344;0,83;11;0;1;2
183;DEATH;Suicide;3;4;-302,38;0,8335;1,00;13;0;1;2
184;DEATH;Suicide;3;5;-302,84;0,8327;0,80;12;0;2;2
185;DEATH;Suicide;3;4;-302,43;0,8319;0,75;11;0;2;2
186;DEATH;Suicide;3;4;-302,38;0,8310;1,00;9;0;1;2
187;DEATH;Suicide;3;7;-302,96;0,8302;0,86;11;0;1;2
188;DEATH;Suicide;3;11;-303,70;0,8294;0,82;12;0;2;2
189;DEATH;Suicide;3;9;-297,43;0,8285;1,00;13;2;1;2
190;DEATH;Suicide;3;9;-296,58;0,8277;0,78;11;2;1;2
191;DEATH;Suicide;3;8;-302,62;0,8269;1,00;12;0;1;2
192;DEATH;Suicide;3;4;-302,38;0,8261;1,00;9;0;1;2
193;DEATH;Suicide;3;5;-295,39;0,8252;0,80;10;1;1;2
194;DEATH;Suicide;3;8;-297,72;0,8244;0,75;11;1;2;4
195;DEATH;Suicide;3;5;-302,89;0,8236;0,80;14;0;1;2
196;DEATH;Suicide;3;7;-295,56;0,8228;0,86;15;1;1;2
197;DEATH;Suicide;3;6;-302,45;0,8219;1,00;10;0;1;2
198;DEATH;Suicide;3;10;-304,49;0,8211;0,70;13;0;2;2
199;DEATH;Suicide;3;5;-295,39;0,8203;0,80;7;1;2;2
200;DEATH;Suicide;3;4;-302,43;0,8195;0,50;11;0;2;2
201;DEATH;Suicide;3;4;-302,38;0,8187;1,00;12;0;1;2
202;DEATH;Suicide;3;4;-302,33;0,8178;1,00;12;0;1;2
203;DEATH;Suicide;3;4;-302,38;0,8170;0,75;12;0;2;2
204;DEATH;Suicide;3;4;-302,43;0,8162;0,50;7;0;2;2
205;DEATH;Suicide;3;5;-302,49;0,8154;1,00;9;0;2;2
206;DEATH;Suicide;3;6;-303,00;0,8146;1,00;17;0;1;2
207;DEATH;Suicide;3;10;-303,19;0,8138;0,70;13;0;1;2
208;DEATH;Suicide;3;5;-302,39;0,8129;1,00;10;0;1;2
209;DEATH;Suicide;3;5;-302,44;0,8121;0,80;12;0;1;2
210;DEATH;Suicide;3;4;-302,43;0,8113;1,00;9;0;1;2
211;DEATH;Suicide;3;4;-302,43;0,8105;0,75;8;0;1;2
212;DEATH;Suicide;3;11;-305,85;0,8097;0,64;9;0;2;4
213;DEATH;Suicide;3;4;-302,38;0,8089;0,50;10;0;2;2
214;DEATH;Suicide;3;9;-291,98;0,8081;1,00;11;3;1;2
215;DEATH;Suicide;3;16;-299,10;0,8073;0,81;15;2;2;4
216;DEATH;Suicide;3;6;-295,95;0,8065;1,00;15;1;1;2
217;DEATH;Suicide;3;12;-295,21;0,8057;0,83;12;3;3;6
218;DEATH;Suicide;3;21;-303,40;0,8048;0,76;9;3;3;6
219;DEATH;Suicide;3;4;-302,38;0,8040;1,00;15;0;1;2
220;DEATH;Suicide;3;4;-302,43;0,8032;1,00;13;0;1;2
221;DEATH;Suicide;3;6;-302,50;0,8024;1,00;12;0;1;2
222;DEATH;Suicide;3;4;-302,38;0,8016;0,75;11;0;1;2
223;DEATH;Suicide;3;4;-302,43;0,8008;1,00;15;0;1;2
224;DEATH;Suicide;3;9;-304,08;0,8000;0,89;9;0;2;2
225;DEATH;Suicide;3;4;-302,43;0,7992;0,50;11;0;1;2
226;DEATH;Suicide;3;4;-302,43;0,7984;0,50;9;0;2;2
227;DEATH;Suicide;3;10;-298,29;0,7976;0,90;10;3;1;2
228;DEATH;Suicide;3;4;-302,43;0,7968;0,75;10;0;1;2
229;DEATH;Suicide;3;4;-302,38;0,7960;0,75;12;0;2;2
230;DEATH;Suicide;3;6;-302,50;0,7952;1,00;16;0;1;2
231;DEATH;Suicide;3;20;-307,74;0,7944;0,80;12;3;2;4
232;DEATH;Suicide;3;4;-302,43;0,7937;1,00;12;0;1;2
233;DEATH;Suicide;3;6;-302,95;0,7929;0,67;12;0;1;2
234;DEATH;Suicide;3;5;-302,44;0,7921;0,80;16;0;1;2
235;DEATH;Suicide;3;5;-302,89;0,7913;1,00;14;0;1;2
236;DEATH;Suicide;3;4;-302,33;0,7905;0,50;10;0;1;2
237;DEATH;Suicide;3;4;-302,43;0,7897;1,00;11;0;1;2
238;DEATH;Suicide;3;4;-302,38;0,7889;0,75;9;0;1;2
239;DEATH;Suicide;3;8;-304,77;0,7881;1,00;9;0;2;4
240;DEATH;Suicide;3;8;-303,52;0,7873;1,00;11;0;1;2
241;DEATH;Suicide;3;10;-303,19;0,7865;0,90;10;0;1;2
242;DEATH;Suicide;3;8;-296,02;0,7857;0,75;15;1;2;2
243;DEATH;Suicide;3;5;-295,39;0,7850;0,60;13;1;1;2
244;DEATH;Suicide;3;4;-302,43;0,7842;1,00;13;0;1;2
245;DEATH;Suicide;3;12;-297,21;0,7834;0,92;10;2;1;2
246;DEATH;Suicide;3;6;-302,50;0,7826;1,00;14;0;1;2
247;DEATH;Suicide;3;12;-298,86;0,7818;0,83;7;2;2;4
248;DEATH;Suicide;3;4;-302,43;0,7810;0,75;12;0;1;2
249;DEATH;Suicide;3;7;-297,71;0,7803;0,57;6;1;2;4
250;DEATH;Suicide;3;5;-295,44;0,7795;0,60;9;1;2;2
251;DEATH;Suicide;3;9;-303,63;0,7787;0,67;14;0;2;2
252;DEATH;Suicide;3;6;-302,55;0,7779;1,00;10;0;1;2
253;DEATH;Suicide;3;4;-302,38;0,7771;1,00;15;0;1;2
254;DEATH;Suicide;3;5;-295,44;0,7764;0,80;12;1;2;2
255;DEATH;Suicide;3;4;-302,38;0,7756;1,00;15;0;1;2
256;DEATH;Suicide;3;7;-303,91;0,7748;0,86;11;0;2;2
257;DEATH;Suicide;3;4;-302,38;0,7740;0,50;13;0;1;2
258;DEATH;Suicide;3;5;-302,49;0,7733;0,80;12;0;1;2
259;DEATH;Suicide;3;9;-291,13;0,7725;1,00;12;3;1;2
260;DEATH;Suicide;3;4;-302,38;0,7717;0,75;14;0;1;2
261;DEATH;Suicide;3;8;-303,52;0,7710;0,88;8;0;1;2
262;DEATH;Suicide;3;5;-295,44;0,7702;1,00;10;1;1;2
263;DEATH;Suicide;3;4;-302,38;0,7694;0,50;14;0;1;2
264;DEATH;Suicide;3;4;-302,43;0,7686;1,00;11;0;1;2
265;DEATH;Suicide;3;10;-304,84;0,7679;0,80;14;0;2;4
266;DEATH;Suicide;3;4;-302,43;0,7671;0,50;12;0;2;2
267;DEATH;Suicide;3;5;-302,44;0,7663;0,60;13;0;1;2
268;DEATH;Suicide;3;7;-303,51;0,7656;0,71;14;0;2;2
269;DEATH;Suicide;3;10;-304,89;0,7648;0,80;11;1;3;4
270;DEATH;Suicide;3;6;-302,55;0,7640;1,00;7;0;2;2
271;DEATH;Suicide;3;4;-302,38;0,7633;0,75;13;0;2;2
272;DEATH;Suicide;3;5;-295,44;0,7625;0,80;10;1;1;2
273;DEATH;Suicide;3;6;-295,90;0,7618;0,67;14;1;1;2
274;DEATH;Suicide;3;4;-302,33;0,7610;0,75;9;0;2;2
275;DEATH;Suicide;3;5;-295,44;0,7602;0,60;12;1;1;2
276;DEATH;Suicide;3;7;-303,06;0,7595;1,00;10;0;1;2
277;DEATH;Suicide;3;5;-302,84;0,7587;1,00;16;0;1;2
278;DEATH;Suicide;3;5;-295,39;0,7580;0,80;17;1;1;2
279;DEATH;Suicide;3;6;-302,55;0,7572;0,67;12;0;2;2
280;DEATH;Suicide;3;4;-302,38;0,7564;1,00;13;0;2;2
281;DEATH;Suicide;3;13;-304,72;0,7557;0,85;10;0;2;2
282;DEATH;Suicide;3;10;-286,39;0,7549;0,80;15;3;3;4
283;DEATH;Suicide;3;24;-295,48;0,7542;0,83;14;4;5;10
284;DEATH;Suicide;3;8;-296,07;0,7534;1,00;16;1;1;2
285;DEATH;Suicide;3;6;-302,90;0,7527;0,83;13;0;1;2
286;DEATH;Suicide;3;5;-295,44;0,7519;0,60;17;1;2;2
287;DEATH;Suicide;3;9;-303,58;0,7512;0,78;11;0;2;2
288;DEATH;Suicide;3;4;-302,33;0,7504;0,75;10;0;1;2
289;DEATH;Suicide;3;22;-289,76;0,7497;0,68;10;5;4;8
290;DEATH;Suicide;3;4;-302,43;0,7489;1,00;13;0;1;2
291;DEATH;Suicide;3;4;-302,38;0,7482;0,75;7;0;1;2
292;DEATH;Suicide;3;4;-302,38;0,7474;0,75;10;0;1;2
293;DEATH;Suicide;3;5;-295,39;0,7467;0,60;10;1;1;2
294;DEATH;Suicide;3;4;-302,38;0,7459;0,75;9;0;2;2
295;DEATH;Suicide;3;5;-295,39;0,7452;0,40;14;1;2;2
296;DEATH;Suicide;3;7;-303,01;0,7444;1,00;12;0;1;2
297;DEATH;Suicide;3;12;-291,41;0,7437;0,83;10;3;2;4
298;DEATH;Suicide;3;4;-302,38;0,7429;0,75;12;0;1;2
299;DEATH;Suicide;3;5;-295,44;0,7422;1,00;11;1;1;2
300;DEATH;Suicide;3;4;-302,38;0,7415;0,75;8;0;1;2
301;DEATH;Suicide;3;4;-302,38;0,7407;0,75;8;0;1;2
302;DEATH;Suicide;3;11;-303,25;0,7400;0,82;12;1;2;2
303;DEATH;Suicide;3;4;-302,38;0,7392;0,75;14;0;2;2
304;DEATH;Suicide;3;7;-295,56;0,7385;0,71;14;1;1;2
305;DEATH;Suicide;3;4;-302,43;0,7378;1,00;15;0;1;2
306;DEATH;Suicide;3;4;-302,38;0,7370;0,50;12;0;1;2
307;DEATH;Suicide;3;8;-296,02;0,7363;0,75;15;1;2;2
308;DEATH;Suicide;3;5;-295,39;0,7355;0,40;10;1;2;2
309;DEATH;Suicide;3;4;-302,43;0,7348;0,50;9;0;1;2
310;DEATH;Suicide;3;4;-302,38;0,7341;0,75;13;0;1;2
311;DEATH;Suicide;3;6;-302,55;0,7333;0,67;11;0;2;2
312;DEATH;Suicide;3;4;-302,38;0,7326;0,75;14;0;1;2
313;DEATH;Suicide;3;5;-302,89;0,7319;1,00;11;0;1;2
314;DEATH;Suicide;3;5;-302,94;0,7311;0,40;11;0;2;2
315;DEATH;Suicide;3;13;-300,67;0,7304;0,69;12;1;3;6
316;DEATH;Suicide;3;9;-305,28;0,7297;0,56;11;0;2;4
317;DEATH;Suicide;3;4;-302,38;0,7289;0,75;10;0;1;2
318;DEATH;Suicide;3;4;-302,33;0,7282;0,75;10;0;2;2
319;DEATH;Suicide;3;5;-302,89;0,7275;0,60;19;0;2;2
320;DEATH;Suicide;3;4;-302,43;0,7268;0,75;9;0;1;2
321;DEATH;Suicide;3;5;-295,39;0,7260;0,80;12;1;1;2
322;DEATH;Suicide;3;14;-293,33;0,7253;0,50;14;3;4;6
323;DEATH;Suicide;3;5;-302,94;0,7246;0,60;11;0;2;2
324;DEATH;Suicide;3;4;-302,38;0,7239;0,50;12;0;1;2
325;DEATH;Suicide;3;4;-302,38;0,7231;0,75;11;0;1;2
326;DEATH;Suicide;3;4;-302,38;0,7224;0,75;9;0;2;2
327;DEATH;Suicide;3;8;-290,82;0,7217;0,50;13;2;2;4
328;DEATH;Suicide;3;6;-290,45;0,7210;0,67;13;2;1;2
329;DEATH;Suicide;3;12;-305,51;0,7202;0,67;9;1;3;4
330;DEATH;Suicide;3;7;-297,76;0,7195;0,86;9;1;2;4
331;DEATH;Suicide;3;4;-302,38;0,7188;0,50;15;0;2;2
332;DEATH;Suicide;3;4;-302,38;0,7181;0,75;12;0;2;2
333;DEATH;Suicide;3;4;-302,38;0,7174;0,50;10;0;1;2
334;DEATH;Suicide;3;5;-302,89;0,7167;1,00;8;0;1;2
335;DEATH;Suicide;3;5;-295,49;0,7159;0,60;10;1;1;2
336;DEATH;Suicide;3;5;-302,94;0,7152;1,00;14;0;1;2
337;DEATH;Suicide;3;5;-302,89;0,7145;0,60;14;0;1;2
338;DEATH;Suicide;3;8;-303,07;0,7138;0,63;11;0;2;2
339;DEATH;Suicide;3;11;-297,15;0,7131;0,64;14;2;1;2
340;DEATH;Suicide;3;4;-302,38;0,7124;0,25;15;0;1;2
341;DEATH;Suicide;3;9;-296,58;0,7117;1,00;15;2;1;2
342;DEATH;Suicide;3;5;-295,39;0,7109;0,60;16;1;2;2
343;DEATH;Suicide;3;4;-302,43;0,7102;1,00;12;0;1;2
344;DEATH;Suicide;3;4;-302,38;0,7095;1,00;12;0;1;2
345;DEATH;Suicide;3;4;-302,38;0,7088;0,25;12;0;2;2
346;DEATH;Suicide;3;9;-303,08;0,7081;0,67;14;1;2;2
347;DEATH;Suicide;3;4;-302,33;0,7074;0,75;10;0;1;2
348;DEATH;Suicide;3;13;-299,42;0,7067;0,77;15;2;3;4
349;DEATH;Suicide;3;4;-302,38;0,7060;0,50;6;0;1;2
350;DEATH;Suicide;3;11;-299,25;0,7053;0,64;11;2;3;4
351;DEATH;Suicide;3;4;-302,38;0,7046;1,00;11;0;1;2
352;DEATH;Suicide;3;4;-302,38;0,7039;1,00;10;0;1;2
353;DEATH;Suicide;3;9;-298,73;0,7032;0,78;13;1;2;4
354;DEATH;Suicide;3;5;-295,44;0,7025;0,80;12;1;2;2
355;DEATH;Suicide;3;24;-303,98;0,7018;0,67;17;3;5;8
356;DEATH;Suicide;3;4;-302,43;0,7011;0,75;11;0;2;2
357;DEATH;Suicide;3;10;-303,59;0,7004;0,70;14;2;1;2
358;DEATH;Suicide;3;4;-302,38;0,6997;0,50;12;0;1;2
359;DEATH;Suicide;3;8;-303,52;0,6990;0,75;10;0;2;2
360;DEATH;Suicide;3;4;-302,43;0,6983;0,50;8;0;1;2
361;DEATH;Suicide;3;5;-295,44;0,6976;0,80;10;1;1;2
362;DEATH;Suicide;3;7;-296,01;0,6969;0,71;13;1;1;2
363;DEATH;Suicide;3;5;-295,39;0,6962;0,60;13;1;2;2
364;DEATH;Suicide;3;5;-295,44;0,6955;0,60;13;1;1;2
365;DEATH;Suicide;3;4;-302,38;0,6948;0,75;12;0;1;2
366;DEATH;Suicide;3;4;-302,38;0,6941;0,25;11;0;1;2
367;DEATH;Suicide;3;4;-302,33;0,6934;0,75;9;0;1;2
368;DEATH;Suicide;3;5;-302,89;0,6927;0,60;14;0;2;2
369;DEATH;Suicide;3;11;-303,70;0,6920;0,55;11;1;1;2
370;DEATH;Suicide;3;4;-302,38;0,6913;0,25;13;0;2;2
371;DEATH;Suicide;3;5;-295,49;0,6906;0,60;13;1;1;2
372;DEATH;Suicide;3;5;-302,44;0,6899;0,40;11;0;1;2
373;DEATH;Suicide;3;5;-302,84;0,6892;0,60;14;0;1;2
374;DEATH;Suicide;3;4;-302,38;0,6885;0,50;12;0;2;2
375;DEATH;Suicide;3;4;-302,38;0,6879;0,50;10;0;1;2
376;DEATH;Suicide;3;5;-295,39;0,6872;0,60;13;1;1;2
377;DEATH;Suicide;3;4;-302,43;0,6865;0,50;4;0;1;2
378;DEATH;Suicide;3;5;-295,39;0,6858;0,60;17;1;1;2
379;DEATH;Suicide;3;5;-302,89;0,6851;0,80;11;0;1;2
380;DEATH;Suicide;3;4;-302,38;0,6844;0,75;11;0;1;2
381;DEATH;Suicide;3;4;-302,38;0,6837;0,75;15;0;1;2
382;DEATH;Suicide;3;11;-304,10;0,6831;0,82;16;1;1;2
383;DEATH;Suicide;3;5;-295,39;0,6824;0,80;12;1;1;2
384;DEATH;Suicide;3;4;-302,33;0,6817;0,50;12;0;1;2
385;DEATH;Suicide;3;4;-302,43;0,6810;0,50;8;0;2;2
386;DEATH;Suicide;3;4;-302,38;0,6803;0,75;12;0;1;2
387;DEATH;Suicide;3;7;-292,71;0,6796;0,71;12;2;2;4
388;DEATH;Suicide;3;4;-302,38;0,6790;0,25;17;0;1;2
389;DEATH;Suicide;3;6;-290,50;0,6783;1,00;14;2;1;2
390;DEATH;Suicide;3;5;-302,94;0,6776;0,60;9;0;2;2
391;DEATH;Suicide;3;5;-302,89;0,6769;0,80;13;0;2;2
392;DEATH;Suicide;3;14;-308,23;0,6763;0,64;9;1;4;6
393;DEATH;Suicide;3;18;-293,67;0,6756;0,78;13;3;2;4
394;DEATH;Suicide;3;4;-302,33;0,6749;0,75;13;0;1;2
395;DEATH;Suicide;3;4;-302,43;0,6742;0,75;12;0;1;2
396;DEATH;Suicide;3;4;-302,33;0,6736;0,25;10;0;2;2
397;DEATH;Suicide;3;4;-302,43;0,6729;0,75;9;0;1;2
398;DEATH;Suicide;3;4;-302,33;0,6722;0,75;11;0;1;2
399;DEATH;Suicide;3;4;-302,43;0,6715;0,50;15;0;1;2
400;DEATH;Suicide;3;4;-302,38;0,6709;1,00;11;0;1;2
401;DEATH;Suicide;3;4;-302,38;0,6702;0,50;13;0;1;2
402;DEATH;Suicide;3;4;-302,38;0,6695;1,00;13;0;1;2
403;DEATH;Suicide;3;4;-302,38;0,6688;0,50;2;0;1;2
404;DEATH;Suicide;3;11;-297,55;0,6682;0,82;15;2;2;2
405;DEATH;Suicide;3;5;-302,44;0,6675;0,20;11;0;2;2
406;DEATH;Suicide;3;12;-304,71;0,6668;0,75;13;2;1;2
407;DEATH;Suicide;3;5;-295,49;0,6662;1,00;12;1;1;2
408;DEATH;Suicide;3;5;-302,89;0,6655;1,00;13;0;1;2
409;DEATH;Suicide;3;10;-303,19;0,6648;1,00;10;1;2;2
410;DEATH;Suicide;3;7;-303,01;0,6642;0,71;10;0;2;2
411;DEATH;Suicide;3;5;-302,39;0,6635;0,80;15;0;1;2
412;DEATH;Suicide;3;9;-296,53;0,6629;0,78;10;2;2;2
413;DEATH;Suicide;3;4;-302,38;0,6622;0,75;9;0;1;2
414;DEATH;Suicide;3;4;-302,38;0,6615;0,50;11;0;1;2
415;DEATH;Suicide;3;5;-302,89;0,6609;0,60;15;0;2;2
416;DEATH;Suicide;3;15;-299,09;0,6602;0,67;12;2;2;4
417;DEATH;Suicide;3;4;-302,38;0,6595;0,50;11;0;2;2
418;DEATH;Suicide;3;5;-302,94;0,6589;0,80;14;0;1;2
419;DEATH;Suicide;3;7;-295,56;0,6582;0,86;12;1;2;2
420;DEATH;Suicide;3;5;-302,44;0,6576;0,60;10;0;2;2
421;DEATH;Suicide;3;4;-302,38;0,6569;0,50;12;0;1;2
422;DEATH;Suicide;3;6;-303,40;0,6563;0,83;12;0;1;2
423;DEATH;Suicide;3;4;-302,38;0,6556;0,50;11;0;1;2
424;DEATH;Suicide;3;4;-302,38;0,6549;0,25;12;0;2;2
425;DEATH;Suicide;3;4;-302,38;0,6543;0,50;18;0;1;2
426;DEATH;Suicide;3;4;-302,43;0,6536;0,50;14;0;1;2
427;DEATH;Suicide;3;4;-302,38;0,6530;0,50;14;0;2;2
428;DEATH;Suicide;3;5;-302,89;0,6523;0,60;14;0;1;2
429;DEATH;Suicide;3;7;-304,66;0,6517;0,57;11;0;2;4
430;DEATH;Suicide;3;5;-302,84;0,6510;0,60;8;0;1;2
431;DEATH;Suicide;3;4;-302,38;0,6504;0,50;11;0;1;2
432;DEATH;Suicide;3;4;-302,38;0,6497;0,50;16;0;1;2
433;DEATH;Suicide;3;13;-291,57;0,6491;0,69;10;3;2;4
434;DEATH;Suicide;3;5;-302,39;0,6484;0,80;14;0;1;2
435;DEATH;Suicide;3;5;-302,84;0,6478;0,60;8;0;1;2
436;DEATH;Suicide;3;6;-295,95;0,6471;0,67;10;1;2;2
437;DEATH;Suicide;3;9;-296,53;0,6465;0,56;12;2;1;2
438;DEATH;Suicide;3;5;-295,39;0,6458;1,00;15;1;1;2
439;DEATH;Suicide;3;4;-302,38;0,6452;0,75;9;0;2;2
440;DEATH;Suicide;3;4;-302,38;0,6445;0,75;13;0;2;2
441;DEATH;Suicide;3;5;-302,44;0,6439;1,00;11;0;2;2
442;DEATH;Suicide;3;7;-292,66;0,6433;0,43;10;2;2;4
443;DEATH;Suicide;3;5;-295,39;0,6426;0,40;17;1;1;2
444;DEATH;Suicide;3;11;-299,25;0,6420;0,64;10;1;2;4
445;DEATH;Suicide;3;13;-303,37;0,6413;0,85;13;1;1;2
446;DEATH;Suicide;3;4;-302,43;0,6407;0,25;13;0;2;2
447;DEATH;Suicide;3;12;-307,61;0,6400;0,42;11;0;4;6
448;DEATH;Suicide;3;4;-302,38;0,6394;0,75;13;0;2;2
449;DEATH;Suicide;3;7;-303,01;0,6388;0,57;12;0;1;2
450;DEATH;Suicide;3;4;-302,38;0,6381;0,25;11;0;2;2
451;DEATH;Suicide;3;4;-302,38;0,6375;0,50;11;0;1;2
452;DEATH;Suicide;3;5;-302,44;0,6369;0,60;9;0;2;2
453;DEATH;Suicide;3;4;-302,38;0,6362;1,00;17;0;1;2
454;DEATH;Suicide;3;10;-297,04;0,6356;0,70;7;2;1;2
455;DEATH;Suicide;3;7;-302,56;0,6349;0,57;10;0;2;2
456;DEATH;Suicide;3;5;-295,39;0,6343;0,80;13;1;1;2
457;DEATH;Suicide;3;5;-295,44;0,6337;0,40;13;1;1;2
458;DEATH;Suicide;3;4;-302,38;0,6330;0,50;9;0;2;2
459;DEATH;Suicide;3;7;-292,71;0,6324;0,71;8;2;2;4
460;DEATH;Suicide;3;4;-302,38;0,6318;0,50;10;0;1;2
461;DEATH;Suicide;3;8;-298,27;0,6311;0,75;10;1;2;4
462;DEATH;Suicide;3;7;-297,71;0,6305;0,29;14;1;2;4
463;DEATH;Suicide;3;4;-302,38;0,6299;0,75;9;0;2;2
464;DEATH;Suicide;3;4;-302,38;0,6293;0,25;14;0;2;2
465;DEATH;Suicide;3;5;-302,39;0,6286;0,60;13;0;2;2
466;DEATH;Suicide;3;4;-302,38;0,6280;0,75;9;0;1;2
467;DEATH;Suicide;3;11;-305,15;0,6274;0,64;11;1;1;2
468;DEATH;Suicide;3;4;-302,38;0,6267;0,00;14;0;2;2
469;DEATH;Suicide;3;17;-293,46;0,6261;0,35;10;3;4;8
470;DEATH;Suicide;3;5;-302,94;0,6255;0,60;13;0;2;2
471;DEATH;Suicide;3;6;-303,40;0,6249;0,83;9;0;2;2
472;DEATH;Suicide;3;18;-297,32;0,6242;0,83;15;2;3;6
473;DEATH;Suicide;3;10;-293,29;0,6236;0,60;9;2;2;4
474;DEATH;Suicide;3;4;-302,43;0,6230;0,25;11;0;2;2
475;DEATH;Suicide;3;4;-302,38;0,6224;1,00;12;0;1;2
476;DEATH;Suicide;3;7;-304,66;0,6217;0,43;10;0;2;4
477;DEATH;Suicide;3;7;-302,61;0,6211;0,71;13;0;1;2
478;DEATH;Suicide;3;14;-300,48;0,6205;0,71;12;1;2;4
479;DEATH;Suicide;3;4;-302,38;0,6199;0,50;10;0;2;2
480;DEATH;Suicide;3;6;-302,50;0,6193;0,67;14;0;1;2
481;DEATH;Suicide;3;4;-302,38;0,6186;0,75;11;0;2;2
482;DEATH;Suicide;3;7;-303,06;0,6180;0,86;16;0;1;2
483;DEATH;Suicide;3;4;-302,43;0,6174;0,75;11;0;2;2
484;DEATH;Suicide;3;12;-298,51;0,6168;0,83;12;1;3;4
485;DEATH;Suicide;3;6;-296,00;0,6162;0,83;12;1;1;2
486;DEATH;Suicide;3;5;-295,44;0,6156;0,80;4;1;1;2
487;DEATH;Suicide;3;5;-302,44;0,6149;0,60;12;0;1;2
488;DEATH;Suicide;3;4;-302,33;0,6143;0,25;13;0;1;2
489;DEATH;Suicide;3;11;-307,10;0,6137;0,45;15;0;3;6
490;DEATH;Suicide;3;5;-295,44;0,6131;0,20;12;1;1;2
491;DEATH;Suicide;3;5;-302,44;0,6125;0,60;12;0;1;2
492;DEATH;Suicide;3;5;-302,44;0,6119;0,60;15;0;2;2
493;DEATH;Suicide;3;13;-304,72;0,6113;0,77;11;1;1;2
494;DEATH;Suicide;3;6;-295,95;0,6106;0,67;14;1;2;2
495;DEATH;Suicide;3;4;-302,43;0,6100;0,50;12;0;1;2
496;DEATH;Suicide;3;4;-302,38;0,6094;0,50;11;0;1;2
497;DEATH;Suicide;3;4;-302,38;0,6088;0,25;12;0;1;2
498;DEATH;Suicide;3;5;-302,84;0,6082;0,80;12;0;1;2
499;DEATH;Suicide;3;19;-309,83;0,6076;0,42;9;0;3;6
500;DEATH;Suicide;3;4;-302,43;0,6070;0,50;8;0;2;2
501;DEATH;Suicide;3;7;-292,76;0,6064;0,86;15;2;2;4
502;DEATH;Suicide;3;6;-303,40;0,6058;0,83;9;0;1;2
503;DEATH;Suicide;3;10;-297,89;0,6052;0,70;11;2;3;4
504;DEATH;Suicide;3;4;-302,38;0,6046;0,50;10;0;1;2
505;DEATH;Suicide;3;12;-305,91;0,6040;0,67;10;0;2;4
506;DEATH;Suicide;3;5;-302,39;0,6034;0,80;7;0;1;2
507;DEATH;Suicide;3;11;-297,65;0,6028;0,55;12;2;2;2
508;DEATH;Suicide;3;4;-302,38;0,6022;0,75;13;0;2;2
509;DEATH;Suicide;3;9;-297,83;0,6015;0,78;8;1;2;4
510;DEATH;Suicide;3;11;-304,95;0,6009;0,55;11;1;3;4
511;DEATH;Suicide;3;4;-302,38;0,6003;0,50;13;0;2;2
512;DEATH;Suicide;3;8;-297,77;0,5997;0,50;7;1;2;4
513;DEATH;Suicide;3;6;-302,45;0,5991;0,33;8;0;1;2
514;DEATH;Suicide;3;4;-302,33;0,5985;0,50;10;0;1;2
515;DEATH;Suicide;3;4;-302,43;0,5979;0,50;10;0;2;2
516;DEATH;Suicide;3;4;-302,43;0,5974;0,50;11;0;1;2
517;DEATH;Suicide;3;4;-302,33;0,5968;0,50;9;0;1;2
518;DEATH;Suicide;3;5;-302,44;0,5962;0,80;9;0;2;2
519;DEATH;Suicide;3;6;-302,95;0,5956;0,50;13;0;2;2
520;DEATH;Suicide;3;4;-302,38;0,5950;0,50;11;0;1;2
521;DEATH;Suicide;3;8;-305,22;0,5944;0,38;8;0;2;4
522;DEATH;Suicide;3;5;-302,44;0,5938;0,60;12;0;1;2
523;DEATH;Suicide;3;4;-302,38;0,5932;0,50;15;0;2;2
524;DEATH;Suicide;3;6;-302,50;0,5926;0,83;15;0;1;2
525;DEATH;Suicide;3;5;-302,89;0,5920;0,80;10;0;1;2
526;DEATH;Suicide;3;6;-295,50;0,5914;0,50;12;1;1;2
527;DEATH;Suicide;3;5;-302,89;0,5908;0,40;13;0;1;2
528;DEATH;Suicide;3;8;-303,57;0,5902;0,75;18;0;1;2
529;DEATH;Suicide;3;5;-295,44;0,5896;0,60;10;1;1;2
530;DEATH;Suicide;3;7;-303,91;0,5890;0,57;14;0;1;2
531;DEATH;Suicide;3;17;-308,86;0,5885;0,71;11;0;3;6
532;DEATH;Suicide;3;4;-302,43;0,5879;0,75;14;0;1;2
533;DEATH;Suicide;3;7;-304,71;0,5873;0,14;12;0;2;4
534;DEATH;Suicide;3;4;-302,38;0,5867;0,25;12;0;2;2
535;DEATH;Suicide;3;6;-295,95;0,5861;0,50;15;1;1;2
536;DEATH;Suicide;3;11;-304,15;0,5855;0,73;11;1;1;2
537;DEATH;Suicide;3;4;-302,43;0,5849;0,00;12;0;2;2
538;DEATH;Suicide;3;4;-302,43;0,5843;0,25;13;0;2;2
539;DEATH;Suicide;3;5;-302,89;0,5838;0,60;11;0;2;2
540;DEATH;Suicide;3;4;-302,43;0,5832;0,50;9;0;1;2
541;DEATH;Suicide;3;6;-295,90;0,5826;0,83;11;1;1;2
542;DEATH;Suicide;3;17;-296,31;0,5820;0,71;10;3;3;6
543;DEATH;Suicide;3;9;-303,13;0,5814;0,67;11;1;2;2
544;DEATH;Suicide;3;4;-302,43;0,5808;0,00;11;0;1;2
545;DEATH;Suicide;3;5;-295,39;0,5803;0,80;14;1;1;2
546;DEATH;Suicide;3;4;-302,38;0,5797;0,75;10;0;1;2
547;DEATH;Suicide;3;11;-305,00;0,5791;0,45;10;1;3;4
548;DEATH;Suicide;3;4;-302,43;0,5785;0,50;16;0;1;2
549;DEATH;Suicide;3;4;-302,38;0,5780;0,00;11;0;2;2
550;DEATH;Suicide;3;4;-302,38;0,5774;0,50;8;0;1;2
551;DEATH;Suicide;3;9;-296,18;0,5768;0,89;8;2;1;2
552;DEATH;Suicide;3;8;-303,52;0,5762;0,75;14;0;2;2
553;DEATH;Suicide;3;5;-302,44;0,5756;0,80;8;0;1;2
554;DEATH;Suicide;3;5;-302,89;0,5751;0,60;9;0;1;2
555;DEATH;Suicide;3;13;-298,52;0,5745;0,62;13;2;3;4
556;DEATH;Suicide;3;9;-303,18;0,5739;0,78;10;1;2;2
557;DEATH;Suicide;3;4;-302,43;0,5733;0,25;10;0;2;2
558;DEATH;Suicide;3;9;-296,53;0,5728;0,67;11;2;2;2
559;DEATH;Suicide;3;5;-302,89;0,5722;0,80;12;0;1;2
560;DEATH;Suicide;3;4;-302,38;0,5716;0,50;12;0;2;2
561;DEATH;Suicide;3;4;-302,38;0,5711;0,50;12;0;1;2
562;DEATH;Suicide;3;4;-302,38;0,5705;0,00;13;0;2;2
563;DEATH;Suicide;3;4;-302,43;0,5699;0,25;14;0;2;2
564;DEATH;Suicide;3;5;-302,44;0,5693;1,00;7;0;2;2
565;DEATH;Suicide;3;7;-292,71;0,5688;0,29;15;2;3;4
566;DEATH;Suicide;3;9;-298,33;0,5682;0,56;10;2;2;4
567;DEATH;Suicide;3;4;-302,38;0,5676;0,50;14;0;1;2
568;DEATH;Suicide;3;13;-298,92;0,5671;0,62;13;2;3;4
569;DEATH;Suicide;3;8;-303,07;0,5665;0,88;8;0;1;2
570;DEATH;Suicide;3;4;-302,38;0,5659;0,50;9;0;1;2
571;DEATH;Suicide;3;9;-296,53;0,5654;0,56;15;2;1;2
572;DEATH;Suicide;3;4;-302,38;0,5648;0,50;12;0;2;2
573;DEATH;Suicide;3;5;-302,94;0,5642;0,60;13;0;1;2
574;DEATH;Suicide;3;9;-297,83;0,5637;0,67;12;1;2;4
575;DEATH;Suicide;3;14;-301,93;0,5631;0,43;13;2;2;4
576;DEATH;Suicide;3;7;-291,01;0,5625;0,71;16;2;1;2
577;DEATH;Suicide;3;10;-298,29;0,5620;0,30;15;3;3;4
578;DEATH;Suicide;3;4;-302,38;0,5614;0,75;15;0;1;2
579;DEATH;Suicide;3;4;-302,43;0,5609;0,50;13;0;1;2
580;DEATH;Suicide;3;4;-302,38;0,5603;0,50;7;0;2;2
581;DEATH;Suicide;3;4;-302,38;0,5597;0,50;13;0;2;2
582;DEATH;Suicide;3;5;-302,44;0,5592;0,60;8;0;1;2
583;DEATH;Suicide;3;5;-302,89;0,5586;0,80;14;0;1;2
584;DEATH;Suicide;3;5;-302,44;0,5581;0,60;10;0;1;2
585;DEATH;Suicide;3;4;-302,33;0,5575;0,75;11;0;2;2
586;DEATH;Suicide;3;11;-300,05;0,5569;0,45;12;1;4;6
587;DEATH;Suicide;3;4;-302,33;0,5564;0,25;15;0;2;2
588;DEATH;Suicide;3;4;-302,38;0,5558;0,50;9;0;2;2
589;DEATH;Suicide;3;4;-302,38;0,5553;1,00;15;0;1;2
590;DEATH;Suicide;3;5;-302,89;0,5547;0,40;10;0;1;2
591;DEATH;Suicide;3;6;-295,95;0,5542;0,67;8;1;1;2
592;DEATH;Suicide;3;5;-302,49;0,5536;0,40;12;0;2;2
593;DEATH;Suicide;3;4;-302,43;0,5531;0,50;14;0;2;2
594;DEATH;Suicide;3;5;-302,89;0,5525;0,40;15;0;2;2
595;DEATH;Suicide;3;6;-302,50;0,5520;0,50;12;0;1;2
596;DEATH;Suicide;3;4;-302,38;0,5514;0,75;7;0;1;2
597;DEATH;Suicide;3;5;-302,89;0,5509;0,40;12;0;2;2
598;DEATH;Suicide;3;4;-302,38;0,5503;0,00;12;0;1;2
599;DEATH;Suicide;3;4;-302,33;0,5498;0,25;8;0;2;2
600;DEATH;Suicide;3;4;-302,33;0,5492;0,75;10;0;2;2
601;DEATH;Suicide;3;4;-302,38;0,5487;0,75;13;0;1;2
602;DEATH;Suicide;3;8;-304,77;0,5481;0,38;12;0;2;4
603;DEATH;Suicide;3;4;-302,38;0,5476;0,50;13;0;1;2
604;DEATH;Suicide;3;6;-295,90;0,5470;0,50;16;1;1;2
605;DEATH;Suicide;3;4;-302,38;0,5465;0,25;7;0;2;2
606;DEATH;Suicide;3;10;-296,24;0,5459;0,50;11;3;2;2
607;DEATH;Suicide;3;5;-302,39;0,5454;0,60;14;0;2;2
608;DEATH;Suicide;3;4;-302,43;0,5448;0,50;12;0;1;2
609;DEATH;Suicide;3;7;-302,96;0,5443;0,57;15;0;1;2
610;DEATH;Suicide;3;4;-302,43;0,5437;0,50;13;0;1;2
611;DEATH;Suicide;3;4;-302,43;0,5432;0,75;12;0;1;2
612;DEATH;Suicide;3;10;-305,74;0,5426;0,40;11;0;3;4
613;DEATH;Suicide;3;4;-302,38;0,5421;0,50;10;0;2;2
614;DEATH;Suicide;3;4;-302,43;0,5416;0,25;13;0;2;2
615;DEATH;Suicide;3;11;-304,90;0,5410;0,55;15;1;2;4
616;DEATH;Suicide;3;4;-302,38;0,5405;0,00;14;0;2;2
617;DEATH;Suicide;3;4;-302,38;0,5399;0,50;14;0;1;2
618;DEATH;Suicide;3;14;-304,73;0,5394;0,43;11;1;2;2
619;DEATH;Suicide;3;5;-302,94;0,5389;0,60;14;0;1;2
620;DEATH;Suicide;3;4;-302,38;0,5383;0,50;13;0;2;2
621;DEATH;Suicide;3;4;-302,38;0,5378;0,50;14;0;2;2
622;DEATH;Suicide;3;5;-302,94;0,5372;0,20;14;0;1;2
623;DEATH;Suicide;3;4;-302,38;0,5367;0,25;12;0;1;2
624;DEATH;Suicide;3;4;-302,43;0,5362;0,50;13;0;2;2
625;DEATH;Suicide;3;5;-302,49;0,5356;0,80;9;0;1;2
626;DEATH;Suicide;3;11;-298,40;0,5351;0,82;13;2;2;4
627;DEATH;Suicide;3;7;-296,41;0,5346;0,71;13;1;1;2
628;DEATH;Suicide;3;5;-302,94;0,5340;0,20;12;0;2;2
629;DEATH;Suicide;3;4;-302,38;0,5335;0,75;13;0;1;2
630;DEATH;Suicide;3;4;-302,43;0,5330;0,25;12;0;2;2
631;DEATH;Suicide;3;7;-303,06;0,5324;0,71;11;0;2;2
632;DEATH;Suicide;3;4;-302,38;0,5319;0,25;13;0;2;2
633;DEATH;Suicide;3;4;-302,38;0,5314;0,25;10;0;1;2
634;DEATH;Suicide;3;4;-302,38;0,5308;1,00;11;0;2;2
635;DEATH;Suicide;3;4;-302,33;0,5303;0,25;10;0;1;2
636;DEATH;Suicide;3;4;-302,33;0,5298;0,00;9;0;2;2
637;DEATH;Suicide;3;4;-302,33;0,5292;0,25;11;0;1;2
638;DEATH;Suicide;3;15;-299,09;0,5287;0,87;15;2;2;4
639;DEATH;Suicide;3;4;-302,33;0,5282;0,00;14;0;1;2
640;DEATH;Suicide;3;5;-295,39;0,5277;0,60;16;1;1;2
641;DEATH;Suicide;3;4;-302,38;0,5271;0,50;11;0;1;2
642;DEATH;Suicide;3;7;-297,71;0,5266;0,43;10;1;3;4
643;DEATH;Suicide;3;4;-302,33;0,5261;1,00;15;0;1;2
644;DEATH;Suicide;3;6;-302,55;0,5255;0,83;12;0;1;2
645;DEATH;Suicide;3;5;-302,89;0,5250;0,60;14;0;1;2
646;DEATH;Suicide;3;4;-302,38;0,5245;0,50;14;0;1;2
647;DEATH;Suicide;3;5;-295,44;0,5240;0,60;11;1;2;2
648;DEATH;Suicide;3;5;-295,39;0,5234;0,20;11;1;1;2
649;DEATH;Suicide;3;4;-302,33;0,5229;0,50;13;0;1;2
650;DEATH;Suicide;3;5;-302,44;0,5224;0,60;11;0;1;2
651;DEATH;Suicide;3;6;-295,95;0,5219;0,67;14;1;1;2
652;DEATH;Suicide;3;4;-302,38;0,5214;0,50;11;0;1;2
653;DEATH;Suicide;3;4;-302,43;0,5208;0,00;12;0;2;2
654;DEATH;Suicide;3;5;-295,44;0,5203;0,60;14;1;2;2
655;DEATH;Suicide;3;4;-302,43;0,5198;0,50;15;0;2;2
656;DEATH;Suicide;3;4;-302,33;0,5193;0,50;11;0;1;2
657;DEATH;Suicide;3;6;-290,45;0,5188;0,50;13;2;1;2
658;DEATH;Suicide;3;4;-302,33;0,5182;0,25;12;0;2;2
659;DEATH;Suicide;3;7;-296,41;0,5177;0,57;14;1;1;2
660;DEATH;Suicide;3;5;-302,89;0,5172;0,60;15;0;1;2
661;DEATH;Suicide;3;5;-302,44;0,5167;0,60;11;0;2;2
662;DEATH;Suicide;3;4;-302,38;0,5162;0,50;15;0;2;2
663;DEATH;Suicide;3;5;-295,49;0,5157;0,40;16;1;2;2
664;DEATH;Suicide;3;4;-302,38;0,5151;0,00;10;0;2;2
665;DEATH;Suicide;3;5;-302,49;0,5146;0,80;7;0;2;2
666;DEATH;Suicide;3;4;-302,33;0,5141;0,25;12;0;2;2
667;DEATH;Suicide;3;5;-302,49;0,5136;0,40;13;0;1;2
668;DEATH;Suicide;3;9;-303,58;0,5131;0,67;11;0;2;2
669;DEATH;Suicide;3;7;-297,71;0,5126;0,29;10;1;2;4
670;DEATH;Suicide;3;4;-302,38;0,5121;0,50;7;0;1;2
671;DEATH;Suicide;3;4;-302,43;0,5115;0,25;12;0;1;2
672;DEATH;Suicide;3;4;-302,38;0,5110;0,50;8;0;1;2
673;DEATH;Suicide;3;8;-297,77;0,5105;0,50;12;1;2;4
674;DEATH;Suicide;3;4;-302,43;0,5100;0,50;10;0;2;2
675;DEATH;Suicide;3;4;-302,38;0,5095;0,00;11;0;1;2
676;DEATH;Suicide;3;15;-294,14;0,5090;0,53;14;3;3;4
677;DEATH;Suicide;3;7;-292,71;0,5085;0,43;16;2;2;4
678;DEATH;Suicide;3;5;-295,39;0,5080;0,40;15;1;1;2
679;DEATH;Suicide;3;11;-305,80;0,5075;0,64;10;1;3;4
680;DEATH;Suicide;3;4;-302,43;0,5070;0,00;7;0;2;2
681;DEATH;Suicide;3;4;-302,38;0,5064;0,50;14;0;2;2
682;DEATH;Suicide;3;5;-302,89;0,5059;0,60;12;0;2;2
683;DEATH;Suicide;3;4;-302,38;0,5054;0,50;14;0;2;2
684;DEATH;Suicide;3;4;-302,38;0,5049;0,50;10;0;1;2
685;DEATH;Suicide;3;4;-302,38;0,5044;0,50;8;0;2;2
686;DEATH;Suicide;3;4;-302,33;0,5039;0,75;11;0;1;2
687;DEATH;Suicide;3;4;-302,43;0,5034;0,25;10;0;2;2
688;DEATH;Suicide;3;4;-302,33;0,5029;0,75;11;0;1;2
689;DEATH;Suicide;3;4;-302,38;0,5024;0,75;13;0;2;2
690;DEATH;Suicide;3;9;-303,18;0,5019;0,56;16;1;1;2
691;DEATH;Suicide;3;13;-304,27;0,5014;0,54;10;1;2;2
692;DEATH;Suicide;3;6;-303,00;0,5009;0,67;11;0;2;2
693;DEATH;Suicide;3;14;-300,68;0,5004;0,14;13;2;4;6
694;DEATH;Suicide;3;5;-295,39;0,4999;0,60;12;1;1;2
695;DEATH;Suicide;3;4;-302,43;0,4994;0,25;9;0;1;2
696;DEATH;Suicide;3;12;-293,41;0,4989;0,58;12;3;2;4
697;DEATH;Suicide;3;22;-301,76;0,4984;0,68;17;4;2;4
698;DEATH;Suicide;3;5;-302,89;0,4979;0,20;11;0;2;2
699;DEATH;Suicide;3;5;-302,89;0,4974;0,40;13;0;2;2
700;DEATH;Suicide;3;14;-307,23;0,4969;0,50;11;1;3;6
701;DEATH;Suicide;3;9;-302,73;0,4964;0,56;11;1;1;2
702;DEATH;Suicide;3;4;-302,38;0,4959;0,50;11;0;2;2
703;DEATH;Suicide;3;4;-302,38;0,4954;0,50;13;0;1;2
704;DEATH;Suicide;3;5;-302,44;0,4949;0,60;17;0;1;2
705;DEATH;Suicide;3;5;-295,44;0,4944;0,60;12;1;1;2
706;DEATH;Suicide;3;8;-303,07;0,4939;0,63;9;0;1;2
707;DEATH;Suicide;3;4;-302,43;0,4934;0,75;12;0;1;2
708;DEATH;Suicide;3;10;-304,94;0,4930;0,30;11;1;3;4
709;DEATH;Suicide;3;4;-302,43;0,4925;0,50;13;0;1;2
710;DEATH;Suicide;3;4;-302,33;0,4920;0,50;12;0;2;2
711;DEATH;Suicide;3;4;-302,38;0,4915;0,25;15;0;2;2
712;DEATH;Suicide;3;4;-302,43;0,4910;0,50;16;0;1;2
713;DEATH;Suicide;3;6;-295,50;0,4905;0,50;13;1;1;2
714;DEATH;Suicide;3;12;-305,41;0,4900;0,50;6;2;2;4
715;DEATH;Suicide;3;9;-304,83;0,4895;0,67;10;1;2;4
716;DEATH;Suicide;3;4;-302,33;0,4890;0,25;11;0;1;2
717;DEATH;Suicide;3;4;-302,33;0,4885;0,25;9;0;1;2
718;DEATH;Suicide;3;4;-302,38;0,4880;0,25;11;0;1;2
719;DEATH;Suicide;3;4;-302,38;0,4876;0,50;7;0;1;2
720;DEATH;Suicide;3;4;-302,38;0,4871;0,25;11;0;2;2
721;DEATH;Suicide;3;4;-302,38;0,4866;0,75;16;0;1;2
722;DEATH;Suicide;3;4;-302,38;0,4861;0,25;16;0;2;2
723;DEATH;Suicide;3;4;-302,38;0,4856;0,50;14;0;1;2
724;DEATH;Suicide;3;4;-302,33;0,4851;1,00;10;0;1;2
725;DEATH;Suicide;3;11;-305,45;0,4846;0,27;11;2;3;4
726;DEATH;Suicide;3;7;-297,66;0,4842;0,14;8;1;2;4
727;DEATH;Suicide;3;8;-293,27;0,4837;0,50;13;2;3;4
728;DEATH;Suicide;3;5;-302,94;0,4832;0,40;12;0;1;2
729;DEATH;Suicide;3;4;-302,38;0,4827;0,75;11;0;1;2
730;DEATH;Suicide;3;7;-304,76;0,4822;0,43;10;0;2;4
731;DEATH;Suicide;3;4;-302,43;0,4817;0,25;12;0;2;2
732;DEATH;Suicide;3;5;-295,39;0,4813;0,60;15;1;2;2
733;DEATH;Suicide;3;5;-295,44;0,4808;0,40;12;1;1;2
734;DEATH;Suicide;3;4;-302,43;0,4803;0,25;13;0;2;2
735;DEATH;Suicide;3;4;-302,38;0,4798;0,25;15;0;2;2
736;DEATH;Suicide;3;9;-298,28;0,4793;0,44;16;2;3;4
737;DEATH;Suicide;3;4;-302,38;0,4789;0,50;12;0;2;2
738;DEATH;Suicide;3;4;-302,38;0,4784;0,25;12;0;1;2
739;DEATH;Suicide;3;5;-302,89;0,4779;0,40;10;0;2;2
740;DEATH;Suicide;3;4;-302,43;0,4774;0,25;13;0;1;2
741;DEATH;Suicide;3;4;-302,43;0,4769;0,25;12;0;2;2
742;DEATH;Suicide;3;4;-302,38;0,4765;0,25;9;0;1;2
743;DEATH;Suicide;3;11;-292,90;0,4760;0,55;11;2;2;4
744;DEATH;Suicide;3;4;-302,38;0,4755;0,00;12;0;2;2
745;DEATH;Suicide;3;4;-302,38;0,4750;0,50;12;0;1;2
746;DEATH;Suicide;3;4;-302,38;0,4746;0,75;13;0;2;2
747;DEATH;Suicide;3;4;-302,38;0,4741;0,25;10;0;2;2
748;DEATH;Suicide;3;4;-302,38;0,4736;0,50;9;0;1;2
749;DEATH;Suicide;3;4;-302,38;0,4731;0,75;13;0;1;2
750;DEATH;Suicide;3;4;-302,38;0,4727;0,25;14;0;1;2
751;DEATH;Suicide;3;11;-305,40;0,4722;0,64;13;1;2;4
752;DEATH;Suicide;3;16;-305,70;0,4717;0,63;8;1;3;4
753;DEATH;Suicide;3;4;-302,43;0,4713;0,50;13;0;1;2
754;DEATH;Suicide;3;4;-302,38;0,4708;0,50;11;0;1;2
755;DEATH;Suicide;3;7;-297,76;0,4703;0,29;16;1;2;4
756;DEATH;Suicide;3;4;-302,33;0,4698;1,00;9;0;1;2
757;DEATH;Suicide;3;4;-302,38;0,4694;0,00;12;0;1;2
758;DEATH;Suicide;3;10;-293,04;0,4689;0,60;12;2;4;6
759;DEATH;Suicide;3;4;-302,33;0,4684;0,50;13;0;2;2
760;DEATH;Suicide;3;10;-305,79;0,4680;0,50;9;1;2;4
761;DEATH;Suicide;3;4;-302,38;0,4675;0,50;9;0;1;2
762;DEATH;Suicide;3;4;-302,38;0,4670;0,50;12;0;1;2
763;DEATH;Suicide;3;11;-305,40;0,4666;0,36;10;1;2;4
764;DEATH;Suicide;3;6;-295,95;0,4661;0,50;11;1;2;2
765;DEATH;Suicide;3;11;-305,45;0,4656;0,55;11;1;3;4
766;DEATH;Suicide;3;12;-297,16;0,4652;0,58;12;2;2;2
767;DEATH;Suicide;3;6;-295,95;0,4647;0,50;15;1;2;2
768;DEATH;Suicide;3;5;-302,44;0,4642;0,60;11;0;2;2
769;DEATH;Suicide;3;4;-302,38;0,4638;0,25;10;0;2;2
770;DEATH;Suicide;3;4;-302,38;0,4633;0,50;6;0;1;2
771;DEATH;Suicide;3;4;-302,43;0,4628;0,00;15;0;2;2
772;DEATH;Suicide;3;5;-302,89;0,4624;0,20;8;0;2;2
773;DEATH;Suicide;3;7;-297,71;0,4619;0,29;12;1;3;4
774;DEATH;Suicide;3;4;-302,33;0,4615;0,25;6;0;1;2
775;DEATH;Suicide;3;15;-296,94;0,4610;0,40;13;2;1;2
776;DEATH;Suicide;3;17;-301,36;0,4605;0,53;11;3;3;6
777;DEATH;Suicide;3;4;-302,43;0,4601;0,50;12;0;1;2
778;DEATH;Suicide;3;6;-295,90;0,4596;0,50;11;1;2;2
779;DEATH;Suicide;3;9;-297,78;0,4591;0,33;8;1;3;4
780;DEATH;Suicide;3;4;-302,38;0,4587;0,25;10;0;1;2
781;DEATH;Suicide;3;5;-302,89;0,4582;0,40;11;0;2;2
782;DEATH;Suicide;3;5;-295,44;0,4578;0,40;13;1;2;2
783;DEATH;Suicide;3;4;-302,38;0,4573;0,25;11;0;1;2
784;DEATH;Suicide;3;4;-302,38;0,4569;0,25;11;0;2;2
785;DEATH;Suicide;3;4;-302,38;0,4564;0,50;8;0;2;2
786;DEATH;Suicide;3;4;-302,38;0,4559;0,75;17;0;1;2
787;DEATH;Suicide;3;4;-302,38;0,4555;0,75;13;0;1;2
788;DEATH;Suicide;3;5;-295,44;0,4550;0,60;10;1;1;2
789;DEATH;Suicide;3;6;-302,55;0,4546;0,83;10;0;1;2
790;DEATH;Suicide;3;4;-302,38;0,4541;0,00;11;0;2;2
791;DEATH;Suicide;3;4;-302,43;0,4537;0,25;11;0;2;2
792;DEATH;Suicide;3;5;-302,44;0,4532;0,20;14;0;2;2
793;DEATH;Suicide;3;8;-298,27;0,4528;0,38;14;1;2;4
794;DEATH;Suicide;3;9;-305,33;0,4523;0,56;14;1;3;4
795;DEATH;Suicide;3;7;-297,71;0,4519;0,29;9;1;2;4
796;DEATH;Suicide;3;7;-303,01;0,4514;0,86;13;0;1;2
797;DEATH;Suicide;3;8;-290,72;0,4510;0,63;14;2;2;4
798;DEATH;Suicide;3;7;-297,71;0,4505;0,29;13;1;2;4
799;DEATH;Suicide;3;6;-302,50;0,4501;0,67;14;0;1;2
800;DEATH;Suicide;3;5;-302,49;0,4496;0,40;10;0;1;2
801;DEATH;Suicide;3;17;-307,56;0,4492;0,53;14;2;2;4
802;DEATH;Suicide;3;5;-302,44;0,4487;0,40;6;0;2;2
803;DEATH;Suicide;3;14;-282,53;0,4483;0,57;12;6;3;4
804;DEATH;Suicide;3;5;-302,89;0,4478;0,40;8;0;2;2
805;DEATH;Suicide;3;9;-285,83;0,4474;0,22;9;3;2;4
806;DEATH;Suicide;3;4;-302,38;0,4469;0,25;10;0;1;2
807;DEATH;Suicide;3;5;-302,49;0,4465;0,40;12;0;1;2
808;DEATH;Suicide;3;4;-302,38;0,4460;0,25;9;0;1;2
809;DEATH;Suicide;3;5;-302,89;0,4456;0,40;14;0;2;2
810;DEATH;Suicide;3;4;-302,38;0,4451;0,00;12;0;1;2
811;DEATH;Suicide;3;9;-298,78;0,4447;0,56;12;1;2;4
812;DEATH;Suicide;3;9;-297,83;0,4442;0,11;8;1;2;4
813;DEATH;Suicide;3;5;-295,39;0,4438;0,60;12;1;2;2
814;DEATH;Suicide;3;4;-302,43;0,4433;0,50;14;0;1;2
815;DEATH;Suicide;3;9;-304,83;0,4429;0,56;15;1;2;4
816;DEATH;Suicide;3;7;-297,76;0,4425;0,43;9;1;3;4
817;DEATH;Suicide;3;4;-302,38;0,4420;0,25;13;0;1;2
818;DEATH;Suicide;3;5;-302,89;0,4416;1,00;8;0;1;2
819;DEATH;Suicide;3;4;-302,43;0,4411;0,00;10;0;2;2
820;DEATH;Suicide;3;13;-308,17;0,4407;0,23;13;1;3;6
821;DEATH;Suicide;3;8;-290,72;0,4403;0,75;12;2;2;4
822;DEATH;Suicide;3;4;-302,38;0,4398;0,75;13;0;1;2
823;DEATH;Suicide;3;14;-306,93;0,4394;0,57;12;2;3;4
824;DEATH;Suicide;3;5;-295,44;0,4389;0,20;15;1;2;2
825;DEATH;Suicide;3;4;-302,43;0,4385;0,50;14;0;2;2
826;DEATH;Suicide;3;4;-302,38;0,4381;0,25;10;0;2;2
827;DEATH;Suicide;3;9;-297,83;0,4376;0,33;9;1;2;4
828;DEATH;Suicide;3;4;-302,38;0,4372;0,25;15;0;1;2
829;DEATH;Suicide;3;4;-302,38;0,4367;0,25;15;0;1;2
830;DEATH;Suicide;3;6;-290,45;0,4363;0,50;14;2;1;2
831;DEATH;Suicide;3;4;-302,38;0,4359;0,75;13;0;2;2
832;DEATH;Suicide;3;4;-302,38;0,4354;1,00;13;0;1;2
833;DEATH;Suicide;3;4;-302,43;0,4350;1,00;13;0;2;2
834;DEATH;Suicide;3;4;-302,38;0,4346;0,50;13;0;1;2
835;DEATH;Suicide;3;4;-302,38;0,4341;0,25;10;0;2;2
836;DEATH;Suicide;3;7;-292,71;0,4337;0,29;11;2;2;4
837;DEATH;Suicide;3;11;-298,85;0,4333;0,27;12;2;3;4
838;DEATH;Suicide;3;13;-307,22;0,4328;0,31;11;1;3;6
839;DEATH;Suicide;3;4;-302,38;0,4324;0,50;12;0;2;2
840;DEATH;Suicide;3;8;-304,77;0,4320;0,25;11;0;3;4
841;DEATH;Suicide;3;6;-290,55;0,4315;0,67;12;2;1;2
842;DEATH;Suicide;3;5;-295,39;0,4311;0,40;16;1;1;2
843;DEATH;Suicide;3;4;-302,33;0,4307;0,75;14;0;1;2
844;DEATH;Suicide;3;9;-302,73;0,4302;1,00;13;1;1;2
845;DEATH;Suicide;3;5;-295,39;0,4298;0,20;11;1;2;2
846;DEATH;Suicide;3;5;-295,39;0,4294;0,60;16;1;2;2
847;DEATH;Suicide;3;4;-302,38;0,4290;0,00;10;0;2;2
848;DEATH;Suicide;3;4;-302,43;0,4285;0,50;11;0;1;2
849;DEATH;Suicide;3;4;-302,38;0,4281;0,25;15;0;2;2
850;DEATH;Suicide;3;4;-302,38;0,4277;0,75;14;0;2;2
851;DEATH;Suicide;3;8;-297,72;0,4272;0,50;13;1;3;4
852;DEATH;Suicide;3;4;-302,38;0,4268;0,50;13;0;2;2
853;DEATH;Suicide;3;4;-302,43;0,4264;0,50;9;0;1;2
854;DEATH;Suicide;3;7;-304,71;0,4260;0,29;10;0;2;4
855;DEATH;Suicide;3;8;-304,77;0,4255;0,25;11;0;3;4
856;DEATH;Suicide;3;4;-302,38;0,4251;0,50;9;0;2;2
857;DEATH;Suicide;3;4;-302,43;0,4247;0,50;13;0;1;2
858;DEATH;Suicide;3;4;-302,38;0,4243;0,50;12;0;1;2
859;DEATH;Suicide;3;4;-302,38;0,4238;0,25;9;0;2;2
860;DEATH;Suicide;3;4;-302,38;0,4234;0,25;7;0;2;2
861;DEATH;Suicide;3;14;-297,53;0,4230;0,36;11;1;2;4
862;DEATH;Suicide;3;10;-303,19;0,4226;0,50;9;1;1;2
863;DEATH;Suicide;3;6;-302,55;0,4221;0,33;10;0;1;2
864;DEATH;Suicide;3;4;-302,38;0,4217;0,50;15;0;2;2
865;DEATH;Suicide;3;5;-302,89;0,4213;0,20;9;0;2;2
866;DEATH;Suicide;3;4;-302,38;0,4209;0,50;10;0;1;2
867;DEATH;Suicide;3;13;-303,37;0,4205;0,38;12;1;1;2
868;DEATH;Suicide;3;6;-302,55;0,4200;0,83;11;0;1;2
869;DEATH;Suicide;3;4;-302,43;0,4196;0,25;11;0;2;2
870;DEATH;Suicide;3;6;-302,50;0,4192;0,33;16;0;1;2
871;DEATH;Suicide;3;16;-301,30;0,4188;0,50;9;2;3;6
872;DEATH;Suicide;3;4;-302,43;0,4184;0,25;12;0;2;2
873;DEATH;Suicide;3;9;-298,23;0,4179;0,33;12;2;3;4
874;DEATH;Suicide;3;4;-302,43;0,4175;0,50;16;0;1;2
875;DEATH;Suicide;3;4;-302,38;0,4171;0,00;11;0;2;2
876;DEATH;Suicide;3;45;-281,04;0,4167;0,42;8;4;5;11
877;DEATH;Suicide;3;4;-302,38;0,4163;0,25;11;0;2;2
878;DEATH;Suicide;3;4;-302,38;0,4159;0,50;14;0;1;2
879;DEATH;Suicide;3;4;-302,33;0,4154;0,75;12;0;1;2
880;DEATH;Suicide;3;4;-302,38;0,4150;0,00;15;0;2;2
881;DEATH;Suicide;3;4;-302,43;0,4146;0,25;6;0;1;2
882;DEATH;Suicide;3;4;-302,43;0,4142;0,25;12;0;1;2
883;DEATH;Suicide;3;5;-302,44;0,4138;0,40;11;0;2;2
884;DEATH;Suicide;3;9;-305,28;0,4134;0,33;12;1;2;4
885;DEATH;Suicide;3;9;-290,78;0,4129;0,33;10;2;2;4
886;DEATH;Suicide;3;5;-302,89;0,4125;0,20;10;0;1;2
887;DEATH;Suicide;3;23;-300,02;0,4121;0,52;14;5;2;4
888;DEATH;Suicide;3;4;-302,38;0,4117;0,25;7;0;2;2
889;DEATH;Suicide;3;5;-302,44;0,4113;0,40;11;0;1;2
890;DEATH;Suicide;3;5;-302,44;0,4109;0,60;12;0;1;2
891;DEATH;Suicide;3;6;-302,95;0,4105;0,67;9;0;1;2
892;DEATH;Suicide;3;4;-302,43;0,4101;0,50;11;0;1;2
893;DEATH;Suicide;3;4;-302,38;0,4097;0,75;13;0;1;2
894;DEATH;Suicide;3;9;-293,68;0,4092;0,33;15;3;2;4
895;DEATH;Suicide;3;6;-295,50;0,4088;0,50;12;1;1;2
896;DEATH;Suicide;3;4;-302,43;0,4084;0,25;10;0;2;2
897;DEATH;Suicide;3;4;-302,43;0,4080;0,25;8;0;2;2
898;DEATH;Suicide;3;5;-302,44;0,4076;0,20;14;0;2;2
899;DEATH;Suicide;3;20;-290,49;0,4072;0,50;14;7;1;2
900;DEATH;Suicide;3;4;-302,43;0,4068;0,00;9;0;2;2
901;DEATH;Suicide;3;6;-302,55;0,4064;0,50;10;0;1;2
902;DEATH;Suicide;3;6;-295,55;0,4060;1,00;6;1;1;2
903;DEATH;Suicide;3;4;-302,43;0,4056;0,75;15;0;1;2
904;DEATH;Suicide;3;4;-302,43;0,4052;0,25;12;0;1;2
905;DEATH;Suicide;3;7;-296,46;0,4048;0,71;14;1;2;2
906;DEATH;Suicide;3;4;-302,38;0,4044;0,25;13;0;2;2
907;DEATH;Suicide;3;4;-302,38;0,4040;0,00;11;0;2;2
908;DEATH;Suicide;3;10;-305,79;0,4036;0,60;12;1;2;4
909;DEATH;Suicide;3;4;-302,43;0,4032;0,50;12;0;2;2
910;DEATH;Suicide;3;4;-302,43;0,4027;0,25;7;0;1;2
911;DEATH;Suicide;3;4;-302,38;0,4023;0,00;12;0;2;2
912;DEATH;Suicide;3;4;-302,38;0,4019;0,50;14;0;1;2
913;DEATH;Suicide;3;10;-303,24;0,4015;0,30;11;1;1;2
914;DEATH;Suicide;3;4;-302,43;0,4011;0,50;16;0;1;2
915;DEATH;Suicide;3;4;-302,38;0,4007;0,00;10;0;1;2
916;DEATH;Suicide;3;19;-302,88;0,4003;0,42;14;3;2;4
917;DEATH;Suicide;3;4;-302,38;0,3999;0,75;11;0;1;2
918;DEATH;Suicide;3;5;-295,39;0,3995;0,40;11;1;1;2
919;DEATH;Suicide;3;8;-297,82;0,3991;0,38;10;1;3;4
920;DEATH;Suicide;3;11;-298,35;0,3987;0,18;10;2;2;4
921;DEATH;Suicide;3;4;-302,38;0,3983;0,75;12;0;1;2
922;DEATH;Suicide;3;5;-295,39;0,3979;0,80;15;1;1;2
923;DEATH;Suicide;3;4;-302,43;0,3975;0,25;14;0;2;2
924;DEATH;Suicide;3;4;-302,38;0,3971;0,75;7;0;2;2
925;DEATH;Suicide;3;4;-302,38;0,3967;0,75;13;0;2;2
926;DEATH;Suicide;3;5;-302,94;0,3964;0,60;15;0;1;2
927;DEATH;Suicide;3;4;-302,43;0,3960;0,00;15;0;2;2
928;DEATH;Suicide;3;9;-303,18;0,3956;0,56;13;1;1;2
929;DEATH;Suicide;3;16;-298,75;0,3952;0,38;12;1;3;4
930;DEATH;Suicide;3;5;-302,94;0,3948;0,20;12;0;2;2
931;DEATH;Suicide;3;9;-297,53;0,3944;0,56;12;2;1;2
932;DEATH;Suicide;3;5;-295,49;0,3940;0,40;14;1;1;2
933;DEATH;Suicide;3;9;-296,58;0,3936;0,56;13;2;1;2
934;DEATH;Suicide;3;4;-302,43;0,3932;0,25;10;0;1;2
935;DEATH;Suicide;3;8;-297,72;0,3928;0,50;7;1;2;4
936;DEATH;Suicide;3;5;-295,39;0,3924;0,40;10;1;2;2
937;DEATH;Suicide;3;4;-302,38;0,3920;0,25;14;0;2;2
938;DEATH;Suicide;3;4;-302,43;0,3916;0,75;8;0;1;2
939;DEATH;Suicide;3;11;-287,90;0,3912;0,64;13;3;3;4
940;DEATH;Suicide;3;4;-302,38;0,3908;0,25;13;0;1;2
941;DEATH;Suicide;3;18;-306,72;0,3904;0,44;12;1;2;4
942;DEATH;Suicide;3;4;-302,38;0,3901;0,75;11;0;2;2
943;DEATH;Suicide;3;4;-302,43;0,3897;0,25;14;0;2;2
944;DEATH;Suicide;3;7;-297,71;0,3893;0,29;9;1;3;4
945;DEATH;Suicide;3;4;-302,38;0,3889;0,75;13;0;1;2
946;DEATH;Suicide;3;4;-302,43;0,3885;0,50;11;0;1;2
947;DEATH;Suicide;3;4;-302,43;0,3881;0,25;14;0;1;2
948;DEATH;Suicide;3;4;-302,43;0,3877;1,00;12;0;1;2
949;DEATH;Suicide;3;5;-295,49;0,3873;0,60;10;1;1;2
950;DEATH;Suicide;3;27;-309,76;0,3869;0,41;7;3;4;6
951;DEATH;Suicide;3;14;-306,03;0,3866;0,43;11;1;2;4
952;DEATH;Suicide;3;9;-305,33;0,3862;0,44;16;1;3;4
953;DEATH;Suicide;3;4;-302,43;0,3858;0,50;6;0;1;2
954;DEATH;Suicide;3;9;-298,28;0,3854;0,44;12;1;3;4
955;DEATH;Suicide;3;4;-302,38;0,3850;0,25;9;0;2;2
956;DEATH;Suicide;3;19;-309,43;0,3846;0,42;12;3;3;6
957;DEATH;Suicide;3;5;-302,89;0,3842;0,60;12;0;1;2
958;DEATH;Suicide;3;4;-302,43;0,3839;0,75;12;0;1;2
959;DEATH;Suicide;3;4;-302,38;0,3835;0,25;11;0;2;2
960;DEATH;Suicide;3;5;-302,44;0,3831;0,40;10;0;2;2
961;DEATH;Suicide;3;4;-302,43;0,3827;0,50;8;0;1;2
962;DEATH;Suicide;3;8;-297,77;0,3823;0,25;12;1;2;4
963;DEATH;Suicide;3;16;-307,05;0,3819;0,56;8;1;2;4
964;DEATH;Suicide;3;4;-302,43;0,3816;0,50;10;0;2;2
965;DEATH;Suicide;3;8;-304,77;0,3812;0,38;13;0;3;4
966;DEATH;Suicide;3;5;-295,39;0,3808;0,40;18;1;2;2
967;DEATH;Suicide;3;22;-299,36;0,3804;0,32;12;4;5;10
968;DEATH;Suicide;3;7;-292,66;0,3800;0,29;13;2;2;4
969;DEATH;Suicide;3;5;-295,39;0,3797;0,40;13;1;2;2
970;DEATH;Suicide;3;15;-302,49;0,3793;0,27;8;1;4;8
971;DEATH;Suicide;3;4;-302,43;0,3789;0,25;10;0;2;2
972;DEATH;Suicide;3;4;-302,38;0,3785;0,25;14;0;1;2
973;DEATH;Suicide;3;7;-297,71;0,3781;0,14;10;1;2;4
974;DEATH;Suicide;3;17;-306,01;0,3778;0,41;10;1;1;2
975;DEATH;Suicide;3;4;-302,38;0,3774;0,25;12;0;2;2
976;DEATH;Suicide;3;4;-302,38;0,3770;0,50;12;0;1;2
977;DEATH;Suicide;3;7;-297,71;0,3766;0,57;9;1;2;4
978;DEATH;Suicide;3;5;-302,44;0,3763;0,60;11;0;2;2
979;DEATH;Suicide;3;5;-295,39;0,3759;0,60;14;1;1;2
980;DEATH;Suicide;3;4;-302,38;0,3755;0,25;7;0;1;2
981;DEATH;Suicide;3;5;-302,89;0,3751;0,40;9;0;2;2
982;DEATH;Suicide;3;4;-302,38;0,3748;0,25;18;0;2;2
983;DEATH;Suicide;3;4;-302,43;0,3744;0,00;14;0;2;2
984;DEATH;Suicide;3;4;-302,43;0,3740;0,25;14;0;2;2
985;DEATH;Suicide;3;5;-302,44;0,3736;0,60;10;0;2;2
986;DEATH;Suicide;3;7;-292,66;0,3733;0,00;15;2;2;4
987;DEATH;Suicide;3;4;-302,38;0,3729;0,25;11;0;1;2
988;DEATH;Suicide;3;4;-302,38;0,3725;0,25;10;0;2;2
989;DEATH;Suicide;3;4;-302,43;0,3721;0,50;15;0;1;2
990;DEATH;Suicide;3;10;-298,34;0,3718;0,30;7;2;3;4
991;DEATH;Suicide;3;4;-302,43;0,3714;0,75;16;0;1;2
992;DEATH;Suicide;3;4;-302,38;0,3710;0,25;8;0;1;2
993;DEATH;Suicide;3;6;-295,90;0,3707;0,33;12;1;2;2
994;DEATH;Suicide;3;4;-302,33;0,3703;0,50;14;0;1;2
995;DEATH;Suicide;3;4;-302,38;0,3699;0,75;13;0;2;2
996;DEATH;Suicide;3;4;-302,38;0,3695;0,25;12;0;1;2
997;DEATH;Suicide;3;7;-304,71;0,3692;0,57;8;0;2;4
998;DEATH;Suicide;3;4;-302,43;0,3688;0,75;9;0;1;2
999;DEATH;Suicide;3;9;-292,08;0,3684;0,56;11;2;1;2
1000;DEATH;Suicide;3;4;-302,43;0,3681;0,50;9;0;2;2
1001;DEATH;Suicide;3;4;-302,43;0,3677;1,00;10;0;1;2
1002;DEATH;Suicide;3;4;-302,43;0,3673;0,50;11;0;1;2
1003;DEATH;Suicide;3;4;-302,38;0,3670;0,00;11;0;2;2
1004;DEATH;Suicide;3;4;-302,38;0,3666;0,25;14;0;1;2
1005;DEATH;Suicide;3;4;-302,38;0,3662;0,00;14;0;2;2
1006;DEATH;Suicide;3;4;-302,43;0,3659;0,50;13;0;1;2
1007;DEATH;Suicide;3;4;-302,38;0,3655;0,50;12;0;2;2
1008;DEATH;Suicide;3;4;-302,43;0,3651;0,00;13;0;2;2
1009;DEATH;Suicide;3;7;-297,71;0,3648;0,57;9;1;3;4
1010;DEATH;Suicide;3;12;-295,21;0,3644;0,33;11;2;3;6
1011;DEATH;Suicide;3;10;-294,19;0,3640;0,70;13;3;2;4
1012;DEATH;Suicide;3;5;-295,44;0,3637;0,00;11;1;1;2
1013;DEATH;Suicide;3;22;-296,66;0,3633;0,50;13;3;3;6
1014;DEATH;Suicide;3;4;-302,38;0,3629;0,00;12;0;1;2
1015;DEATH;Suicide;3;4;-302,43;0,3626;0,00;11;0;2;2
1016;DEATH;Suicide;3;16;-307,80;0,3622;0,25;7;2;4;6
1017;DEATH;Suicide;3;5;-302,89;0,3619;0,60;14;0;1;2
1018;DEATH;Suicide;3;4;-302,38;0,3615;0,50;15;0;1;2
1019;DEATH;Suicide;3;6;-295,95;0,3611;0,67;12;1;1;2
1020;DEATH;Suicide;3;4;-302,38;0,3608;0,00;19;0;2;2
1021;DEATH;Suicide;3;6;-296,00;0,3604;0,67;12;1;1;2
1022;DEATH;Suicide;3;6;-295,95;0,3601;0,67;12;1;2;2
1023;DEATH;Suicide;3;9;-296,53;0,3597;0,22;15;2;1;2
1024;DEATH;Suicide;3;7;-296,01;0,3593;0,29;13;1;2;2
1025;DEATH;Suicide;3;4;-302,38;0,3590;0,25;18;0;1;2
1026;DEATH;Suicide;3;5;-295,39;0,3586;0,60;16;1;1;2
1027;DEATH;Suicide;3;8;-304,82;0,3583;0,63;11;0;2;4
1028;DEATH;Suicide;3;10;-305,34;0,3579;0,50;18;0;3;4
1029;DEATH;Suicide;3;9;-293,78;0,3575;0,67;13;2;2;4
1030;DEATH;Suicide;3;8;-298,22;0,3572;0,50;9;1;2;4
1031;DEATH;Suicide;3;8;-304,72;0,3568;0,25;9;0;3;4
1032;DEATH;Suicide;3;11;-295,55;0,3565;0,55;18;3;4;6
1033;DEATH;Suicide;3;17;-301,61;0,3561;0,41;10;4;2;4
1034;DEATH;Suicide;3;4;-302,38;0,3558;0,25;13;0;2;2
1035;DEATH;Suicide;3;10;-298,34;0,3554;0,30;11;1;3;4
1036;DEATH;Suicide;3;4;-302,38;0,3550;0,75;13;0;2;2
1037;DEATH;Suicide;3;4;-302,38;0,3547;0,75;11;0;1;2
1038;DEATH;Suicide;3;4;-302,43;0,3543;0,25;11;0;2;2
1039;DEATH;Suicide;3;4;-302,38;0,3540;0,25;11;0;2;2
1040;DEATH;Suicide;3;4;-302,43;0,3536;0,25;13;0;2;2
1041;DEATH;Suicide;3;4;-302,38;0,3533;0,00;7;0;2;2
1042;DEATH;Suicide;3;8;-302,62;0,3529;0,63;13;0;1;2
1043;DEATH;Suicide;3;7;-292,66;0,3526;0,14;14;2;2;4
1044;DEATH;Suicide;3;4;-302,38;0,3522;0,00;11;0;1;2
1045;DEATH;Suicide;3;11;-293,60;0,3519;0,27;11;2;3;6
1046;DEATH;Suicide;3;4;-302,43;0,3515;0,25;11;0;2;2
1047;DEATH;Suicide;3;5;-302,94;0,3512;0,20;11;0;2;2
1048;DEATH;Suicide;3;14;-298,18;0,3508;0,29;14;3;1;2
1049;DEATH;Suicide;3;7;-297,71;0,3505;0,14;11;1;3;4
1050;DEATH;Suicide;3;17;-303,81;0,3501;0,24;7;2;2;4
1051;DEATH;Suicide;3;14;-299,03;0,3498;0,43;10;1;2;4
1052;DEATH;Suicide;3;4;-302,43;0,3494;0,00;13;0;2;2
1053;DEATH;Suicide;3;4;-302,38;0,3491;0,50;11;0;1;2
1054;DEATH;Suicide;3;10;-305,84;0,3487;0,50;13;2;2;4
1055;DEATH;Suicide;3;10;-299,29;0,3484;0,20;6;2;3;4
1056;DEATH;Suicide;3;10;-297,94;0,3480;0,40;11;1;2;4
1057;DEATH;Suicide;3;4;-302,38;0,3477;0,25;10;0;1;2
1058;DEATH;Suicide;3;9;-305,28;0,3473;0,11;9;1;2;4
1059;DEATH;Suicide;3;4;-302,38;0,3470;0,00;12;0;2;2
1060;DEATH;Suicide;3;4;-302,38;0,3466;0,00;17;0;1;2
1061;DEATH;Suicide;3;4;-302,38;0,3463;0,50;12;0;2;2
1062;DEATH;Suicide;3;4;-302,38;0,3459;0,75;14;0;2;2
1063;DEATH;Suicide;3;4;-302,38;0,3456;0,00;15;0;1;2
1064;DEATH;Suicide;3;4;-302,43;0,3452;0,25;9;0;2;2
1065;DEATH;Suicide;3;9;-297,53;0,3449;0,44;14;2;2;2
1066;DEATH;Suicide;3;4;-302,38;0,3445;0,25;12;0;2;2
1067;DEATH;Suicide;3;7;-297,66;0,3442;0,43;9;1;3;4
1068;DEATH;Suicide;3;10;-294,19;0,3439;0,40;12;3;3;4
1069;DEATH;Suicide;3;4;-302,38;0,3435;0,50;17;0;1;2
1070;DEATH;Suicide;3;8;-304,77;0,3432;0,13;14;0;3;4
1071;DEATH;Suicide;3;4;-302,38;0,3428;0,25;12;0;1;2
1072;DEATH;Suicide;3;4;-302,38;0,3425;0,25;11;0;2;2
1073;DEATH;Suicide;3;4;-302,38;0,3421;0,50;8;0;1;2
1074;DEATH;Suicide;3;11;-306,30;0,3418;0,36;10;1;2;4
1075;DEATH;Suicide;3;4;-302,43;0,3415;0,00;10;0;2;2
1076;DEATH;Suicide;3;4;-302,43;0,3411;0,50;14;0;1;2
1077;DEATH;Suicide;3;12;-300,16;0,3408;0,17;10;1;4;6
1078;DEATH;Suicide;3;7;-292,66;0,3404;0,14;8;2;3;4
1079;DEATH;Suicide;3;4;-302,43;0,3401;0,25;7;0;2;2
1080;DEATH;Suicide;3;4;-302,38;0,3398;0,50;10;0;1;2
1081;DEATH;Suicide;3;9;-298,23;0,3394;0,22;10;1;3;4
1082;DEATH;Suicide;3;4;-302,38;0,3391;0,00;14;0;2;2
1083;DEATH;Suicide;3;9;-303,18;0,3387;0,56;12;1;2;2
1084;DEATH;Suicide;3;4;-302,38;0,3384;0,00;15;0;1;2
1085;DEATH;Suicide;3;13;-301,07;0,3381;0,46;14;2;3;6
1086;DEATH;Suicide;3;4;-302,38;0,3377;0,00;12;0;2;2
1087;DEATH;Suicide;3;5;-295,39;0,3374;0,40;15;1;1;2
1088;DEATH;Suicide;3;4;-302,43;0,3370;0,25;14;0;1;2
1089;DEATH;Suicide;3;8;-297,77;0,3367;0,50;12;1;2;4
1090;DEATH;Suicide;3;4;-302,43;0,3364;0,50;9;0;1;2
1091;DEATH;Suicide;3;4;-302,43;0,3360;0,50;10;0;1;2
1092;DEATH;Suicide;3;4;-302,43;0,3357;0,25;11;0;2;2
1093;DEATH;Suicide;3;5;-295,39;0,3354;0,40;16;1;2;2
1094;DEATH;Suicide;3;9;-296,53;0,3350;0,33;10;2;2;2
1095;DEATH;Suicide;3;8;-293,17;0,3347;0,50;11;2;3;4
1096;DEATH;Suicide;3;4;-302,38;0,3344;0,25;8;0;2;2
1097;DEATH;Suicide;3;4;-302,43;0,3340;0,50;10;0;2;2
1098;DEATH;Suicide;3;7;-292,71;0,3337;0,14;10;2;2;4
1099;DEATH;Suicide;3;11;-298,85;0,3334;0,18;12;2;2;4
1100;DEATH;Suicide;3;9;-298,73;0,3330;0,11;13;2;2;4
1101;DEATH;Suicide;3;4;-302,38;0,3327;0,25;15;0;2;2
1102;DEATH;Suicide;3;13;-299,87;0,3324;0,46;14;2;2;4
1103;DEATH;Suicide;3;4;-302,38;0,3320;0,00;14;0;2;2
1104;DEATH;Suicide;3;5;-302,44;0,3317;0,20;10;0;1;2
1105;DEATH;Suicide;3;4;-302,38;0,3314;0,50;11;0;2;2
1106;DEATH;Suicide;3;4;-302,38;0,3310;0,50;16;0;1;2
1107;DEATH;Suicide;3;4;-302,38;0,3307;0,25;9;0;2;2
1108;DEATH;Suicide;3;5;-295,49;0,3304;0,60;13;1;1;2
1109;DEATH;Suicide;3;9;-297,58;0,3300;0,67;13;2;2;2
1110;DEATH;Suicide;3;4;-302,38;0,3297;0,00;10;0;2;2
1111;DEATH;Suicide;3;4;-302,43;0,3294;0,25;10;0;1;2
1112;DEATH;Suicide;3;4;-302,43;0,3291;0,50;12;0;1;2
1113;DEATH;Suicide;3;4;-302,38;0,3287;0,25;13;0;1;2
1114;DEATH;Suicide;3;4;-302,38;0,3284;0,25;12;0;1;2
1115;DEATH;Suicide;3;5;-295,44;0,3281;0,60;11;1;2;2
1116;DEATH;Suicide;3;4;-302,38;0,3277;0,25;18;0;1;2
1117;DEATH;Suicide;3;7;-292,71;0,3274;0,00;15;2;2;4
1118;DEATH;Suicide;3;4;-302,38;0,3271;0,50;14;0;1;2
1119;DEATH;Suicide;3;4;-302,38;0,3268;0,50;11;0;1;2
1120;DEATH;Suicide;3;4;-302,43;0,3264;0,50;11;0;1;2
1121;DEATH;Suicide;3;4;-302,43;0,3261;0,25;14;0;1;2
1122;DEATH;Suicide;3;4;-302,43;0,3258;0,25;9;0;1;2
1123;DEATH;Suicide;3;4;-302,38;0,3255;0,75;11;0;1;2
1124;DEATH;Suicide;3;4;-302,43;0,3251;0,25;15;0;2;2
1125;DEATH;Suicide;3;4;-302,43;0,3248;0,25;5;0;1;2
1126;DEATH;Suicide;3;4;-302,43;0,3245;0,00;14;0;2;2
1127;DEATH;Suicide;3;8;-293,22;0,3242;0,63;10;2;2;4
1128;DEATH;Suicide;3;4;-302,38;0,3238;0,25;13;0;1;2
1129;DEATH;Suicide;3;5;-302,94;0,3235;0,40;13;0;2;2
1130;DEATH;Suicide;3;4;-302,43;0,3232;0,25;12;0;1;2
1131;DEATH;Suicide;3;4;-302,38;0,3229;0,50;11;0;1;2
1132;DEATH;Suicide;3;4;-302,38;0,3225;0,25;17;0;1;2
1133;DEATH;Suicide;3;7;-304,71;0,3222;0,00;11;0;3;4
1134;DEATH;Suicide;3;4;-302,38;0,3219;0,50;9;0;2;2
1135;DEATH;Suicide;3;4;-302,38;0,3216;0,25;8;0;2;2
1136;DEATH;Suicide;3;4;-302,43;0,3212;0,50;10;0;1;2
1137;DEATH;Suicide;3;5;-295,39;0,3209;0,40;12;1;1;2
1138;DEATH;Suicide;3;4;-302,43;0,3206;0,50;13;0;1;2
1139;DEATH;Suicide;3;10;-293,29;0,3203;0,30;12;2;3;4
1140;DEATH;Suicide;3;11;-299,85;0,3200;0,09;13;1;2;4
1141;DEATH;Suicide;3;14;-293,33;0,3196;0,36;12;3;3;6
1142;DEATH;Suicide;3;5;-302,89;0,3193;0,40;14;0;1;2
1143;DEATH;Suicide;3;5;-302,84;0,3190;0,60;11;0;2;2
1144;DEATH;Suicide;3;13;-299,42;0,3187;0,31;11;3;3;4
1145;DEATH;Suicide;3;4;-302,43;0,3184;0,50;12;0;1;2
1146;DEATH;Suicide;3;4;-302,38;0,3180;0,25;15;0;1;2
1147;DEATH;Suicide;3;4;-302,38;0,3177;0,25;15;0;2;2
1148;DEATH;Suicide;3;5;-302,89;0,3174;0,40;15;0;1;2
1149;DEATH;Suicide;3;4;-302,43;0,3171;0,00;12;0;2;2
1150;DEATH;Suicide;3;4;-302,43;0,3168;0,25;14;0;1;2
1151;DEATH;Suicide;3;4;-302,38;0,3165;0,25;14;0;2;2
1152;DEATH;Suicide;3;6;-303,00;0,3161;0,83;7;0;1;2
1153;DEATH;Suicide;3;6;-290,45;0,3158;0,33;13;2;1;2
1154;DEATH;Suicide;3;8;-296,52;0,3155;0,75;13;1;1;2
1155;DEATH;Suicide;3;10;-305,84;0,3152;0,40;13;1;2;4
1156;DEATH;Suicide;3;4;-302,43;0,3149;0,50;13;0;2;2
1157;DEATH;Suicide;3;11;-298,25;0,3146;0,09;10;1;3;6
1158;DEATH;Suicide;3;5;-302,94;0,3143;0,40;17;0;1;2
1159;DEATH;Suicide;3;42;-303,91;0,3139;0,26;9;5;5;10
1160;DEATH;Suicide;3;4;-302,38;0,3136;0,25;6;0;1;2
1161;DEATH;Suicide;3;15;-295,29;0,3133;0,20;12;3;2;4
1162;DEATH;Suicide;3;4;-302,43;0,3130;0,25;11;0;2;2
1163;DEATH;Suicide;3;11;-299,25;0,3127;0,36;8;2;2;4
1164;DEATH;Suicide;3;5;-295,39;0,3124;0,20;16;1;1;2
1165;DEATH;Suicide;3;11;-288,55;0,3121;0,27;10;3;3;6
1166;DEATH;Suicide;3;8;-293,17;0,3117;0,25;11;2;3;4
1167;DEATH;Suicide;3;4;-302,43;0,3114;0,00;12;0;2;2
1168;DEATH;Suicide;3;12;-298,46;0,3111;0,33;13;2;2;4
1169;DEATH;Suicide;3;4;-302,43;0,3108;0,25;7;0;2;2
1170;DEATH;Suicide;3;8;-297,72;0,3105;0,38;13;1;2;4
1171;DEATH;Suicide;3;4;-302,38;0,3102;0,00;15;0;2;2
1172;DEATH;Suicide;3;4;-302,38;0,3099;0,00;12;0;2;2
1173;DEATH;Suicide;3;7;-297,71;0,3096;0,14;13;1;2;4
1174;DEATH;Suicide;3;5;-302,89;0,3093;0,20;15;0;2;2
1175;DEATH;Suicide;3;4;-302,38;0,3090;0,50;11;0;1;2
1176;DEATH;Suicide;3;12;-299,81;0,3086;0,50;12;2;2;4
1177;DEATH;Suicide;3;4;-302,43;0,3083;0,25;13;0;2;2
1178;DEATH;Suicide;3;7;-297,71;0,3080;0,29;11;1;3;4
1179;DEATH;Suicide;3;5;-302,94;0,3077;0,80;13;0;1;2
1180;DEATH;Suicide;3;4;-302,38;0,3074;0,50;18;0;2;2
1181;DEATH;Suicide;3;4;-302,43;0,3071;0,75;7;0;2;2
1182;DEATH;Suicide;3;8;-293,17;0,3068;0,25;14;2;2;4
1183;DEATH;Suicide;3;4;-302,38;0,3065;0,00;8;0;1;2
1184;DEATH;Suicide;3;12;-298,51;0,3062;0,50;8;2;2;4
1185;DEATH;Suicide;3;4;-302,38;0,3059;0,25;14;0;1;2
1186;DEATH;Suicide;3;4;-302,43;0,3056;0,50;14;0;1;2
1187;DEATH;Suicide;3;4;-302,38;0,3053;0,25;11;0;2;2
1188;DEATH;Suicide;3;4;-302,43;0,3050;0,25;9;0;2;2
1189;DEATH;Suicide;3;5;-295,49;0,3047;0,40;10;1;2;2
1190;DEATH;Suicide;3;4;-302,38;0,3043;0,00;13;0;2;2
1191;DEATH;Suicide;3;4;-302,43;0,3040;0,25;10;0;1;2
1192;DEATH;Suicide;3;13;-294,87;0,3037;0,46;13;5;3;4
1193;DEATH;Suicide;3;7;-297,71;0,3034;0,29;13;1;3;4
1194;DEATH;Suicide;3;6;-290,45;0,3031;0,17;12;2;2;2
1195;DEATH;Suicide;3;4;-302,38;0,3028;0,00;11;0;2;2
1196;DEATH;Suicide;3;4;-302,43;0,3025;0,25;14;0;2;2
1197;DEATH;Suicide;3;4;-302,38;0,3022;0,00;7;0;1;2
1198;DEATH;Suicide;3;4;-302,38;0,3019;0,25;10;0;2;2
1199;DEATH;Suicide;3;4;-302,43;0,3016;0,50;9;0;2;2
1200;DEATH;Suicide;3;5;-302,89;0,3013;0,20;9;0;1;2
1201;DEATH;Suicide;3;4;-302,43;0,3010;0,25;13;0;1;2
1202;DEATH;Suicide;3;4;-302,38;0,3007;0,50;5;0;2;2
1203;DEATH;Suicide;3;7;-292,66;0,3004;0,00;14;2;2;4
1204;DEATH;Suicide;3;7;-292,71;0,3001;0,14;12;2;3;4
1205;DEATH;Suicide;3;5;-302,44;0,2998;0,40;11;0;2;2
1206;DEATH;Suicide;3;4;-302,43;0,2995;0,00;18;0;1;2
1207;DEATH;Suicide;3;4;-302,38;0,2992;0,00;13;0;2;2
1208;DEATH;Suicide;3;4;-302,38;0,2989;0,00;9;0;2;2
1209;DEATH;Suicide;3;4;-302,38;0,2986;0,00;13;0;2;2
1210;DEATH;Suicide;3;4;-302,38;0,2983;0,00;14;0;2;2
1211;DEATH;Suicide;3;4;-302,38;0,2980;0,25;12;0;1;2
1212;DEATH;Suicide;3;4;-302,43;0,2977;0,75;10;0;1;2
1213;DEATH;Suicide;3;4;-302,43;0,2974;0,50;12;0;1;2
1214;DEATH;Suicide;3;4;-302,43;0,2971;0,25;11;0;2;2
1215;DEATH;Suicide;3;4;-302,38;0,2968;0,00;9;0;2;2
1216;DEATH;Suicide;3;5;-295,39;0,2965;0,20;14;1;2;2
1217;DEATH;Suicide;3;4;-302,38;0,2962;0,00;11;0;2;2
1218;DEATH;Suicide;3;6;-302,50;0,2959;0,50;13;0;2;2
1219;DEATH;Suicide;3;5;-302,94;0,2956;0,40;14;0;1;2
1220;DEATH;Suicide;3;4;-302,38;0,2954;0,25;9;0;2;2
1221;DEATH;Suicide;3;15;-300,29;0,2951;0,27;8;2;3;6
1222;DEATH;Suicide;3;7;-297,71;0,2948;0,43;12;1;2;4
1223;DEATH;Suicide;3;8;-304,77;0,2945;0,25;9;0;3;4
1224;DEATH;Suicide;3;7;-297,71;0,2942;0,14;12;1;2;4
1225;DEATH;Suicide;3;4;-302,38;0,2939;0,25;11;0;1;2
1226;DEATH;Suicide;3;4;-302,38;0,2936;0,50;14;0;2;2
1227;DEATH;Suicide;3;4;-302,33;0,2933;0,50;14;0;2;2
1228;DEATH;Suicide;3;5;-302,89;0,2930;0,40;13;0;1;2
1229;DEATH;Suicide;3;4;-302,38;0,2927;0,50;12;0;1;2
1230;DEATH;Suicide;3;9;-305,73;0,2924;0,22;11;0;2;4
1231;DEATH;Suicide;3;4;-302,38;0,2921;0,25;11;0;2;2
1232;DEATH;Suicide;3;5;-302,94;0,2918;0,40;13;0;2;2
1233;DEATH;Suicide;3;5;-302,44;0,2915;0,40;12;0;2;2
1234;DEATH;Suicide;3;4;-302,38;0,2912;0,50;10;0;2;2
1235;DEATH;Suicide;3;4;-302,43;0,2910;0,25;9;0;1;2
1236;DEATH;Suicide;3;4;-302,38;0,2907;0,00;11;0;2;2
1237;DEATH;Suicide;3;4;-302,38;0,2904;1,00;12;0;1;2
1238;DEATH;Suicide;3;4;-302,38;0,2901;0,25;11;0;2;2
1239;DEATH;Suicide;3;6;-295,50;0,2898;0,50;9;1;1;2
1240;DEATH;Suicide;3;4;-302,38;0,2895;0,25;13;0;1;2
1241;DEATH;Suicide;3;8;-290,72;0,2892;0,38;5;2;2;4
1242;DEATH;Suicide;3;4;-302,43;0,2889;0,75;14;0;1;2
1243;DEATH;Suicide;3;6;-295,90;0,2886;0,50;8;1;2;2
1244;DEATH;Suicide;3;7;-292,76;0,2883;0,29;12;2;2;4
1245;DEATH;Suicide;3;4;-302,43;0,2881;0,50;11;0;1;2
1246;DEATH;Suicide;3;4;-302,38;0,2878;0,50;10;0;2;2
1247;DEATH;Suicide;3;4;-302,38;0,2875;0,25;9;0;2;2
1248;DEATH;Suicide;3;4;-302,38;0,2872;0,25;16;0;2;2
1249;DEATH;Suicide;3;4;-302,38;0,2869;0,25;9;0;2;2
1250;DEATH;Suicide;3;9;-303,13;0,2866;0,33;11;1;2;2
1251;DEATH;Suicide;3;4;-302,38;0,2863;0,50;14;0;2;2
1252;DEATH;Suicide;3;4;-302,43;0,2860;0,00;12;0;2;2
1253;DEATH;Suicide;3;7;-297,76;0,2858;0,43;12;1;2;4
1254;DEATH;Suicide;3;4;-302,38;0,2855;0,00;14;0;1;2
1255;DEATH;Suicide;3;10;-299,99;0,2852;0,00;8;1;3;6
1256;DEATH;Suicide;3;4;-302,38;0,2849;0,00;14;0;2;2
1257;DEATH;Suicide;3;6;-303,00;0,2846;0,50;9;0;2;2
1258;DEATH;Suicide;3;4;-302,43;0,2843;0,25;9;0;2;2
1259;DEATH;Suicide;3;14;-300,78;0,2840;0,36;12;1;4;6
1260;DEATH;Suicide;3;7;-292,66;0,2838;0,14;12;2;2;4
1261;DEATH;Suicide;3;4;-302,38;0,2835;0,50;16;0;1;2
1262;DEATH;Suicide;3;4;-302,38;0,2832;0,25;10;0;1;2
1263;DEATH;Suicide;3;4;-302,38;0,2829;0,50;11;0;1;2
1264;DEATH;Suicide;3;12;-295,91;0,2826;0,58;11;1;1;2
1265;DEATH;Suicide;3;4;-302,38;0,2823;0,25;9;0;2;2
1266;DEATH;Suicide;3;10;-294,19;0,2821;0,20;12;3;3;4
1267;DEATH;Suicide;3;11;-306,30;0,2818;0,45;12;1;2;4
1268;DEATH;Suicide;3;5;-295,44;0,2815;0,20;13;1;2;2
1269;DEATH;Suicide;3;4;-302,38;0,2812;1,00;12;0;2;2
1270;DEATH;Suicide;3;4;-302,43;0,2809;0,00;12;0;2;2
1271;DEATH;Suicide;3;4;-302,38;0,2807;0,25;13;0;2;2
1272;DEATH;Suicide;3;4;-302,38;0,2804;0,50;11;0;2;2
1273;DEATH;Suicide;3;5;-302,94;0,2801;0,60;12;0;1;2
1274;DEATH;Suicide;3;4;-302,38;0,2798;0,25;13;0;1;2
1275;DEATH;Suicide;3;7;-304,71;0,2795;0,43;7;0;2;4
1276;DEATH;Suicide;3;4;-302,38;0,2793;0,00;12;0;2;2
1277;DEATH;Suicide;3;4;-302,38;0,2790;0,00;12;0;2;2
1278;DEATH;Suicide;3;4;-302,38;0,2787;0,25;10;0;2;2
1279;DEATH;Suicide;3;4;-302,38;0,2784;0,25;11;0;1;2
1280;DEATH;Suicide;3;4;-302,38;0,2781;0,25;10;0;2;2
1281;DEATH;Suicide;3;4;-302,38;0,2779;0,25;8;0;2;2
1282;DEATH;Suicide;3;4;-302,38;0,2776;0,25;16;0;1;2
1283;DEATH;Suicide;3;4;-302,38;0,2773;0,25;13;0;2;2
1284;DEATH;Suicide;3;11;-299,30;0,2770;0,27;12;2;2;4
1285;DEATH;Suicide;3;11;-298,35;0,2768;0,18;12;2;2;4
1286;DEATH;Suicide;3;12;-293,51;0,2765;0,42;12;3;3;4
1287;DEATH;Suicide;3;4;-302,43;0,2762;0,25;8;0;2;2
1288;DEATH;Suicide;3;4;-302,43;0,2759;0,00;14;0;2;2
1289;DEATH;Suicide;3;6;-295,90;0,2756;0,50;14;1;1;2
1290;DEATH;Suicide;3;4;-302,33;0,2754;0,50;9;0;2;2
1291;DEATH;Suicide;3;10;-298,74;0,2751;0,60;13;1;2;4
1292;DEATH;Suicide;3;4;-302,38;0,2748;0,25;9;0;2;2
1293;DEATH;Suicide;3;4;-302,38;0,2745;0,00;10;0;2;2
1294;DEATH;Suicide;3;4;-302,43;0,2743;0,25;8;0;2;2
1295;DEATH;Suicide;3;7;-292,71;0,2740;0,14;12;2;3;4
1296;DEATH;Suicide;3;4;-302,38;0,2737;0,00;13;0;2;2
1297;DEATH;Suicide;3;4;-302,43;0,2735;0,25;12;0;2;2
1298;DEATH;Suicide;3;4;-302,38;0,2732;0,25;13;0;1;2
1299;DEATH;Suicide;3;14;-295,28;0,2729;0,29;9;3;4;6
1300;DEATH;Suicide;3;4;-302,38;0,2726;0,00;7;0;2;2
1301;DEATH;Suicide;3;4;-302,38;0,2724;0,25;16;0;2;2
1302;DEATH;Suicide;3;5;-302,94;0,2721;0,80;13;0;1;2
1303;DEATH;Suicide;3;4;-302,38;0,2718;0,50;11;0;2;2
1304;DEATH;Suicide;3;13;-293,17;0,2715;0,15;10;3;3;6
1305;DEATH;Suicide;3;5;-295,44;0,2713;0,20;10;1;2;2
1306;DEATH;Suicide;3;4;-302,43;0,2710;0,25;10;0;2;2
1307;DEATH;Suicide;3;4;-302,43;0,2707;0,25;7;0;2;2
1308;DEATH;Suicide;3;4;-302,38;0,2705;0,00;12;0;2;2
1309;DEATH;Suicide;3;5;-302,89;0,2702;0,40;14;0;2;2
1310;DEATH;Suicide;3;5;-295,44;0,2699;0,60;9;1;1;2
1311;DEATH;Suicide;3;4;-302,38;0,2696;0,75;12;0;1;2
1312;DEATH;Suicide;3;4;-302,43;0,2694;0,25;15;0;1;2
1313;DEATH;Suicide;3;15;-299,49;0,2691;0,53;7;2;2;4
1314;DEATH;Suicide;3;4;-302,43;0,2688;0,25;14;0;2;2
1315;DEATH;Suicide;3;4;-302,43;0,2686;0,25;12;0;1;2
1316;DEATH;Suicide;3;4;-302,38;0,2683;0,25;12;0;2;2
1317;DEATH;Suicide;3;7;-295,56;0,2680;0,43;8;1;1;2
1318;DEATH;Suicide;3;5;-295,39;0,2678;0,60;12;1;1;2
1319;DEATH;Suicide;3;4;-302,38;0,2675;0,00;12;0;1;2
1320;DEATH;Suicide;3;5;-302,89;0,2672;0,60;11;0;2;2
1321;DEATH;Suicide;3;4;-302,38;0,2670;0,75;14;0;2;2
1322;DEATH;Suicide;3;4;-302,38;0,2667;0,00;10;0;2;2
1323;DEATH;Suicide;3;7;-292,71;0,2664;0,29;9;2;2;4
1324;DEATH;Suicide;3;4;-302,38;0,2662;0,00;8;0;2;2
1325;DEATH;Suicide;3;4;-302,38;0,2659;0,50;11;0;1;2
1326;DEATH;Suicide;3;7;-292,76;0,2656;0,14;10;2;2;4
1327;DEATH;Suicide;3;10;-304,89;0,2654;0,20;13;0;3;4
1328;DEATH;Suicide;3;4;-302,38;0,2651;0,25;8;0;1;2
1329;DEATH;Suicide;3;4;-302,38;0,2648;0,25;13;0;1;2
1330;DEATH;Suicide;3;4;-302,38;0,2646;0,25;16;0;2;2
1331;DEATH;Suicide;3;5;-302,89;0,2643;0,20;13;0;2;2
1332;DEATH;Suicide;3;4;-302,43;0,2640;0,50;11;0;1;2
1333;DEATH;Suicide;3;5;-295,49;0,2638;0,40;14;1;1;2
1334;DEATH;Suicide;3;4;-302,38;0,2635;0,25;13;0;1;2
1335;DEATH;Suicide;3;4;-302,38;0,2633;0,25;9;0;1;2
1336;DEATH;Suicide;3;4;-302,38;0,2630;0,00;17;0;2;2
1337;DEATH;Suicide;3;5;-295,39;0,2627;0,40;10;1;2;2
1338;DEATH;Suicide;3;4;-302,43;0,2625;0,50;10;0;2;2
1339;DEATH;Suicide;3;11;-305,40;0,2622;0,36;14;2;2;4
1340;DEATH;Suicide;3;7;-297,71;0,2619;0,14;10;1;3;4
1341;DEATH;Suicide;3;13;-300,67;0,2617;0,38;10;2;2;4
1342;DEATH;Suicide;3;5;-302,44;0,2614;0,40;8;0;1;2
1343;DEATH;Suicide;3;8;-304,77;0,2612;0,00;9;0;2;4
1344;DEATH;Suicide;3;10;-288,04;0,2609;0,30;12;3;4;6
1345;DEATH;Suicide;3;5;-302,89;0,2606;0,20;11;0;2;2
1346;DEATH;Suicide;3;4;-302,33;0,2604;0,50;10;0;2;2
1347;DEATH;Suicide;3;4;-302,38;0,2601;0,50;11;0;2;2
1348;DEATH;Suicide;3;5;-295,44;0,2598;0,20;15;1;2;2
1349;DEATH;Suicide;3;6;-302,50;0,2596;0,67;13;0;1;2
1350;DEATH;Suicide;3;5;-295,39;0,2593;0,60;9;1;1;2
1351;DEATH;Suicide;3;5;-295,49;0,2591;0,40;12;1;1;2
1352;DEATH;Suicide;3;4;-302,38;0,2588;0,25;5;0;1;2
1353;DEATH;KilledByTarget;3;31;-127,75;0,2586;0,13;10;4;2;5
1354;DEATH;Suicide;3;4;-302,38;0,2583;0,00;11;0;2;2
1355;DEATH;Suicide;3;4;-302,38;0,2580;0,25;12;0;1;2
1356;DEATH;Suicide;3;4;-302,38;0,2578;0,00;12;0;2;2
1357;DEATH;Suicide;3;4;-302,38;0,2575;0,25;10;0;1;2
1358;DEATH;Suicide;3;9;-298,28;0,2573;0,11;10;2;3;4
1359;DEATH;Suicide;3;4;-302,38;0,2570;0,25;5;0;1;2
1360;DEATH;Suicide;3;7;-304,71;0,2567;0,00;8;0;2;4
1361;DEATH;Suicide;3;13;-290,37;0,2565;0,23;11;3;4;8
1362;DEATH;Suicide;3;5;-302,89;0,2562;0,20;14;0;1;2
1363;DEATH;Suicide;3;5;-302,94;0,2560;0,40;14;0;1;2
1364;DEATH;Suicide;3;10;-293,04;0,2557;0,10;12;2;4;6
1365;DEATH;Suicide;3;4;-302,38;0,2555;0,50;12;0;1;2
1366;DEATH;Suicide;3;4;-302,43;0,2552;0,00;14;0;2;2
1367;DEATH;Suicide;3;4;-302,38;0,2550;0,50;11;0;2;2
1368;DEATH;Suicide;3;4;-302,38;0,2547;0,50;12;0;1;2
1369;DEATH;Suicide;3;7;-295,61;0,2544;0,43;11;1;1;2
1370;DEATH;Suicide;3;4;-302,43;0,2542;0,50;10;0;1;2
1371;DEATH;Suicide;3;10;-299,24;0,2539;0,20;14;3;3;4
1372;DEATH;Suicide;3;5;-302,94;0,2537;0,40;9;0;2;2
1373;DEATH;Suicide;3;12;-298,06;0,2534;0,17;11;2;3;4
1374;DEATH;Suicide;3;12;-290,86;0,2532;0,25;11;4;1;2
1375;DEATH;Suicide;3;5;-302,89;0,2529;0,40;8;0;1;2
1376;DEATH;Suicide;3;4;-302,38;0,2527;0,50;8;0;1;2
1377;DEATH;Suicide;3;12;-293,61;0,2524;0,25;10;2;3;6
1378;DEATH;Suicide;3;4;-302,38;0,2522;0,00;13;0;1;2
1379;DEATH;Suicide;3;7;-292,71;0,2519;0,14;12;2;2;4
1380;DEATH;Suicide;3;5;-295,49;0,2517;0,60;10;1;1;2
1381;DEATH;Suicide;3;15;-293,09;0,2514;0,47;12;3;2;4
1382;DEATH;Suicide;3;4;-302,38;0,2512;0,00;11;0;1;2
1383;DEATH;Suicide;3;4;-302,38;0,2509;0,25;7;0;1;2
1384;DEATH;Suicide;3;4;-302,38;0,2507;0,50;12;0;2;2
1385;DEATH;Suicide;3;5;-295,39;0,2504;0,40;11;1;1;2
1386;DEATH;Suicide;3;4;-302,38;0,2502;0,50;13;0;1;2
1387;DEATH;Suicide;3;4;-302,38;0,2499;0,25;12;0;1;2
1388;DEATH;Suicide;3;4;-302,38;0,2497;0,25;11;0;2;2
1389;DEATH;Suicide;3;4;-302,38;0,2494;0,00;10;0;1;2
1390;DEATH;Suicide;3;7;-297,71;0,2492;0,14;10;1;2;4
1391;DEATH;Suicide;3;8;-293,22;0,2489;0,25;10;2;3;4
1392;DEATH;Suicide;3;9;-305,23;0,2487;0,11;11;0;3;4
1393;DEATH;Suicide;3;8;-304,77;0,2484;0,13;13;0;2;4
1394;DEATH;Suicide;3;4;-302,38;0,2482;0,00;10;0;2;2
1395;DEATH;Suicide;3;4;-302,38;0,2479;0,25;14;0;1;2
1396;DEATH;Suicide;3;8;-290,67;0,2477;0,38;11;2;1;2
1397;DEATH;Suicide;3;4;-302,43;0,2474;0,50;13;0;1;2
1398;DEATH;Suicide;3;4;-302,38;0,2472;0,25;11;0;1;2
1399;DEATH;Suicide;3;5;-302,39;0,2469;0,20;12;0;2;2
1400;DEATH;Suicide;3;4;-302,43;0,2467;0,00;14;0;1;2
1401;DEATH;Suicide;3;13;-296,77;0,2464;0,23;8;2;1;2
1402;DEATH;Suicide;3;4;-302,38;0,2462;0,50;17;0;1;2
1403;DEATH;Suicide;3;34;-336,43;0,2459;0,18;10;3;3;4
1404;DEATH;Suicide;3;14;-309,08;0,2457;0,14;11;2;1;2
1405;DEATH;Suicide;3;4;-302,38;0,2454;0,50;11;0;1;2
1406;DEATH;Suicide;3;4;-302,38;0,2452;0,25;13;0;1;2
1407;DEATH;Suicide;3;7;-292,66;0,2450;0,14;14;2;2;4
1408;DEATH;Suicide;3;4;-302,38;0,2447;0,00;13;0;2;2
1409;DEATH;Suicide;3;4;-302,43;0,2445;0,50;15;0;2;2
1410;DEATH;Suicide;3;4;-302,38;0,2442;0,00;7;0;2;2
1411;DEATH;Suicide;3;10;-293,34;0,2440;0,30;15;3;3;4
1412;DEATH;Suicide;3;19;-305,13;0,2437;0,37;10;2;3;6
1413;DEATH;Suicide;3;5;-295,39;0,2435;0,40;14;1;2;2
1414;DEATH;Suicide;3;4;-302,38;0,2432;0,00;10;0;1;2
1415;DEATH;Suicide;3;13;-307,27;0,2430;0,23;11;1;4;6
1416;DEATH;Suicide;3;4;-302,38;0,2428;0,00;17;0;2;2
1417;DEATH;Suicide;3;4;-302,38;0,2425;0,00;16;0;2;2
1418;DEATH;Suicide;3;4;-302,38;0,2423;0,25;7;0;2;2
1419;DEATH;Suicide;3;4;-302,38;0,2420;0,50;10;0;1;2
1420;DEATH;Suicide;3;5;-295,39;0,2418;0,20;13;1;1;2
1421;DEATH;Suicide;3;4;-302,38;0,2415;0,00;12;0;2;2
1422;DEATH;Suicide;3;4;-302,38;0,2413;0,25;14;0;2;2
1423;DEATH;Suicide;3;4;-302,38;0,2411;0,25;14;0;1;2
1424;DEATH;Suicide;3;4;-302,38;0,2408;0,25;12;0;2;2
1425;DEATH;Suicide;3;4;-302,43;0,2406;0,25;12;0;1;2
1426;DEATH;Suicide;3;4;-302,38;0,2403;0,25;10;0;2;2
1427;DEATH;Suicide;3;7;-304,71;0,2401;0,14;10;0;2;4
1428;DEATH;Suicide;3;4;-302,38;0,2399;0,00;11;0;2;2
1429;DEATH;Suicide;3;9;-297,83;0,2396;0,33;11;2;2;4
1430;DEATH;Suicide;3;4;-302,38;0,2394;0,50;13;0;2;2
1431;DEATH;Suicide;3;7;-292,66;0,2391;0,14;14;2;3;4
1432;DEATH;Suicide;3;8;-304,77;0,2389;0,25;9;0;3;4
1433;DEATH;Suicide;3;7;-297,71;0,2387;0,14;14;1;2;4
1434;DEATH;Suicide;3;4;-302,38;0,2384;0,00;16;0;1;2
1435;DEATH;Suicide;3;4;-302,38;0,2382;0,00;13;0;2;2
1436;DEATH;Suicide;3;5;-302,44;0,2379;0,40;12;0;1;2
1437;DEATH;Suicide;3;4;-302,38;0,2377;0,25;7;0;1;2
1438;DEATH;Suicide;3;7;-292,66;0,2375;0,43;12;2;3;4
1439;DEATH;Suicide;3;11;-305,40;0,2372;0,27;14;1;2;4
1440;DEATH;Suicide;3;5;-302,89;0,2370;0,20;13;0;1;2
1441;DEATH;Suicide;3;4;-302,38;0,2368;0,25;10;0;2;2
1442;DEATH;Suicide;3;7;-297,71;0,2365;0,14;12;1;2;4
1443;DEATH;Suicide;3;5;-302,94;0,2363;0,40;13;0;1;2
1444;DEATH;Suicide;3;4;-302,38;0,2361;0,25;14;0;2;2
1445;DEATH;Suicide;3;4;-302,43;0,2358;0,25;15;0;2;2
1446;DEATH;Suicide;3;4;-302,38;0,2356;0,25;11;0;1;2
1447;DEATH;Suicide;3;14;-293,58;0,2353;0,36;13;3;2;4
1448;DEATH;Suicide;3;8;-304,77;0,2351;0,00;9;0;2;4
1449;DEATH;Suicide;3;4;-302,38;0,2349;0,25;17;0;1;2
1450;DEATH;Suicide;3;7;-296,41;0,2346;0,43;8;1;2;2
1451;DEATH;Suicide;3;5;-295,39;0,2344;0,20;16;1;1;2
1452;DEATH;Suicide;3;4;-302,38;0,2342;0,25;13;0;1;2
1453;DEATH;Suicide;3;7;-292,71;0,2339;0,00;9;2;2;4
1454;DEATH;Suicide;3;4;-302,38;0,2337;0,00;6;0;2;2
1455;DEATH;Suicide;3;7;-297,71;0,2335;0,14;14;1;2;4
1456;DEATH;Suicide;3;29;-306,33;0,2332;0,14;11;3;5;10
1457;DEATH;Suicide;3;7;-297,71;0,2330;0,14;10;1;2;4
1458;DEATH;Suicide;3;14;-298,08;0,2328;0,07;9;1;3;4
1459;DEATH;Suicide;3;4;-302,38;0,2325;0,00;9;0;2;2
1460;DEATH;Suicide;3;4;-302,43;0,2323;0,50;15;0;2;2
1461;DEATH;Suicide;3;4;-302,38;0,2321;0,25;16;0;2;2
1462;DEATH;Suicide;3;4;-302,38;0,2318;0,25;14;0;2;2
1463;DEATH;Suicide;3;4;-302,38;0,2316;0,50;12;0;2;2
1464;DEATH;Suicide;3;4;-302,38;0,2314;0,25;9;0;1;2
1465;DEATH;Suicide;3;4;-302,38;0,2311;0,25;11;0;1;2
1466;DEATH;Suicide;3;11;-299,85;0,2309;0,09;14;2;2;4
1467;DEATH;Suicide;3;4;-302,38;0,2307;0,25;14;0;2;2
1468;DEATH;Suicide;3;4;-302,38;0,2305;0,25;10;0;2;2
1469;DEATH;Suicide;3;6;-295,90;0,2302;0,33;7;1;1;2
1470;DEATH;Suicide;3;18;-310,87;0,2300;0,11;8;1;4;6
1471;DEATH;Suicide;3;4;-302,38;0,2298;0,25;13;0;1;2
1472;DEATH;Suicide;3;8;-297,72;0,2295;0,25;9;1;3;4
1473;DEATH;Suicide;3;4;-302,38;0,2293;0,50;11;0;1;2
1474;DEATH;Suicide;3;4;-302,38;0,2291;0,75;13;0;1;2
1475;DEATH;Suicide;3;4;-302,43;0,2288;0,25;9;0;2;2
1476;DEATH;Suicide;3;4;-302,38;0,2286;0,00;13;0;1;2
1477;DEATH;Suicide;3;8;-304,77;0,2284;0,13;13;0;3;4
1478;DEATH;Suicide;3;4;-302,43;0,2282;0,00;7;0;2;2
1479;DEATH;Suicide;3;5;-295,39;0,2279;0,40;16;1;1;2
1480;DEATH;Suicide;3;4;-302,38;0,2277;0,25;13;0;1;2
1481;DEATH;Suicide;3;8;-304,77;0,2275;0,25;13;0;3;4
1482;DEATH;Suicide;3;4;-302,38;0,2272;0,00;10;0;2;2
1483;DEATH;Suicide;3;13;-307,27;0,2270;0,15;11;1;3;6
1484;DEATH;Suicide;3;13;-296,32;0,2268;0,15;12;3;2;4
1485;DEATH;Suicide;3;9;-293,68;0,2266;0,00;11;3;3;4
1486;DEATH;Suicide;3;4;-302,38;0,2263;0,25;8;0;2;2
1487;DEATH;Suicide;3;4;-302,38;0,2261;0,00;13;0;1;2
1488;DEATH;Suicide;3;4;-302,38;0,2259;0,00;12;0;2;2
1489;DEATH;Suicide;3;7;-304,71;0,2257;0,14;11;0;3;4
1490;DEATH;Suicide;3;4;-302,38;0,2254;0,25;12;0;2;2
1491;DEATH;Suicide;3;4;-302,38;0,2252;0,25;12;0;2;2
1492;DEATH;Suicide;3;4;-302,38;0,2250;0,25;9;0;1;2
1493;DEATH;Suicide;3;4;-302,38;0,2248;0,00;16;0;1;2
1494;DEATH;Suicide;3;4;-302,38;0,2245;0,00;11;0;2;2
1495;DEATH;Suicide;3;4;-302,38;0,2243;0,25;12;0;2;2
1496;DEATH;Suicide;3;4;-302,38;0,2241;0,00;6;0;2;2
1497;DEATH;Suicide;3;7;-292,66;0,2239;0,29;15;2;2;4
1498;DEATH;Suicide;3;12;-305,41;0,2236;0,08;12;1;1;2
1499;DEATH;Suicide;3;4;-302,38;0,2234;0,00;14;0;2;2
1500;DEATH;Suicide;3;5;-295,44;0,2232;0,40;9;1;2;2
1501;DEATH;Suicide;3;4;-302,38;0,2230;0,25;7;0;2;2
1502;DEATH;Suicide;3;5;-302,44;0,2227;0,00;14;0;2;2
1503;DEATH;Suicide;3;4;-302,43;0,2225;0,25;11;0;2;2
1504;DEATH;Suicide;3;4;-302,38;0,2223;0,25;13;0;2;2
1505;DEATH;Suicide;3;7;-292,66;0,2221;0,00;14;2;2;4
1506;DEATH;Suicide;3;13;-294,07;0,2219;0,31;10;3;3;6
1507;DEATH;Suicide;3;4;-302,38;0,2216;0,25;7;0;2;2
1508;DEATH;Suicide;3;7;-292,76;0,2214;0,00;10;2;2;4
1509;DEATH;Suicide;3;4;-302,43;0,2212;0,00;7;0;2;2
1510;DEATH;Suicide;3;6;-295,95;0,2210;0,33;15;1;1;2
1511;DEATH;Suicide;3;4;-302,38;0,2207;0,00;13;0;1;2
1512;DEATH;Suicide;3;4;-302,38;0,2205;0,25;9;0;1;2
1513;DEATH;Suicide;3;13;-296,37;0,2203;0,15;9;3;3;4
1514;DEATH;Suicide;3;4;-302,38;0,2201;0,50;10;0;1;2
1515;DEATH;Suicide;3;4;-302,38;0,2199;0,25;10;0;2;2
1516;DEATH;Suicide;3;6;-295,50;0,2196;0,17;11;1;1;2
1517;DEATH;Suicide;3;4;-302,43;0,2194;0,00;11;0;1;2
1518;DEATH;Suicide;3;4;-302,43;0,2192;0,25;12;0;1;2
1519;DEATH;Suicide;3;4;-302,43;0,2190;0,25;10;0;1;2
1520;DEATH;Suicide;3;33;-304,47;0,2188;0,27;12;5;5;8
1521;DEATH;Suicide;3;4;-302,38;0,2185;0,25;14;0;1;2
1522;DEATH;Suicide;3;4;-302,38;0,2183;0,25;8;0;2;2
1523;DEATH;Suicide;3;11;-293,15;0,2181;0,27;10;3;1;2
1524;DEATH;Suicide;3;9;-293,68;0,2179;0,22;14;3;2;4
1525;DEATH;Suicide;3;25;-303,84;0,2177;0,48;6;2;3;4
1526;DEATH;Suicide;3;4;-302,38;0,2175;0,25;5;0;1;2
1527;DEATH;Suicide;3;41;-293,05;0,2172;0,07;11;6;4;6
1528;DEATH;Suicide;3;4;-302,38;0,2170;0,25;15;0;2;2
1529;DEATH;Suicide;3;5;-295,39;0,2168;0,20;14;1;1;2
1530;DEATH;Suicide;3;10;-298,79;0,2166;0,30;10;1;2;4
1531;DEATH;Suicide;3;4;-302,38;0,2164;0,75;7;0;1;2
1532;DEATH;Suicide;3;4;-302,43;0,2162;0,25;6;0;2;2
1533;DEATH;Suicide;3;4;-302,43;0,2159;0,00;10;0;2;2
1534;DEATH;Suicide;3;5;-295,44;0,2157;0,80;12;1;1;2
1535;DEATH;Suicide;3;4;-302,43;0,2155;0,25;14;0;2;2
1536;DEATH;Suicide;3;14;-299,48;0,2153;0,29;8;2;2;4
1537;DEATH;Suicide;3;4;-302,43;0,2151;0,50;11;0;2;2
1538;DEATH;Suicide;3;4;-302,38;0,2149;0,50;16;0;2;2
1539;DEATH;Suicide;3;18;-302,92;0,2146;0,11;8;2;2;4
1540;DEATH;Suicide;3;8;-304,77;0,2144;0,38;11;0;2;4
1541;DEATH;Suicide;3;4;-302,38;0,2142;0,00;17;0;2;2
1542;DEATH;Suicide;3;4;-302,43;0,2140;0,00;12;0;2;2
1543;DEATH;Suicide;3;4;-302,38;0,2138;0,00;16;0;1;2
1544;DEATH;Suicide;3;4;-302,43;0,2136;0,25;17;0;2;2
1545;DEATH;Suicide;3;5;-295,44;0,2134;0,60;13;1;2;2
1546;DEATH;Suicide;3;4;-302,38;0,2132;0,50;13;0;1;2
1547;DEATH;Suicide;3;4;-302,43;0,2129;0,00;12;0;2;2
1548;DEATH;Suicide;3;4;-302,43;0,2127;0,25;15;0;1;2
1549;DEATH;Suicide;3;4;-302,43;0,2125;0,00;18;0;2;2
1550;DEATH;Suicide;3;4;-302,43;0,2123;0,00;11;0;2;2
1551;DEATH;Suicide;3;4;-302,43;0,2121;0,50;15;0;2;2
1552;DEATH;Suicide;3;7;-292,71;0,2119;0,14;18;2;2;4
1553;DEATH;Suicide;3;4;-302,43;0,2117;0,00;12;0;2;2
1554;DEATH;Suicide;3;19;-293,43;0,2115;0,11;11;2;2;4
1555;DEATH;Suicide;3;4;-302,38;0,2112;0,00;13;0;1;2
1556;DEATH;Suicide;3;9;-298,23;0,2110;0,22;12;1;3;4
1557;DEATH;Suicide;3;4;-302,38;0,2108;0,25;12;0;2;2
1558;DEATH;Suicide;3;53;-331,17;0,2106;0,23;12;6;2;4
1559;DEATH;Suicide;3;4;-302,38;0,2104;0,25;13;0;1;2
1560;DEATH;Suicide;3;4;-302,38;0,2102;0,25;12;0;2;2
1561;DEATH;Suicide;3;5;-302,94;0,2100;0,40;9;0;2;2
1562;DEATH;Suicide;3;21;-299,45;0,2098;0,24;9;3;2;4
1563;DEATH;Suicide;3;4;-302,38;0,2096;0,00;13;0;2;2
1564;DEATH;Suicide;3;4;-302,38;0,2093;0,25;12;0;1;2
1565;DEATH;Suicide;3;5;-295,39;0,2091;0,40;14;1;1;2
1566;DEATH;Suicide;3;7;-304,76;0,2089;0,29;7;0;2;4
1567;DEATH;Suicide;3;5;-295,39;0,2087;0,00;12;1;1;2
1568;DEATH;Suicide;3;5;-295,39;0,2085;0,40;12;1;2;2
1569;DEATH;Suicide;3;10;-294,19;0,2083;0,20;10;3;3;4
1570;DEATH;Suicide;3;4;-302,43;0,2081;0,50;10;0;2;2
1571;DEATH;Suicide;3;4;-302,38;0,2079;0,25;14;0;2;2
1572;DEATH;Suicide;3;4;-302,38;0,2077;0,00;11;0;2;2
1573;DEATH;Suicide;3;4;-302,38;0,2075;0,50;8;0;1;2
1574;DEATH;Suicide;3;4;-302,38;0,2073;0,25;12;0;2;2
1575;DEATH;Suicide;3;4;-302,38;0,2071;0,50;11;0;1;2
1576;DEATH;Suicide;3;4;-302,38;0,2068;0,00;7;0;1;2
1577;DEATH;Suicide;3;4;-302,38;0,2066;0,50;13;0;2;2
1578;DEATH;Suicide;3;5;-295,39;0,2064;0,40;12;1;2;2
1579;DEATH;Suicide;3;4;-302,43;0,2062;0,25;15;0;2;2
1580;DEATH;Suicide;3;4;-302,43;0,2060;0,00;11;0;1;2
1581;DEATH;Suicide;3;4;-302,43;0,2058;0,00;14;0;1;2
1582;DEATH;Suicide;3;4;-302,38;0,2056;0,00;13;0;2;2
1583;DEATH;Suicide;3;4;-302,38;0,2054;0,25;13;0;1;2
1584;DEATH;Suicide;3;4;-302,38;0,2052;0,25;14;0;2;2
1585;DEATH;Suicide;3;9;-292,83;0,2050;0,22;15;2;2;4
1586;DEATH;Suicide;3;4;-302,38;0,2048;0,25;16;0;1;2
1587;DEATH;Suicide;3;9;-298,23;0,2046;0,11;10;2;2;4
1588;DEATH;Suicide;3;5;-302,94;0,2044;0,40;13;0;2;2
1589;DEATH;Suicide;3;4;-302,43;0,2042;0,50;12;0;2;2
1590;DEATH;Suicide;3;10;-304,54;0,2040;0,40;13;1;2;2
1591;DEATH;Suicide;3;4;-302,38;0,2038;0,00;11;0;2;2
1592;DEATH;Suicide;3;9;-292,83;0,2036;0,11;12;3;3;4
1593;DEATH;Suicide;3;7;-292,66;0,2034;0,14;13;2;2;4
1594;DEATH;Suicide;3;7;-297,71;0,2032;0,00;12;1;2;4
1595;DEATH;Suicide;3;5;-295,44;0,2030;0,40;15;1;1;2
1596;DEATH;Suicide;3;4;-302,38;0,2028;0,25;14;0;2;2
1597;DEATH;Suicide;3;4;-302,43;0,2025;0,00;10;0;1;2
1598;DEATH;Suicide;3;4;-302,38;0,2023;0,00;12;0;1;2
1599;DEATH;Suicide;3;4;-302,43;0,2021;0,25;15;0;1;2
1600;DEATH;Suicide;3;33;-317,27;0,2019;0,21;13;3;3;6
1601;DEATH;Suicide;3;5;-302,89;0,2017;0,20;11;0;2;2
1602;DEATH;Suicide;3;8;-293,22;0,2015;0,38;9;2;3;4
1603;DEATH;Suicide;3;5;-302,94;0,2013;0,40;13;0;1;2
1604;DEATH;Suicide;3;11;-292,95;0,2011;0,27;13;3;3;4
1605;WIN;None;3;29;-307,08;0,2009;0,07;10;4;4;8
1606;DEATH;Suicide;3;4;-302,38;0,2007;0,00;13;0;2;2
1607;DEATH;Suicide;3;12;-295,56;0,2005;0,08;14;3;2;4
1608;DEATH;Suicide;3;4;-302,38;0,2003;0,25;13;0;2;2
1609;DEATH;Suicide;3;4;-302,38;0,2001;0,25;7;0;1;2
1610;DEATH;Suicide;3;4;-302,38;0,1999;0,50;11;0;1;2
1611;DEATH;Suicide;3;5;-295,39;0,1997;0,20;10;1;1;2
1612;DEATH;Suicide;3;7;-292,76;0,1995;0,14;14;2;2;4
1613;DEATH;Suicide;3;4;-302,38;0,1993;0,25;16;0;2;2
1614;DEATH;Suicide;3;4;-302,43;0,1991;0,25;10;0;1;2
1615;DEATH;Suicide;3;4;-302,38;0,1989;0,50;13;0;1;2
1616;DEATH;Suicide;3;4;-302,43;0,1987;0,25;12;0;1;2
1617;DEATH;Suicide;3;4;-302,38;0,1985;0,00;11;0;1;2
1618;DEATH;Suicide;3;4;-302,38;0,1983;0,25;11;0;2;2
1619;DEATH;Suicide;3;16;-301,00;0,1981;0,13;15;2;2;4
1620;DEATH;Suicide;3;4;-302,38;0,1979;0,00;12;0;2;2
1621;DEATH;Suicide;3;4;-302,38;0,1977;0,00;13;0;2;2
1622;DEATH;Suicide;3;5;-295,49;0,1975;0,60;11;1;2;2
1623;DEATH;Suicide;3;4;-302,38;0,1973;0,00;13;0;2;2
1624;DEATH;Suicide;3;4;-302,38;0,1971;0,50;9;0;1;2
1625;DEATH;Suicide;3;21;-295,35;0,1970;0,14;14;4;2;4
1626;DEATH;Suicide;3;6;-295,90;0,1968;0,50;13;1;1;2
1627;DEATH;Suicide;3;7;-297,76;0,1966;0,29;10;1;3;4
1628;DEATH;Suicide;3;4;-302,43;0,1964;0,00;9;0;2;2
1629;DEATH;Suicide;3;5;-295,44;0,1962;0,60;14;1;2;2
1630;DEATH;Suicide;3;4;-302,43;0,1960;0,00;10;0;2;2
1631;WIN;None;3;21;-282,15;0,1958;0,19;6;3;5;8
1632;DEATH;Suicide;3;4;-302,43;0,1956;0,25;11;0;1;2
1633;DEATH;Suicide;3;4;-302,38;0,1954;0,00;8;0;2;2
1634;DEATH;Suicide;3;4;-302,38;0,1952;0,25;11;0;1;2
1635;DEATH;Suicide;3;4;-302,43;0,1950;0,00;13;0;2;2
1636;DEATH;Suicide;3;4;-302,43;0,1948;0,25;8;0;2;2
1637;DEATH;Suicide;3;4;-302,38;0,1946;0,00;15;0;2;2
1638;DEATH;Suicide;3;5;-295,39;0,1944;0,40;9;1;1;2
1639;DEATH;Suicide;3;6;-302,55;0,1942;0,50;9;0;2;2
1640;DEATH;Suicide;3;14;-298,63;0,1940;0,14;8;2;3;4
1641;DEATH;Suicide;3;4;-302,38;0,1938;0,00;11;0;2;2
1642;DEATH;Suicide;3;8;-290,72;0,1936;0,13;14;2;2;4
1643;DEATH;Suicide;3;6;-290,50;0,1934;0,33;13;2;1;2
1644;DEATH;Suicide;3;9;-304,83;0,1932;0,11;9;1;3;4
1645;DEATH;Suicide;3;4;-302,43;0,1931;0,00;10;0;2;2
1646;DEATH;Suicide;3;4;-302,38;0,1929;0,25;9;0;2;2
1647;DEATH;KilledByTarget;3;13;-99,67;0,1927;0,15;12;2;2;6
1648;DEATH;Suicide;3;4;-302,38;0,1925;0,00;11;0;2;2
1649;DEATH;Suicide;3;17;-297,06;0,1923;0,12;14;3;2;4
1650;DEATH;Suicide;3;4;-302,38;0,1921;0,25;11;0;2;2
1651;DEATH;Suicide;3;4;-302,38;0,1919;0,00;14;0;2;2
1652;DEATH;Suicide;3;4;-302,38;0,1917;0,00;8;0;1;2
1653;DEATH;Suicide;3;31;-337,50;0,1915;0,16;12;3;3;4
1654;DEATH;Suicide;3;4;-302,38;0,1913;0,00;16;0;2;2
1655;DEATH;Suicide;3;4;-302,38;0,1911;0,00;12;0;2;2
1656;DEATH;Suicide;3;23;-302,42;0,1909;0,43;6;2;3;9
1657;DEATH;Suicide;3;8;-293,17;0,1907;0,38;14;2;2;4
1658;DEATH;Suicide;3;4;-302,38;0,1906;0,50;10;0;2;2
1659;DEATH;Suicide;3;8;-297,77;0,1904;0,25;13;1;2;4
1660;DEATH;Suicide;3;48;-322,77;0,1902;0,15;14;5;4;8
1661;DEATH;Suicide;3;4;-302,38;0,1900;0,25;15;0;2;2
1662;DEATH;Suicide;3;4;-302,38;0,1898;0,00;14;0;2;2
1663;DEATH;Suicide;3;4;-302,38;0,1896;0,50;11;0;1;2
1664;WIN;None;3;15;-263,59;0,1894;0,27;9;1;4;8
1665;DEATH;Suicide;3;4;-302,38;0,1892;0,25;15;0;1;2
1666;DEATH;Suicide;3;4;-302,38;0,1890;0,25;9;0;2;2
1667;DEATH;Suicide;3;7;-304,76;0,1888;0,29;12;0;2;4
1668;DEATH;Suicide;3;4;-302,38;0,1887;0,00;13;0;2;2
1669;DEATH;Suicide;3;11;-293,85;0,1885;0,09;13;3;3;4
1670;DEATH;Suicide;3;4;-302,38;0,1883;0,25;12;0;2;2
1671;DEATH;Suicide;3;6;-302,55;0,1881;0,33;10;0;2;2
1672;DEATH;Suicide;3;5;-295,39;0,1879;0,40;10;1;1;2
1673;DEATH;Suicide;3;4;-302,43;0,1877;0,00;14;0;2;2
1674;DEATH;Suicide;3;79;-372,58;0,1875;0,09;11;6;2;4
1675;DEATH;Suicide;3;4;-302,43;0,1873;0,50;10;0;1;2
1676;DEATH;Suicide;3;4;-302,38;0,1872;0,00;15;0;1;2
1677;DEATH;Suicide;3;21;-296,65;0,1870;0,19;9;4;4;8
1678;DEATH;Suicide;3;4;-302,38;0,1868;0,00;9;0;2;2
1679;DEATH;Suicide;3;4;-302,38;0,1866;0,25;11;0;2;2
1680;DEATH;Suicide;3;7;-297,71;0,1864;0,14;9;1;2;4
1681;DEATH;Suicide;3;23;-299,97;0,1862;0,13;12;4;2;4
1682;DEATH;Suicide;3;4;-302,38;0,1860;0,25;10;0;1;2
1683;DEATH;Suicide;3;11;-298,90;0,1858;0,27;12;2;2;4
1684;DEATH;Suicide;3;4;-302,38;0,1857;0,25;15;0;1;2
1685;DEATH;Suicide;3;13;-298,32;0,1855;0,31;13;1;2;2
1686;DEATH;Suicide;3;4;-302,43;0,1853;0,25;12;0;1;2
1687;DEATH;Suicide;3;5;-295,39;0,1851;0,20;12;1;2;2
1688;DEATH;Suicide;3;4;-302,43;0,1849;0,25;7;0;2;2
1689;DEATH;Suicide;3;4;-302,43;0,1847;0,50;15;0;1;2
1690;DEATH;Suicide;3;7;-297,76;0,1846;0,43;9;1;2;4
1691;DEATH;Suicide;3;4;-302,43;0,1844;0,25;14;0;1;2
1692;DEATH;Suicide;3;15;-298,69;0,1842;0,07;11;2;3;4
1693;DEATH;Suicide;3;4;-302,38;0,1840;0,00;9;0;2;2
1694;DEATH;Suicide;3;5;-302,94;0,1838;0,40;14;0;2;2
1695;DEATH;Suicide;3;4;-302,38;0,1836;0,00;9;0;2;2
1696;DEATH;Suicide;3;4;-302,38;0,1834;0,00;14;0;2;2
1697;DEATH;Suicide;3;4;-302,38;0,1833;0,50;13;0;1;2
1698;DEATH;Suicide;3;4;-302,38;0,1831;0,00;6;0;2;2
1699;DEATH;Suicide;3;7;-292,76;0,1829;0,14;10;2;2;4
1700;DEATH;Suicide;3;4;-302,43;0,1827;0,00;10;0;2;2
1701;DEATH;Suicide;3;4;-302,38;0,1825;0,50;9;0;1;2
1702;DEATH;Suicide;3;4;-302,43;0,1823;0,25;9;0;1;2
1703;DEATH;Suicide;3;4;-302,38;0,1822;0,25;9;0;1;2
1704;DEATH;Suicide;3;19;-311,63;0,1820;0,16;12;2;2;4
1705;DEATH;Suicide;3;4;-302,43;0,1818;0,50;13;0;2;2
1706;DEATH;Suicide;3;4;-302,38;0,1816;0,25;15;0;2;2
1707;DEATH;Suicide;3;8;-298,27;0,1814;0,25;8;1;2;4
1708;DEATH;Suicide;3;14;-301,58;0,1813;0,14;9;2;4;6
1709;DEATH;Suicide;3;4;-302,38;0,1811;0,50;10;0;1;2
1710;DEATH;Suicide;3;6;-290,55;0,1809;0,17;11;2;1;2
1711;DEATH;Suicide;3;5;-302,89;0,1807;0,20;14;0;2;2
1712;DEATH;Suicide;3;4;-302,43;0,1805;0,25;10;0;2;2
1713;DEATH;Suicide;3;11;-299,25;0,1804;0,00;9;2;3;4
1714;DEATH;Suicide;3;4;-302,38;0,1802;0,25;16;0;2;2
1715;DEATH;Suicide;3;4;-302,38;0,1800;0,00;13;0;2;2
1716;DEATH;Suicide;3;9;-298,33;0,1798;0,44;12;1;2;4
1717;DEATH;Suicide;3;4;-302,38;0,1796;0,25;9;0;2;2
1718;DEATH;Suicide;3;4;-302,38;0,1795;0,25;8;0;2;2
1719;DEATH;Suicide;3;4;-302,38;0,1793;0,25;9;0;1;2
1720;DEATH;Suicide;3;4;-302,38;0,1791;0,25;11;0;2;2
1721;DEATH;Suicide;3;27;-299,86;0,1789;0,22;12;3;3;4
1722;DEATH;Suicide;3;4;-302,43;0,1787;0,00;11;0;2;2
1723;DEATH;Suicide;3;4;-302,38;0,1786;0,00;14;0;1;2
1724;DEATH;Suicide;3;4;-302,43;0,1784;0,25;11;0;2;2
1725;DEATH;Suicide;3;5;-295,49;0,1782;0,20;14;1;1;2
1726;DEATH;Suicide;3;11;-293,80;0,1780;0,36;10;2;3;4
1727;DEATH;Suicide;3;10;-298,34;0,1778;0,10;10;2;3;4
1728;DEATH;Suicide;3;4;-302,38;0,1777;0,00;13;0;2;2
1729;DEATH;Suicide;3;7;-297,71;0,1775;0,00;13;1;2;4
1730;DEATH;Suicide;3;4;-302,38;0,1773;0,00;11;0;1;2
1731;DEATH;Suicide;3;4;-302,38;0,1771;0,50;8;0;2;2
1732;DEATH;Suicide;3;7;-292,66;0,1770;0,14;15;2;2;4
1733;DEATH;Suicide;3;14;-301,63;0,1768;0,21;10;3;3;6
1734;DEATH;Suicide;3;4;-302,38;0,1766;0,00;10;0;2;2
1735;DEATH;Suicide;3;4;-302,43;0,1764;0,00;13;0;2;2
1736;DEATH;Suicide;3;12;-293,56;0,1763;0,25;14;2;4;6
1737;DEATH;Suicide;3;4;-302,38;0,1761;0,00;9;0;2;2
1738;DEATH;Suicide;3;4;-302,38;0,1759;0,25;12;0;1;2
1739;DEATH;Suicide;3;8;-293,17;0,1757;0,00;10;2;3;4
1740;DEATH;Suicide;3;4;-302,43;0,1755;0,00;8;0;2;2
1741;DEATH;Suicide;3;4;-302,38;0,1754;0,00;14;0;1;2
1742;DEATH;Suicide;3;5;-302,89;0,1752;0,20;15;0;1;2
1743;DEATH;Suicide;3;4;-302,43;0,1750;0,00;9;0;2;2
1744;DEATH;Suicide;3;4;-302,38;0,1748;0,25;11;0;1;2
1745;DEATH;Suicide;3;9;-298,28;0,1747;0,33;10;1;2;4
1746;DEATH;Suicide;3;4;-302,38;0,1745;0,00;10;0;1;2
1747;DEATH;Suicide;3;4;-302,38;0,1743;0,00;13;0;2;2
1748;DEATH;Suicide;3;4;-302,38;0,1741;0,50;14;0;2;2
1749;DEATH;Suicide;3;4;-302,38;0,1740;0,00;13;0;1;2
1750;DEATH;Suicide;3;16;-306,65;0,1738;0,25;12;1;3;4
1751;DEATH;Suicide;3;4;-302,38;0,1736;0,00;13;0;2;2
1752;DEATH;Suicide;3;4;-302,38;0,1735;0,00;13;0;2;2
1753;DEATH;Suicide;3;4;-302,38;0,1733;0,25;14;0;1;2
1754;DEATH;Suicide;3;4;-302,38;0,1731;0,50;8;0;1;2
1755;DEATH;Suicide;3;7;-304,71;0,1729;0,14;9;0;2;4
1756;DEATH;Suicide;3;4;-302,38;0,1728;0,25;13;0;1;2
1757;DEATH;Suicide;3;5;-295,49;0,1726;0,40;8;1;1;2
1758;DEATH;Suicide;3;8;-297,72;0,1724;0,13;8;1;2;4
1759;DEATH;Suicide;3;7;-304,71;0,1722;0,00;12;0;2;4
1760;DEATH;Suicide;3;31;-299,15;0,1721;0,16;12;4;2;4
1761;DEATH;Suicide;3;4;-302,38;0,1719;0,00;11;0;2;2
1762;DEATH;Suicide;3;4;-302,38;0,1717;0,25;16;0;1;2
1763;DEATH;Suicide;3;5;-295,39;0,1716;0,20;15;1;1;2
1764;DEATH;KilledByTarget;3;13;-104,32;0,1714;0,38;11;1;2;2
1765;DEATH;Suicide;3;4;-302,38;0,1712;0,25;10;0;1;2
1766;DEATH;Suicide;3;4;-302,43;0,1710;0,50;14;0;2;2
1767;DEATH;Suicide;3;5;-295,49;0,1709;0,20;11;1;2;2
1768;DEATH;Suicide;3;5;-295,39;0,1707;0,20;17;1;1;2
1769;DEATH;Suicide;3;7;-292,66;0,1705;0,14;14;2;2;4
1770;DEATH;Suicide;3;4;-302,38;0,1704;0,25;13;0;2;2
1771;DEATH;Suicide;3;9;-298,33;0,1702;0,22;13;2;3;4
1772;DEATH;Suicide;3;4;-302,43;0,1700;0,25;7;0;1;2
1773;DEATH;Suicide;3;4;-302,38;0,1698;0,00;14;0;2;2
1774;DEATH;Suicide;3;4;-302,38;0,1697;0,50;16;0;1;2
1775;DEATH;Suicide;3;4;-302,43;0,1695;0,00;12;0;2;2
1776;DEATH;Suicide;3;24;-297,78;0,1693;0,21;13;5;3;4
1777;DEATH;Suicide;3;4;-302,38;0,1692;0,25;12;0;2;2
1778;DEATH;Suicide;3;4;-302,43;0,1690;0,25;11;0;2;2
1779;DEATH;Suicide;3;61;-339,80;0,1688;0,08;8;4;2;4
1780;DEATH;Suicide;3;11;-306,30;0,1687;0,18;16;1;3;4
1781;DEATH;Suicide;3;14;-299,88;0,1685;0,29;15;3;2;4
1782;DEATH;Suicide;3;9;-287,78;0,1683;0,44;11;4;2;4
1783;DEATH;Suicide;3;4;-302,38;0,1682;0,00;16;0;1;2
1784;DEATH;Suicide;3;4;-302,43;0,1680;0,00;9;0;2;2
1785;DEATH;Suicide;3;7;-297,76;0,1678;0,29;12;1;2;4
1786;DEATH;Suicide;3;5;-302,49;0,1677;0,60;12;0;2;2
1787;DEATH;Suicide;3;4;-302,38;0,1675;0,00;13;0;2;2
1788;DEATH;Suicide;3;4;-302,38;0,1673;0,00;11;0;2;2
1789;DEATH;Suicide;3;8;-297,82;0,1671;0,25;10;1;3;4
1790;DEATH;Suicide;3;4;-302,38;0,1670;0,25;11;0;1;2
1791;DEATH;Suicide;3;4;-302,43;0,1668;0,25;9;0;1;2
1792;DEATH;Suicide;3;4;-302,38;0,1666;0,50;10;0;2;2
1793;DEATH;Suicide;3;4;-302,43;0,1665;0,00;9;0;2;2
1794;DEATH;Suicide;3;5;-302,94;0,1663;0,60;8;0;2;2
1795;DEATH;Suicide;3;17;-299,21;0,1661;0,06;10;3;2;4
1796;DEATH;Suicide;3;4;-302,38;0,1660;0,25;10;0;1;2
1797;DEATH;Suicide;3;18;-301,17;0,1658;0,22;13;4;2;2
1798;DEATH;Suicide;3;4;-302,43;0,1657;0,25;9;0;2;2
1799;DEATH;Suicide;3;4;-302,38;0,1655;0,25;13;0;1;2
1800;DEATH;Suicide;3;4;-302,43;0,1653;0,50;11;0;1;2
1801;DEATH;Suicide;3;4;-302,38;0,1652;0,25;15;0;2;2
1802;DEATH;Suicide;3;4;-302,43;0,1650;0,00;12;0;1;2
1803;DEATH;Suicide;3;4;-302,38;0,1648;0,00;13;0;2;2
1804;DEATH;Suicide;3;4;-302,38;0,1647;0,00;13;0;1;2
1805;DEATH;Suicide;3;12;-298,01;0,1645;0,00;9;2;2;4
1806;DEATH;Suicide;3;4;-302,38;0,1643;0,25;13;0;2;2
1807;DEATH;Suicide;3;36;-335,55;0,1642;0,17;11;1;2;4
1808;DEATH;Suicide;3;4;-302,38;0,1640;0,00;15;0;2;2
1809;DEATH;Suicide;3;18;-299,52;0,1638;0,28;13;4;3;4
1810;DEATH;Suicide;3;14;-298,98;0,1637;0,07;10;1;2;4
1811;WIN;None;3;29;189,82;0,1635;0,17;9;4;2;4
1812;DEATH;Suicide;3;16;-307,90;0,1633;0,25;14;2;3;6
1813;DEATH;Suicide;3;4;-302,38;0,1632;0,25;11;0;1;2
1814;DEATH;Suicide;3;4;-302,38;0,1630;0,00;9;0;2;2
1815;DEATH;Suicide;3;4;-302,43;0,1629;0,00;9;0;1;2
1816;DEATH;Suicide;3;4;-302,33;0,1627;0,75;15;0;2;2
1817;DEATH;Suicide;3;12;-305,96;0,1625;0,25;9;0;2;4
1818;DEATH;Suicide;3;4;-302,38;0,1624;0,00;11;0;2;2
1819;DEATH;Suicide;3;4;-302,38;0,1622;0,25;16;0;1;2
1820;DEATH;Suicide;3;12;-294,41;0,1620;0,25;10;3;3;4
1821;DEATH;Suicide;3;4;-302,43;0,1619;0,00;11;0;2;2
1822;DEATH;Suicide;3;5;-302,89;0,1617;0,40;16;0;2;2
1823;DEATH;Suicide;3;4;-302,38;0,1616;0,25;9;0;1;2
1824;DEATH;Suicide;3;4;-302,38;0,1614;0,25;10;0;2;2
1825;DEATH;Suicide;3;4;-302,38;0,1612;0,25;17;0;1;2
1826;DEATH;Suicide;3;4;-302,43;0,1611;0,25;11;0;2;2
1827;DEATH;Suicide;3;9;-292,08;0,1609;0,22;11;3;1;2
1828;DEATH;Suicide;3;5;-295,44;0,1608;0,40;17;1;2;2
1829;DEATH;Suicide;3;22;-304,66;0,1606;0,18;10;3;3;4
1830;DEATH;Suicide;3;4;-302,38;0,1604;0,00;11;0;2;2
1831;DEATH;Suicide;3;4;-302,43;0,1603;0,00;7;0;2;2
1832;DEATH;Suicide;3;13;-293,97;0,1601;0,23;12;3;3;4
1833;DEATH;Suicide;3;4;-302,38;0,1600;0,25;10;0;2;2
1834;DEATH;Suicide;3;12;-295,61;0,1598;0,08;11;3;3;4
1835;DEATH;Suicide;3;4;-302,38;0,1596;0,00;9;0;1;2
1836;DEATH;Suicide;3;4;-302,38;0,1595;0,00;14;0;2;2
1837;DEATH;Suicide;3;4;-302,38;0,1593;0,25;17;0;1;2
1838;DEATH;Suicide;3;4;-302,43;0,1592;0,25;13;0;2;2
1839;DEATH;Suicide;3;4;-302,38;0,1590;0,00;17;0;2;2
1840;DEATH;Suicide;3;4;-302,38;0,1588;0,00;11;0;2;2
1841;DEATH;Suicide;3;10;-304,89;0,1587;0,30;12;1;2;4
1842;DEATH;Suicide;3;4;-302,38;0,1585;0,00;11;0;1;2
1843;DEATH;Suicide;3;4;-302,38;0,1584;0,25;15;0;2;2
1844;DEATH;Suicide;3;17;-297,86;0,1582;0,18;14;3;2;4
1845;DEATH;Suicide;3;9;-297,88;0,1580;0,33;11;1;3;4
1846;DEATH;Suicide;3;4;-302,38;0,1579;0,25;12;0;2;2
1847;DEATH;Suicide;3;4;-302,38;0,1577;0,25;11;0;1;2
1848;DEATH;Suicide;3;11;-306,35;0,1576;0,36;15;1;2;4
1849;DEATH;Suicide;3;4;-302,38;0,1574;0,50;13;0;1;2
1850;DEATH;Suicide;3;12;-299,41;0,1573;0,08;9;1;2;4
1851;DEATH;Suicide;3;7;-292,76;0,1571;0,00;12;2;2;4
1852;DEATH;Suicide;3;4;-302,38;0,1569;0,00;16;0;1;2
1853;DEATH;Suicide;3;4;-302,38;0,1568;0,00;14;0;2;2
1854;DEATH;Suicide;3;4;-302,38;0,1566;0,25;12;0;2;2
1855;DEATH;Suicide;3;4;-302,38;0,1565;0,00;15;0;2;2
1856;DEATH;Suicide;3;4;-302,38;0,1563;0,00;13;0;1;2
1857;DEATH;Suicide;3;5;-302,44;0,1562;0,40;12;0;1;2
1858;DEATH;Suicide;3;4;-302,38;0,1560;0,25;12;0;1;2
1859;DEATH;Suicide;3;7;-297,71;0,1558;0,00;13;1;2;4
1860;DEATH;Suicide;3;4;-302,43;0,1557;0,00;14;0;2;2
1861;DEATH;Suicide;3;4;-302,43;0,1555;0,00;8;0;2;2
1862;DEATH;Suicide;3;6;-295,50;0,1554;0,17;11;1;1;2
1863;DEATH;Suicide;3;5;-302,39;0,1552;0,20;13;0;1;2
1864;DEATH;Suicide;3;21;-306,50;0,1551;0,10;11;3;3;4
1865;DEATH;Suicide;3;10;-300,09;0,1549;0,20;7;1;4;6
1866;DEATH;Suicide;3;4;-302,38;0,1548;0,25;14;0;2;2
1867;DEATH;Suicide;3;4;-302,38;0,1546;0,00;12;0;2;2
1868;DEATH;Suicide;3;4;-302,43;0,1544;0,00;9;0;2;2
1869;DEATH;Suicide;3;4;-302,43;0,1543;0,25;13;0;2;2
1870;DEATH;Suicide;3;5;-302,94;0,1541;0,20;9;0;2;2
1871;DEATH;Suicide;3;44;-297,78;0,1540;0,14;13;8;3;6
1872;DEATH;Suicide;3;15;-290,44;0,1538;0,07;10;5;5;8
1873;DEATH;Suicide;3;8;-297,72;0,1537;0,00;12;1;3;4
1874;DEATH;Suicide;3;4;-302,38;0,1535;0,25;13;0;2;2
1875;DEATH;Suicide;3;4;-302,38;0,1534;0,00;9;0;2;2
1876;DEATH;Suicide;3;4;-302,43;0,1532;0,00;12;0;2;2
1877;DEATH;Suicide;3;18;-308,22;0,1531;0,22;14;1;2;4
1878;DEATH;Suicide;3;11;-299,25;0,1529;0,18;10;2;2;4
1879;DEATH;Suicide;3;4;-302,43;0,1528;0,00;12;0;2;2
1880;DEATH;Suicide;3;4;-302,38;0,1526;0,25;15;0;1;2
1881;DEATH;Suicide;3;4;-302,38;0,1525;0,25;13;0;1;2
1882;DEATH;Suicide;3;13;-301,37;0,1523;0,15;9;2;3;4
1883;DEATH;Suicide;3;4;-302,38;0,1521;0,25;13;0;2;2
1884;DEATH;Suicide;3;8;-297,77;0,1520;0,13;8;1;3;4
1885;DEATH;Suicide;3;4;-302,38;0,1518;0,00;12;0;2;2
1886;DEATH;Suicide;3;7;-303,01;0,1517;0,43;13;0;1;2
1887;DEATH;Suicide;3;4;-302,38;0,1515;0,00;15;0;2;2
1888;DEATH;Suicide;3;5;-295,39;0,1514;0,20;12;1;2;2
1889;DEATH;Suicide;3;4;-302,43;0,1512;0,00;11;0;1;2
1890;DEATH;Suicide;3;4;-302,38;0,1511;0,25;17;0;2;2
1891;DEATH;Suicide;3;14;-292,98;0,1509;0,14;16;4;2;4
1892;DEATH;Suicide;3;48;-328,37;0,1508;0,10;13;6;2;4
1893;DEATH;Suicide;3;4;-302,43;0,1506;0,00;7;0;2;2
1894;DEATH;Suicide;3;4;-302,38;0,1505;0,25;11;0;1;2
1895;DEATH;Suicide;3;9;-298,23;0,1503;0,00;12;2;2;4
1896;DEATH;Suicide;3;4;-302,38;0,1502;0,25;12;0;1;2
1897;DEATH;Suicide;3;4;-302,38;0,1500;0,25;9;0;1;2
1898;DEATH;Suicide;3;4;-302,38;0,1499;0,00;13;0;1;2
1899;DEATH;Suicide;3;33;-318,97;0,1497;0,09;12;5;3;4
1900;DEATH;Suicide;3;4;-302,38;0,1496;0,25;11;0;2;2
1901;DEATH;Suicide;3;4;-302,38;0,1494;0,00;14;0;2;2
1902;DEATH;Suicide;3;14;-299,88;0,1493;0,14;13;3;3;4
1903;DEATH;Suicide;3;4;-302,43;0,1491;0,00;11;0;2;2
1904;DEATH;Suicide;3;4;-302,38;0,1490;0,00;15;0;1;2
1905;DEATH;Suicide;3;7;-303,01;0,1488;0,29;12;0;1;2
1906;DEATH;Suicide;3;4;-302,43;0,1487;0,00;9;0;2;2
1907;DEATH;Suicide;3;4;-302,38;0,1485;0,00;13;0;1;2
1908;DEATH;Suicide;3;4;-302,43;0,1484;0,25;11;0;1;2
1909;DEATH;Suicide;3;24;-299,23;0,1482;0,17;11;2;3;4
1910;DEATH;Suicide;3;4;-302,38;0,1481;0,00;14;0;2;2
1911;DEATH;Suicide;3;4;-302,43;0,1479;0,25;11;0;2;2
1912;DEATH;Suicide;3;5;-295,44;0,1478;0,40;13;1;1;2
1913;DEATH;Suicide;3;15;-299,99;0,1476;0,27;13;2;3;4
1914;DEATH;Suicide;3;4;-302,38;0,1475;0,00;9;0;2;2
1915;DEATH;Suicide;3;4;-302,38;0,1474;0,25;8;0;1;2
1916;DEATH;Suicide;3;4;-302,43;0,1472;0,25;11;0;1;2
1917;DEATH;Suicide;3;4;-302,38;0,1471;0,25;12;0;2;2
1918;DEATH;Suicide;3;4;-302,38;0,1469;0,00;16;0;2;2
1919;DEATH;Suicide;3;4;-302,43;0,1468;0,25;11;0;1;2
1920;DEATH;Suicide;3;12;-300,66;0,1466;0,17;11;3;4;6
1921;DEATH;Suicide;3;12;-294,36;0,1465;0,33;9;2;2;4
1922;DEATH;Suicide;3;4;-302,38;0,1463;0,00;15;0;2;2
1923;DEATH;Suicide;3;7;-304,71;0,1462;0,00;10;0;2;4
1924;DEATH;Suicide;3;7;-297,71;0,1460;0,00;9;1;2;4
1925;DEATH;Suicide;3;4;-302,38;0,1459;0,00;11;0;2;2
1926;DEATH;Suicide;3;40;-336,59;0,1457;0,10;11;7;3;4
1927;DEATH;Suicide;3;4;-302,38;0,1456;0,50;12;0;1;2
1928;DEATH;Suicide;3;4;-302,38;0,1454;0,00;11;0;2;2
1929;DEATH;Suicide;3;4;-302,38;0,1453;0,50;12;0;1;2
1930;DEATH;Suicide;3;4;-302,43;0,1452;0,00;12;0;2;2
1931;DEATH;Suicide;3;14;-301,08;0,1450;0,21;14;3;2;4
1932;DEATH;Suicide;3;4;-302,43;0,1449;0,00;11;0;2;2
1933;DEATH;Suicide;3;40;-274,54;0,1447;0,18;10;6;5;10
1934;DEATH;Suicide;3;4;-302,38;0,1446;0,00;14;0;2;2
1935;DEATH;Suicide;3;5;-295,49;0,1444;0,40;13;1;2;2
1936;DEATH;Suicide;3;4;-302,38;0,1443;0,00;11;0;2;2
1937;DEATH;Suicide;3;4;-302,43;0,1441;0,00;4;0;2;2
1938;DEATH;Suicide;3;14;-288,53;0,1440;0,29;12;5;2;4
1939;DEATH;Suicide;3;9;-292,78;0,1439;0,22;12;2;2;4
1940;DEATH;Suicide;3;7;-292,76;0,1437;0,14;13;2;2;4
1941;DEATH;Suicide;3;4;-302,38;0,1436;0,00;10;0;2;2
1942;DEATH;Suicide;3;4;-302,38;0,1434;0,25;12;0;1;2
1943;DEATH;Suicide;3;4;-302,43;0,1433;0,25;14;0;2;2
1944;DEATH;Suicide;3;4;-302,43;0,1431;0,00;12;0;2;2
1945;DEATH;Suicide;3;63;-366,97;0,1430;0,10;12;4;3;4
1946;DEATH;Suicide;3;4;-302,38;0,1429;0,00;11;0;1;2
1947;DEATH;Suicide;3;30;-313,69;0,1427;0,10;8;2;3;6
1948;DEATH;Suicide;3;17;-300,56;0,1426;0,00;15;2;2;4
1949;DEATH;Suicide;3;29;-308,98;0,1424;0,24;13;4;3;6
1950;DEATH;Suicide;3;4;-302,38;0,1423;0,50;13;0;1;2
1951;DEATH;Suicide;3;4;-302,38;0,1421;0,25;13;0;2;2
1952;DEATH;Suicide;3;18;-301,32;0,1420;0,28;14;2;3;4
1953;DEATH;Suicide;3;5;-302,44;0,1419;0,60;12;0;2;2
1954;DEATH;Suicide;3;4;-302,38;0,1417;0,00;12;0;2;2
1955;DEATH;Suicide;3;4;-302,43;0,1416;0,00;11;0;2;2
1956;DEATH;Suicide;3;4;-302,38;0,1414;0,00;11;0;2;2
1957;DEATH;Suicide;3;4;-302,38;0,1413;0,00;10;0;1;2
1958;DEATH;Suicide;3;34;-316,48;0,1411;0,15;12;2;2;4
1959;DEATH;Suicide;3;4;-302,43;0,1410;0,00;8;0;1;2
1960;DEATH;Suicide;3;5;-295,49;0,1409;0,40;17;1;1;2
1961;DEATH;Suicide;3;5;-302,89;0,1407;0,40;7;0;2;2
1962;DEATH;Suicide;3;11;-299,25;0,1406;0,09;11;2;2;4
1963;DEATH;Suicide;3;4;-302,43;0,1404;0,25;10;0;2;2
1964;DEATH;Suicide;3;4;-302,38;0,1403;0,00;13;0;2;2
1965;DEATH;Suicide;3;9;-293,68;0,1402;0,22;18;3;3;4
1966;DEATH;Suicide;3;4;-302,38;0,1400;0,00;10;0;2;2
1967;DEATH;Suicide;3;5;-302,89;0,1399;0,40;10;0;2;2
1968;DEATH;Suicide;3;4;-302,38;0,1397;0,00;11;0;2;2
1969;DEATH;Suicide;3;4;-302,38;0,1396;0,25;10;0;2;2
1970;DEATH;Suicide;3;13;-295,02;0,1395;0,23;9;3;1;2
1971;DEATH;Suicide;3;10;-305,79;0,1393;0,10;13;0;3;4
1972;DEATH;Suicide;3;4;-302,38;0,1392;0,25;13;0;1;2
1973;DEATH;Suicide;3;5;-295,39;0,1390;0,20;17;1;1;2
1974;DEATH;Suicide;3;4;-302,38;0,1389;0,00;15;0;1;2
1975;DEATH;Suicide;3;8;-297,72;0,1388;0,13;15;1;2;4
1976;DEATH;Suicide;3;10;-298,79;0,1386;0,20;11;2;3;4
1977;DEATH;Suicide;3;14;-302,08;0,1385;0,14;15;1;1;2
1978;DEATH;Suicide;3;7;-292,66;0,1384;0,14;18;2;2;4
1979;DEATH;Suicide;3;4;-302,38;0,1382;0,00;12;0;2;2
1980;DEATH;Suicide;3;9;-304,48;0,1381;0,33;13;1;2;2
1981;DEATH;Suicide;3;4;-302,43;0,1379;0,50;8;0;2;2
1982;DEATH;Suicide;3;6;-295,90;0,1378;0,33;12;1;2;2
1983;DEATH;Suicide;3;4;-302,38;0,1377;0,00;8;0;1;2
1984;DEATH;Suicide;3;4;-302,38;0,1375;0,25;10;0;2;2
1985;DEATH;Suicide;3;12;-294,01;0,1374;0,00;11;3;4;6
1986;DEATH;Suicide;3;4;-302,43;0,1372;0,00;7;0;2;2
1987;DEATH;Suicide;3;7;-297,76;0,1371;0,14;11;1;3;4
1988;DEATH;Suicide;3;4;-302,38;0,1370;0,25;14;0;2;2
1989;DEATH;Suicide;3;4;-302,38;0,1368;0,00;16;0;1;2
1990;DEATH;Suicide;3;4;-302,38;0,1367;0,00;13;0;1;2
1991;DEATH;Suicide;3;9;-305,73;0,1366;0,22;18;1;2;4
1992;DEATH;Suicide;3;4;-302,43;0,1364;0,25;12;0;1;2
1993;DEATH;Suicide;3;4;-302,38;0,1363;0,00;9;0;1;2
1994;DEATH;Suicide;3;4;-302,43;0,1362;0,00;6;0;2;2
1995;DEATH;Suicide;3;5;-302,89;0,1360;0,20;11;0;2;2
1996;DEATH;Suicide;3;4;-302,38;0,1359;0,00;12;0;1;2
1997;DEATH;Suicide;3;9;-293,68;0,1357;0,11;7;3;2;4
1998;DEATH;Suicide;3;4;-302,38;0,1356;0,25;8;0;2;2
1999;DEATH;Suicide;3;4;-302,43;0,1355;0,25;14;0;2;2
2000;DEATH;Suicide;3;4;-302,38;0,1353;0,00;13;0;1;2
2001;DEATH;Suicide;3;4;-302,38;0,1352;0,25;7;0;2;2
2002;DEATH;Suicide;3;4;-302,38;0,1351;0,25;8;0;2;2
2003;DEATH;Suicide;3;4;-302,38;0,1349;0,25;12;0;1;2
2004;DEATH;Suicide;3;9;-298,23;0,1348;0,22;11;2;2;4
2005;DEATH;Suicide;3;4;-302,38;0,1347;0,50;15;0;1;2
2006;DEATH;Suicide;3;4;-302,38;0,1345;0,00;12;0;1;2
2007;DEATH;Suicide;3;4;-302,38;0,1344;0,00;11;0;2;2
2008;DEATH;Suicide;3;9;-293,68;0,1343;0,11;17;3;2;4
2009;DEATH;Suicide;3;10;-297,04;0,1341;0,20;13;3;2;2
2010;DEATH;Suicide;3;4;-302,38;0,1340;0,25;11;0;2;2
2011;DEATH;Suicide;3;4;-302,38;0,1339;0,25;10;0;1;2
2012;DEATH;Suicide;3;7;-297,71;0,1337;0,14;10;1;2;4
2013;DEATH;Suicide;3;4;-302,43;0,1336;0,00;10;0;2;2
2014;DEATH;Suicide;3;4;-302,38;0,1335;0,00;9;0;1;2
2015;DEATH;Suicide;3;4;-302,38;0,1333;0,25;11;0;1;2
2016;DEATH;Suicide;3;4;-302,38;0,1332;0,00;11;0;1;2
2017;DEATH;Suicide;3;4;-302,38;0,1331;0,25;11;0;1;2
2018;DEATH;Suicide;3;20;-301,54;0,1329;0,30;11;2;2;4
2019;DEATH;Suicide;3;14;-299,08;0,1328;0,07;9;1;2;4
2020;DEATH;Suicide;3;4;-302,38;0,1327;0,00;11;0;2;2
2021;DEATH;Suicide;3;8;-298,22;0,1325;0,25;15;1;2;4
2022;DEATH;Suicide;3;8;-297,72;0,1324;0,25;8;1;3;4
2023;DEATH;Suicide;3;4;-302,38;0,1323;0,00;10;0;2;2
2024;DEATH;Suicide;3;4;-302,38;0,1321;0,25;11;0;2;2
2025;DEATH;Suicide;3;57;-407,01;0,1320;0,07;10;4;2;4
2026;DEATH;Suicide;3;4;-302,38;0,1319;0,00;9;0;2;2
2027;DEATH;Suicide;3;4;-302,38;0,1317;0,00;16;0;1;2
2028;DEATH;Suicide;3;4;-302,38;0,1316;0,25;8;0;1;2
2029;DEATH;Suicide;3;4;-302,38;0,1315;0,00;15;0;1;2
2030;DEATH;Suicide;3;4;-302,38;0,1313;0,00;13;0;1;2
2031;DEATH;Suicide;3;4;-302,38;0,1312;0,00;12;0;1;2
2032;DEATH;Suicide;3;4;-302,38;0,1311;0,00;11;0;1;2
2033;DEATH;Suicide;3;9;-293,78;0,1309;0,11;14;3;2;4
2034;DEATH;Suicide;3;19;-304,58;0,1308;0,32;15;3;4;8
2035;DEATH;Suicide;3;4;-302,38;0,1307;0,00;12;0;1;2
2036;DEATH;Suicide;3;4;-302,43;0,1306;0,00;12;0;1;2
2037;DEATH;Suicide;3;4;-302,43;0,1304;0,25;9;0;2;2
2038;DEATH;Suicide;3;4;-302,38;0,1303;0,00;13;0;1;2
2039;DEATH;Suicide;3;4;-302,38;0,1302;0,00;10;0;2;2
2040;DEATH;Suicide;3;5;-302,89;0,1300;0,20;8;0;1;2
2041;DEATH;Suicide;3;4;-302,38;0,1299;0,00;13;0;1;2
2042;DEATH;Suicide;3;4;-302,43;0,1298;0,25;8;0;2;2
2043;DEATH;Suicide;3;7;-297,71;0,1296;0,14;13;1;2;4
2044;DEATH;Suicide;3;4;-302,38;0,1295;0,00;10;0;2;2
2045;DEATH;Suicide;3;9;-298,33;0,1294;0,22;12;1;3;4
2046;DEATH;Suicide;3;42;-321,16;0,1293;0,14;12;6;2;4
2047;DEATH;Suicide;3;4;-302,43;0,1291;0,00;8;0;2;2
2048;DEATH;Suicide;3;6;-302,50;0,1290;0,33;10;0;2;2
2049;DEATH;Suicide;3;13;-300,57;0,1289;0,23;11;2;2;4
2050;DEATH;Suicide;3;10;-298,74;0,1287;0,10;7;1;2;4
2051;DEATH;Suicide;3;30;-323,39;0,1286;0,10;14;3;2;4
2052;DEATH;Suicide;3;16;-297,05;0,1285;0,31;14;3;3;4
2053;DEATH;Suicide;3;9;-298,33;0,1283;0,11;10;1;3;4
2054;DEATH;Suicide;3;4;-302,38;0,1282;0,00;14;0;1;2
2055;DEATH;Suicide;3;4;-302,38;0,1281;0,00;15;0;1;2
2056;DEATH;Suicide;3;4;-302,38;0,1280;0,00;17;0;2;2
2057;DEATH;Suicide;3;10;-297,89;0,1278;0,20;9;3;2;4
2058;DEATH;Suicide;3;4;-302,43;0,1277;0,00;6;0;2;2
2059;DEATH;Suicide;3;15;-299,59;0,1276;0,27;9;2;3;4
2060;DEATH;Suicide;3;4;-302,43;0,1275;0,25;6;0;2;2
2061;DEATH;Suicide;3;4;-302,38;0,1273;0,25;13;0;1;2
2062;DEATH;Suicide;3;4;-302,38;0,1272;0,25;11;0;1;2
2063;DEATH;Suicide;3;4;-302,38;0,1271;0,00;12;0;1;2
2064;DEATH;Suicide;3;4;-302,43;0,1269;0,00;14;0;2;2
2065;DEATH;Suicide;3;4;-302,43;0,1268;0,00;8;0;2;2
2066;DEATH;Suicide;3;13;-308,12;0,1267;0,08;10;1;3;6
2067;DEATH;Suicide;3;4;-302,43;0,1266;0,00;14;0;1;2
2068;DEATH;Suicide;3;4;-302,38;0,1264;0,00;16;0;2;2
2069;DEATH;Suicide;3;16;-305,95;0,1263;0,13;10;1;3;6
2070;DEATH;Suicide;3;4;-302,38;0,1262;0,00;12;0;1;2
2071;DEATH;Suicide;3;35;-314,44;0,1261;0,23;10;4;2;4
2072;DEATH;Suicide;3;4;-302,38;0,1259;0,25;12;0;2;2
2073;DEATH;Suicide;3;13;-300,17;0,1258;0,15;9;1;3;6
2074;DEATH;Suicide;3;4;-302,38;0,1257;0,00;9;0;2;2
2075;DEATH;Suicide;3;17;-298,81;0,1256;0,18;14;1;2;4
2076;DEATH;Suicide;3;4;-302,38;0,1254;0,00;12;0;1;2
2077;DEATH;Suicide;3;4;-302,38;0,1253;0,25;9;0;2;2
2078;DEATH;Suicide;3;8;-297,72;0,1252;0,00;13;1;3;4
2079;DEATH;Suicide;3;4;-302,38;0,1251;0,00;9;0;1;2
2080;DEATH;Suicide;3;7;-292,76;0,1249;0,00;15;2;2;4
2081;DEATH;Suicide;3;4;-302,43;0,1248;0,25;11;0;2;2
2082;DEATH;Suicide;3;5;-302,44;0,1247;0,40;12;0;2;2
2083;DEATH;Suicide;3;4;-302,38;0,1246;0,25;13;0;1;2
2084;DEATH;Suicide;3;4;-302,38;0,1244;0,00;12;0;1;2
2085;DEATH;Suicide;3;10;-298,39;0,1243;0,20;11;1;2;4
2086;DEATH;Suicide;3;7;-292,76;0,1242;0,29;15;2;3;4
2087;DEATH;Suicide;3;10;-292,99;0,1241;0,20;12;2;3;6
2088;DEATH;Suicide;3;4;-302,38;0,1239;0,25;11;0;2;2
2089;DEATH;Suicide;3;4;-302,38;0,1238;0,00;11;0;2;2
2090;DEATH;Suicide;3;4;-302,38;0,1237;0,25;13;0;2;2
2091;DEATH;Suicide;3;4;-302,38;0,1236;0,00;9;0;2;2
2092;DEATH;Suicide;3;4;-302,38;0,1234;0,25;10;0;2;2
2093;DEATH;Suicide;3;4;-302,38;0,1233;0,00;13;0;1;2
2094;DEATH;Suicide;3;4;-302,43;0,1232;0,00;13;0;2;2
2095;DEATH;Suicide;3;4;-302,43;0,1231;0,00;10;0;2;2
2096;DEATH;Suicide;3;10;-294,99;0,1229;0,10;11;2;3;6
2097;DEATH;Suicide;3;4;-302,38;0,1228;0,25;12;0;1;2
2098;DEATH;Suicide;3;4;-302,43;0,1227;0,00;12;0;2;2
2099;DEATH;Suicide;3;11;-305,40;0,1226;0,09;11;1;3;4
2100;DEATH;Suicide;3;8;-293,27;0,1225;0,13;11;2;2;4
2101;DEATH;Suicide;3;5;-302,44;0,1223;0,20;10;0;1;2
2102;DEATH;Suicide;3;7;-297,71;0,1222;0,43;12;1;2;4
2103;DEATH;Suicide;3;10;-297,84;0,1221;0,40;12;1;2;4
2104;DEATH;Suicide;3;4;-302,38;0,1220;0,25;12;0;1;2
2105;DEATH;Suicide;3;17;-304,41;0,1218;0,06;13;3;2;4
2106;DEATH;Suicide;3;31;-328,10;0,1217;0,10;13;5;3;4
2107;DEATH;Suicide;3;12;-283,21;0,1216;0,00;12;5;3;6
2108;DEATH;Suicide;3;4;-302,43;0,1215;0,00;7;0;2;2
2109;DEATH;Suicide;3;40;-321,64;0,1214;0,13;13;5;2;4
2110;DEATH;Suicide;3;4;-302,38;0,1212;0,25;15;0;2;2
2111;DEATH;Suicide;3;4;-302,43;0,1211;0,00;8;0;2;2
2112;DEATH;KilledByTarget;3;57;-105,91;0,1210;0,04;10;5;2;7
2113;DEATH;Suicide;3;4;-302,38;0,1209;0,00;14;0;2;2
2114;DEATH;Suicide;3;4;-302,38;0,1208;0,25;16;0;2;2
2115;DEATH;Suicide;3;4;-302,38;0,1206;0,50;14;0;1;2
2116;DEATH;Suicide;3;4;-302,38;0,1205;0,25;8;0;2;2
2117;DEATH;Suicide;3;4;-302,43;0,1204;0,25;13;0;2;2
2118;DEATH;Suicide;3;4;-302,38;0,1203;0,00;9;0;2;2
2119;DEATH;Suicide;3;4;-302,43;0,1201;0,50;9;0;2;2
2120;DEATH;Suicide;3;9;-297,63;0,1200;0,22;12;2;2;2
2121;DEATH;Suicide;3;4;-302,38;0,1199;0,25;13;0;1;2
2122;DEATH;Suicide;3;14;-298,08;0,1198;0,14;11;2;3;4
2123;DEATH;Suicide;3;4;-302,38;0,1197;0,00;9;0;2;2
2124;DEATH;Suicide;3;4;-302,38;0,1195;0,00;15;0;1;2
2125;DEATH;Suicide;3;4;-302,38;0,1194;0,00;15;0;1;2
2126;DEATH;Suicide;3;4;-302,38;0,1193;0,50;14;0;1;2
2127;DEATH;Suicide;3;4;-302,38;0,1192;0,25;10;0;1;2
2128;DEATH;Suicide;3;9;-298,78;0,1191;0,00;6;2;3;4
2129;DEATH;Suicide;3;10;-294,29;0,1190;0,00;14;2;2;4
2130;DEATH;Suicide;3;9;-303,18;0,1188;0,22;9;1;2;2
2131;DEATH;Suicide;3;9;-293,73;0,1187;0,11;11;2;3;4
2132;DEATH;Suicide;3;4;-302,38;0,1186;0,00;8;0;1;2
2133;DEATH;Suicide;3;19;-291,83;0,1185;0,05;12;4;3;6
2134;DEATH;Suicide;3;10;-305,79;0,1184;0,00;13;1;2;4
2135;DEATH;Suicide;3;4;-302,38;0,1182;0,00;11;0;2;2
2136;DEATH;Suicide;3;4;-302,38;0,1181;0,00;10;0;2;2
2137;DEATH;Suicide;3;4;-302,38;0,1180;0,25;13;0;2;2
2138;DEATH;Suicide;3;4;-302,38;0,1179;0,25;11;0;2;2
2139;DEATH;Suicide;3;4;-302,43;0,1178;0,00;9;0;2;2
2140;DEATH;Suicide;3;4;-302,38;0,1176;0,00;13;0;1;2
2141;DEATH;Suicide;3;4;-302,43;0,1175;0,00;9;0;2;2
2142;DEATH;Suicide;3;14;-301,48;0,1174;0,14;12;2;2;4
2143;DEATH;Suicide;3;4;-302,38;0,1173;0,00;13;0;1;2
2144;DEATH;Suicide;3;4;-302,38;0,1172;0,25;11;0;2;2
2145;DEATH;Suicide;3;4;-302,38;0,1171;0,00;13;0;1;2
2146;DEATH;Suicide;3;26;-304,85;0,1169;0,04;9;1;2;4
2147;DEATH;Suicide;3;10;-305,84;0,1168;0,40;11;0;2;4
2148;DEATH;Suicide;3;4;-302,38;0,1167;0,25;14;0;2;2
2149;DEATH;Suicide;3;33;-304,37;0,1166;0,09;10;3;2;4
2150;DEATH;Suicide;3;8;-293,27;0,1165;0,00;15;2;2;4
2151;DEATH;Suicide;3;13;-300,67;0,1164;0,08;13;2;2;4
2152;DEATH;Suicide;3;4;-302,43;0,1162;0,50;10;0;2;2
2153;DEATH;Suicide;3;4;-302,38;0,1161;0,25;16;0;2;2
2154;DEATH;Suicide;3;7;-297,71;0,1160;0,29;12;1;2;4
2155;DEATH;Suicide;3;4;-302,38;0,1159;0,25;9;0;2;2
2156;DEATH;Suicide;3;4;-302,38;0,1158;0,50;11;0;2;2
2157;DEATH;Suicide;3;4;-302,43;0,1157;0,00;8;0;2;2
2158;DEATH;Suicide;3;4;-302,38;0,1156;0,00;13;0;1;2
2159;DEATH;Suicide;3;4;-302,38;0,1154;0,50;8;0;2;2
2160;DEATH;Suicide;3;4;-302,43;0,1153;0,25;11;0;2;2
2161;DEATH;Suicide;3;14;-296,13;0,1152;0,14;13;4;3;6
2162;DEATH;Suicide;3;8;-297,72;0,1151;0,00;9;1;3;4
2163;DEATH;Suicide;3;4;-302,38;0,1150;0,00;11;0;2;2
2164;DEATH;Suicide;3;4;-302,38;0,1149;0,50;12;0;1;2
2165;DEATH;Suicide;3;35;-311,84;0,1147;0,11;11;7;2;4
2166;DEATH;Suicide;3;5;-295,39;0,1146;0,40;11;1;1;2
2167;DEATH;Suicide;3;4;-302,38;0,1145;0,00;11;0;1;2
2168;DEATH;Suicide;3;4;-302,43;0,1144;0,00;9;0;2;2
2169;DEATH;Suicide;3;4;-302,38;0,1143;0,25;14;0;2;2
2170;DEATH;Suicide;3;4;-302,38;0,1142;0,00;11;0;2;2
2171;DEATH;Suicide;3;4;-302,43;0,1141;0,25;13;0;1;2
2172;DEATH;Suicide;3;4;-302,43;0,1139;0,25;9;0;2;2
2173;DEATH;Suicide;3;4;-302,38;0,1138;0,00;11;0;1;2
2174;DEATH;Suicide;3;4;-302,38;0,1137;0,25;14;0;2;2
2175;DEATH;Suicide;3;4;-302,38;0,1136;0,00;15;0;1;2
2176;DEATH;Suicide;3;5;-302,44;0,1135;0,60;13;0;1;2
2177;DEATH;Suicide;3;8;-304,77;0,1134;0,13;11;0;2;4
2178;DEATH;Suicide;3;4;-302,43;0,1133;0,00;10;0;2;2
2179;DEATH;Suicide;3;4;-302,38;0,1131;0,25;12;0;1;2
2180;DEATH;Suicide;3;17;-310,71;0,1130;0,06;11;1;3;6
2181;DEATH;Suicide;3;4;-302,43;0,1129;0,25;12;0;1;2
2182;DEATH;Suicide;3;4;-302,38;0,1128;0,00;14;0;1;2
2183;DEATH;Suicide;3;4;-302,38;0,1127;0,00;11;0;1;2
2184;DEATH;Suicide;3;4;-302,38;0,1126;0,25;14;0;1;2
2185;DEATH;Suicide;3;4;-302,43;0,1125;0,00;5;0;2;2
2186;DEATH;Suicide;3;4;-302,38;0,1124;0,00;5;0;1;2
2187;DEATH;Suicide;3;4;-302,43;0,1122;0,00;6;0;1;2
2188;DEATH;Suicide;3;5;-302,89;0,1121;0,20;16;0;1;2
2189;DEATH;Suicide;3;4;-302,43;0,1120;0,00;11;0;2;2
2190;DEATH;Suicide;3;4;-302,38;0,1119;0,00;13;0;1;2
2191;DEATH;Suicide;3;21;-296,45;0,1118;0,24;14;4;4;6
2192;DEATH;Suicide;3;4;-302,38;0,1117;0,00;14;0;1;2
2193;DEATH;Suicide;3;4;-302,38;0,1116;0,00;14;0;2;2
2194;DEATH;Suicide;3;4;-302,38;0,1115;0,25;12;0;1;2
2195;DEATH;Suicide;3;4;-302,38;0,1114;0,00;14;0;1;2
2196;DEATH;Suicide;3;4;-302,43;0,1112;0,00;6;0;2;2
2197;DEATH;Suicide;3;4;-302,43;0,1111;0,25;12;0;1;2
2198;DEATH;Suicide;3;4;-302,38;0,1110;0,00;13;0;1;2
2199;DEATH;Suicide;3;4;-302,38;0,1109;0,25;15;0;2;2
2200;DEATH;Suicide;3;4;-302,38;0,1108;0,00;11;0;2;2
2201;DEATH;Suicide;3;4;-302,43;0,1107;0,00;9;0;2;2
2202;DEATH;Suicide;3;4;-302,43;0,1106;0,25;8;0;2;2
2203;DEATH;Suicide;3;4;-302,38;0,1105;0,00;13;0;2;2
2204;DEATH;Suicide;3;4;-302,43;0,1104;0,00;9;0;2;2
2205;DEATH;Suicide;3;16;-294,35;0,1102;0,13;10;4;4;6
2206;DEATH;Suicide;3;4;-302,38;0,1101;0,25;15;0;1;2
2207;DEATH;Suicide;3;4;-302,38;0,1100;0,00;8;0;2;2
2208;DEATH;Suicide;3;4;-302,38;0,1099;0,00;11;0;2;2
2209;DEATH;Suicide;3;18;-301,97;0,1098;0,17;13;3;2;4
2210;DEATH;Suicide;3;4;-302,38;0,1097;0,00;17;0;2;2
2211;DEATH;Suicide;3;4;-302,43;0,1096;0,25;12;0;2;2
2212;DEATH;Suicide;3;4;-302,38;0,1095;0,25;12;0;1;2
2213;DEATH;Suicide;3;4;-302,38;0,1094;0,00;11;0;2;2
2214;DEATH;Suicide;3;53;-397,42;0,1093;0,09;14;7;3;4
2215;DEATH;Suicide;3;15;-300,69;0,1091;0,07;16;2;2;4
2216;DEATH;Suicide;3;4;-302,43;0,1090;0,00;5;0;2;2
2217;DEATH;Suicide;3;4;-302,38;0,1089;0,00;15;0;1;2
2218;DEATH;Suicide;3;4;-302,43;0,1088;0,00;14;0;2;2
2219;DEATH;Suicide;3;4;-302,43;0,1087;0,00;9;0;2;2
2220;DEATH;Suicide;3;4;-302,38;0,1086;0,00;12;0;1;2
2221;DEATH;Suicide;3;5;-302,89;0,1085;0,40;12;0;1;2
2222;DEATH;Suicide;3;4;-302,38;0,1084;0,00;10;0;1;2
2223;DEATH;Suicide;3;30;-314,19;0,1083;0,10;12;4;3;4
2224;DEATH;Suicide;3;4;-302,43;0,1082;0,25;14;0;2;2
2225;DEATH;Suicide;3;4;-302,43;0,1081;0,25;10;0;2;2
2226;DEATH;Suicide;3;5;-295,44;0,1080;0,20;14;1;2;2
2227;DEATH;Suicide;3;4;-302,43;0,1078;0,00;8;0;2;2
2228;DEATH;Suicide;3;4;-302,38;0,1077;0,25;11;0;2;2
2229;DEATH;Suicide;3;9;-298,73;0,1076;0,11;14;1;2;4
2230;DEATH;Suicide;3;4;-302,43;0,1075;0,00;8;0;1;2
2231;DEATH;Suicide;3;4;-302,38;0,1074;0,00;10;0;2;2
2232;DEATH;Suicide;3;4;-302,38;0,1073;0,00;11;0;2;2
2233;DEATH;Suicide;3;11;-293,05;0,1072;0,00;17;2;3;6
2234;DEATH;Suicide;3;4;-302,43;0,1071;0,25;14;0;2;2
2235;DEATH;Suicide;3;8;-297,82;0,1070;0,13;17;1;3;4
2236;DEATH;Suicide;3;4;-302,38;0,1069;0,25;14;0;1;2
2237;DEATH;Suicide;3;4;-302,38;0,1068;0,25;16;0;1;2
2238;DEATH;Suicide;3;7;-292,76;0,1067;0,00;12;2;3;4
2239;DEATH;Suicide;3;36;-313,10;0,1066;0,19;10;3;2;4
2240;DEATH;Suicide;3;44;-360,28;0,1064;0,11;15;4;2;4
2241;DEATH;Suicide;3;16;-297,45;0,1063;0,06;11;3;2;4
2242;DEATH;Suicide;3;26;-298,70;0,1062;0,23;8;3;3;6
2243;DEATH;Suicide;3;4;-302,38;0,1061;0,25;9;0;1;2
2244;DEATH;Suicide;3;4;-302,43;0,1060;0,00;6;0;1;2
2245;DEATH;Suicide;3;5;-302,44;0,1059;0,20;11;0;1;2
2246;DEATH;Suicide;3;4;-302,38;0,1058;0,00;12;0;1;2
2247;DEATH;Suicide;3;4;-302,38;0,1057;0,25;5;0;1;2
2248;DEATH;Suicide;3;4;-302,43;0,1056;0,25;7;0;2;2
2249;DEATH;Suicide;3;4;-302,38;0,1055;0,00;13;0;1;2
2250;DEATH;Suicide;3;14;-297,23;0,1054;0,14;12;2;4;6
2251;DEATH;Suicide;3;10;-300,04;0,1053;0,20;10;1;3;6
2252;DEATH;Suicide;3;4;-302,43;0,1052;0,00;13;0;2;2
2253;DEATH;Suicide;3;4;-302,43;0,1051;0,00;11;0;2;2
2254;DEATH;Suicide;3;4;-302,38;0,1050;0,50;13;0;1;2
2255;DEATH;Suicide;3;4;-302,38;0,1049;0,00;9;0;2;2
2256;DEATH;Suicide;3;25;-293,79;0,1048;0,08;13;4;6;10
2257;DEATH;Suicide;3;8;-297,82;0,1047;0,00;12;1;3;4
2258;DEATH;Suicide;3;4;-302,43;0,1045;0,25;12;0;2;2
2259;DEATH;Suicide;3;12;-300,56;0,1044;0,08;13;2;4;6
2260;DEATH;Suicide;3;4;-302,38;0,1043;0,00;7;0;2;2
2261;DEATH;Suicide;3;55;-349,64;0,1042;0,07;13;5;2;4
2262;DEATH;Suicide;3;4;-302,43;0,1041;0,00;7;0;2;2
2263;DEATH;Suicide;3;4;-302,38;0,1040;0,00;12;0;1;2
2264;DEATH;Suicide;3;4;-302,43;0,1039;0,00;11;0;1;2
2265;DEATH;Suicide;3;27;-315,61;0,1038;0,04;11;1;3;4
2266;DEATH;Suicide;3;4;-302,43;0,1037;0,00;14;0;2;2
2267;DEATH;Suicide;3;4;-302,38;0,1036;0,25;7;0;1;2
2268;DEATH;Suicide;3;8;-297,72;0,1035;0,13;9;1;3;4
2269;DEATH;Suicide;3;4;-302,43;0,1034;0,25;11;0;2;2
2270;DEATH;Suicide;3;54;-360,93;0,1033;0,02;13;4;3;6
2271;DEATH;Suicide;3;12;-295,56;0,1032;0,08;8;3;2;4
2272;DEATH;Suicide;3;4;-302,38;0,1031;0,00;14;0;1;2
2273;DEATH;Suicide;3;21;-308,50;0,1030;0,05;8;3;2;4
2274;DEATH;Suicide;3;63;-409,77;0,1029;0,10;13;5;2;4
2275;DEATH;Suicide;3;4;-302,33;0,1028;0,50;16;0;2;2
2276;DEATH;Suicide;3;4;-302,43;0,1027;0,50;13;0;2;2
2277;DEATH;Suicide;3;4;-302,38;0,1026;0,25;11;0;1;2
2278;DEATH;Suicide;3;4;-302,38;0,1025;0,00;13;0;2;2
2279;DEATH;Suicide;3;10;-293,09;0,1024;0,20;9;2;3;6
2280;DEATH;Suicide;3;4;-302,38;0,1023;0,00;12;0;1;2
2281;DEATH;Suicide;3;12;-299,96;0,1022;0,00;12;3;2;4
2282;DEATH;Suicide;3;4;-302,43;0,1021;0,00;8;0;1;2
2283;DEATH;Suicide;3;8;-297,77;0,1020;0,38;10;1;2;4
2284;DEATH;Suicide;3;4;-302,38;0,1019;0,00;10;0;2;2
2285;DEATH;Suicide;3;62;-408,11;0,1018;0,11;12;7;3;4
2286;DEATH;Suicide;3;4;-302,38;0,1017;0,25;12;0;1;2
2287;DEATH;Suicide;3;4;-302,43;0,1016;0,00;7;0;2;2
2288;DEATH;Suicide;3;22;-319,76;0,1015;0,18;13;2;1;2
2289;DEATH;Suicide;3;7;-291,06;0,1014;0,43;13;2;2;2
2290;DEATH;Suicide;3;8;-297,72;0,1013;0,13;8;1;2;4
2291;DEATH;Suicide;3;4;-302,38;0,1012;0,00;15;0;2;2
2292;DEATH;Suicide;3;4;-302,38;0,1011;0,00;15;0;2;2
2293;DEATH;Suicide;3;11;-305,40;0,1010;0,36;9;1;2;4
2294;DEATH;Suicide;3;4;-302,43;0,1009;0,00;11;0;2;2
2295;DEATH;Suicide;3;5;-302,49;0,1007;0,40;12;0;1;2
2296;DEATH;Suicide;3;8;-293,27;0,1006;0,00;12;2;3;4
2297;DEATH;Suicide;3;4;-302,43;0,1005;0,00;10;0;2;2
2298;DEATH;Suicide;3;4;-302,38;0,1004;0,00;13;0;1;2
2299;DEATH;Suicide;3;4;-302,38;0,1003;0,00;10;0;1;2
2300;DEATH;Suicide;3;4;-302,38;0,1002;0,00;9;0;1;2
2301;DEATH;Suicide;3;4;-302,38;0,1001;0,00;10;0;1;2
2302;DEATH;Suicide;3;4;-302,38;0,1000;0,25;11;0;1;2
2303;DEATH;Suicide;3;4;-302,43;0,0999;0,25;9;0;1;2
2304;DEATH;Suicide;3;4;-302,38;0,0998;0,25;14;0;1;2
2305;DEATH;Suicide;3;4;-302,43;0,0997;0,25;10;0;2;2
2306;DEATH;Suicide;3;7;-297,76;0,0996;0,00;6;1;2;4
2307;DEATH;Suicide;3;4;-302,38;0,0995;0,00;12;0;1;2
2308;DEATH;Suicide;3;57;-375,66;0,0994;0,05;9;5;3;4
2309;DEATH;Suicide;3;4;-302,43;0,0993;0,00;10;0;2;2
2310;DEATH;Suicide;3;4;-302,38;0,0992;0,00;11;0;1;2
2311;DEATH;Suicide;3;9;-297,83;0,0991;0,00;13;2;3;4
2312;DEATH;Suicide;3;4;-302,43;0,0991;0,00;9;0;1;2
2313;DEATH;Suicide;3;4;-302,38;0,0990;0,00;14;0;2;2
2314;DEATH;Suicide;3;29;-307,93;0,0989;0,17;9;4;2;4
2315;DEATH;Suicide;3;4;-302,43;0,0988;0,00;12;0;2;2
2316;DEATH;Suicide;3;83;-355,57;0,0987;0,06;12;6;2;4
2317;DEATH;Suicide;3;4;-302,43;0,0986;0,25;9;0;1;2
2318;DEATH;Suicide;3;12;-300,21;0,0985;0,00;7;1;3;6
2319;DEATH;Suicide;3;22;-318,51;0,0984;0,09;11;1;2;4
2320;DEATH;Suicide;3;44;-296,88;0,0983;0,02;11;7;4;7
2321;DEATH;Suicide;3;4;-302,38;0,0982;0,00;12;0;2;2
2322;DEATH;Suicide;3;4;-302,43;0,0981;0,00;14;0;2;2
2323;DEATH;Suicide;3;4;-302,38;0,0980;0,00;13;0;1;2
2324;DEATH;Suicide;3;4;-302,43;0,0979;0,25;15;0;2;2
2325;DEATH;Suicide;3;25;-301,74;0,0978;0,12;9;3;2;4
2326;DEATH;Suicide;3;7;-292,76;0,0977;0,14;16;2;2;4
2327;DEATH;Suicide;3;46;-357,35;0,0976;0,11;12;7;3;4
2328;DEATH;Suicide;3;4;-302,43;0,0975;0,25;10;0;1;2
2329;DEATH;Suicide;3;4;-302,43;0,0974;0,00;10;0;2;2
2330;DEATH;Suicide;3;7;-292,76;0,0973;0,00;13;2;2;4
2331;DEATH;Suicide;3;4;-302,38;0,0972;0,25;17;0;2;2
2332;DEATH;Suicide;3;16;-290,50;0,0971;0,00;11;4;4;8
2333;DEATH;Suicide;3;4;-302,43;0,0970;0,00;9;0;2;2
2334;DEATH;Suicide;3;4;-302,38;0,0969;0,25;12;0;1;2
2335;DEATH;Suicide;3;4;-302,43;0,0968;0,25;13;0;1;2
2336;DEATH;Suicide;3;4;-302,38;0,0967;0,00;8;0;1;2
2337;DEATH;Suicide;3;4;-302,38;0,0966;0,00;9;0;1;2
2338;DEATH;Suicide;3;4;-302,38;0,0965;0,25;10;0;2;2
2339;DEATH;Suicide;3;5;-302,89;0,0964;0,20;16;0;1;2
2340;DEATH;Suicide;3;4;-302,38;0,0963;0,25;12;0;2;2
2341;DEATH;Suicide;3;9;-293,68;0,0962;0,11;12;2;2;4
2342;DEATH;Suicide;3;4;-302,38;0,0961;0,25;15;0;1;2
2343;DEATH;Suicide;3;4;-302,38;0,0960;0,00;7;0;2;2
2344;DEATH;Suicide;3;4;-302,38;0,0959;0,00;11;0;1;2
2345;DEATH;Suicide;3;32;-300,21;0,0958;0,06;8;4;4;8
2346;DEATH;Suicide;3;10;-299,29;0,0957;0,00;9;2;2;4
2347;DEATH;Suicide;3;11;-294,85;0,0956;0,00;9;3;2;4
2348;DEATH;Suicide;3;4;-302,38;0,0955;0,25;10;0;2;2
2349;DEATH;Suicide;3;4;-302,38;0,0955;0,00;13;0;2;2
2350;DEATH;Suicide;3;4;-302,43;0,0954;0,50;11;0;1;2
2351;DEATH;Suicide;3;11;-297,95;0,0953;0,00;9;2;2;4
2352;DEATH;Suicide;3;4;-302,38;0,0952;0,25;11;0;1;2
2353;DEATH;Suicide;3;4;-302,43;0,0951;0,00;10;0;2;2
2354;DEATH;Suicide;3;4;-302,38;0,0950;0,00;12;0;1;2
2355;DEATH;Suicide;3;4;-302,38;0,0949;0,00;15;0;2;2
2356;DEATH;Suicide;3;84;-404,38;0,0948;0,04;17;9;2;4
2357;DEATH;Suicide;3;4;-302,38;0,0947;0,25;11;0;2;2
2358;DEATH;Suicide;3;4;-302,43;0,0946;0,00;10;0;2;2
2359;DEATH;Suicide;3;4;-302,43;0,0945;0,25;11;0;2;2
2360;DEATH;Suicide;3;4;-302,38;0,0944;0,25;18;0;2;2
2361;DEATH;Suicide;3;4;-302,43;0,0943;0,00;12;0;2;2
2362;DEATH;Suicide;3;4;-302,43;0,0942;0,00;13;0;2;2
2363;DEATH;Suicide;3;4;-302,43;0,0941;0,25;11;0;1;2
2364;DEATH;Suicide;3;4;-302,38;0,0940;0,00;7;0;1;2
2365;DEATH;Suicide;3;4;-302,38;0,0939;0,25;12;0;1;2
2366;DEATH;Suicide;3;15;-301,19;0,0938;0,13;12;2;3;6
2367;DEATH;Suicide;3;4;-302,38;0,0937;0,00;15;0;1;2
2368;DEATH;Suicide;3;5;-302,89;0,0937;0,40;9;0;1;2
2369;DEATH;Suicide;3;4;-302,38;0,0936;0,25;11;0;1;2
2370;DEATH;Suicide;3;15;-298,24;0,0935;0,00;15;3;3;4
2371;DEATH;KilledByTarget;3;54;-127,68;0,0934;0,04;8;5;3;8
2372;DEATH;Suicide;3;8;-304,77;0,0933;0,00;14;0;3;4
2373;DEATH;Suicide;3;4;-302,43;0,0932;0,00;9;0;2;2
2374;DEATH;Suicide;3;4;-302,38;0,0931;0,00;13;0;1;2
2375;DEATH;Suicide;3;4;-302,38;0,0930;0,00;11;0;2;2
2376;DEATH;Suicide;3;4;-302,38;0,0929;0,00;12;0;2;2
2377;DEATH;Suicide;3;9;-297,88;0,0928;0,00;15;2;2;4
2378;DEATH;Suicide;3;33;-303,92;0,0927;0,03;8;5;4;8
2379;DEATH;Suicide;3;48;-335,22;0,0926;0,15;12;4;4;6
2380;DEATH;Suicide;3;7;-292,71;0,0925;0,14;9;2;2;4
2381;DEATH;Suicide;3;4;-302,38;0,0924;0,00;12;0;1;2
2382;DEATH;Suicide;3;4;-302,38;0,0924;0,00;12;0;1;2
2383;DEATH;Suicide;3;37;-343,86;0,0923;0,00;8;3;4;6
2384;DEATH;Suicide;3;14;-298,18;0,0922;0,07;10;2;3;4
2385;DEATH;Suicide;3;6;-302,55;0,0921;0,17;10;0;1;2
2386;DEATH;Suicide;3;4;-302,38;0,0920;0,00;14;0;1;2
2387;DEATH;Suicide;3;4;-302,38;0,0919;0,00;13;0;2;2
2388;DEATH;Suicide;3;4;-302,38;0,0918;0,25;18;0;1;2
2389;DEATH;Suicide;3;4;-302,38;0,0917;0,00;12;0;2;2
2390;DEATH;Suicide;3;19;-291,98;0,0916;0,16;14;4;3;6
2391;DEATH;Suicide;3;4;-302,38;0,0915;0,00;11;0;1;2
2392;DEATH;Suicide;3;134;-340,43;0,0914;0,05;14;3;3;6
2393;DEATH;Suicide;3;4;-302,38;0,0913;0,00;11;0;1;2
2394;WIN;None;3;22;-283,16;0,0912;0,09;8;3;4;8
2395;DEATH;Suicide;3;4;-302,43;0,0912;0,00;10;0;2;2
2396;DEATH;Suicide;3;60;-328,14;0,0911;0,12;10;5;3;6
2397;DEATH;Suicide;3;4;-302,43;0,0910;0,50;14;0;1;2
2398;DEATH;Suicide;3;4;-302,38;0,0909;0,00;8;0;1;2
2399;DEATH;KilledByTarget;3;84;-157,88;0,0908;0,08;13;9;5;9
2400;DEATH;Suicide;3;39;-304,58;0,0907;0,15;8;3;2;4
2401;DEATH;Suicide;3;9;-291,33;0,0906;0,11;17;3;2;4
2402;DEATH;Suicide;3;4;-302,38;0,0905;0,50;12;0;1;2
2403;DEATH;Suicide;3;12;-286,46;0,0904;0,17;8;3;2;4
2404;DEATH;Suicide;3;4;-302,38;0,0903;0,00;11;0;2;2
2405;DEATH;Suicide;3;4;-302,38;0,0903;0,25;8;0;1;2
2406;DEATH;Suicide;3;8;-304,77;0,0902;0,00;8;0;2;4
2407;DEATH;Suicide;3;4;-302,38;0,0901;0,00;11;0;2;2
2408;DEATH;Suicide;3;4;-302,38;0,0900;0,00;17;0;1;2
2409;DEATH;Suicide;3;4;-302,43;0,0899;0,00;12;0;2;2
2410;DEATH;Suicide;3;4;-302,38;0,0898;0,00;13;0;2;2
2411;DEATH;Suicide;3;45;-304,69;0,0897;0,02;15;4;2;4
2412;DEATH;Suicide;3;4;-302,38;0,0896;0,00;11;0;1;2
2413;DEATH;Suicide;3;7;-292,71;0,0895;0,00;9;2;3;4
2414;DEATH;Suicide;3;4;-302,38;0,0894;0,00;10;0;1;2
2415;DEATH;Suicide;3;4;-302,38;0,0894;0,00;14;0;1;2
2416;DEATH;Suicide;3;4;-302,38;0,0893;0,25;16;0;1;2
2417;DEATH;Suicide;3;9;-304,03;0,0892;0,22;15;0;1;2
2418;DEATH;Suicide;3;4;-302,38;0,0891;0,00;10;0;1;2
2419;DEATH;Suicide;3;4;-302,43;0,0890;0,00;11;0;2;2
2420;DEATH;Suicide;3;4;-302,43;0,0889;0,25;10;0;2;2
2421;DEATH;Suicide;3;4;-302,38;0,0888;0,00;14;0;1;2
2422;DEATH;Suicide;3;7;-292,66;0,0887;0,00;13;2;3;4
2423;DEATH;Suicide;3;10;-297,89;0,0886;0,20;14;1;3;4
2424;DEATH;Suicide;3;15;-298,24;0,0886;0,00;12;3;2;4
2425;DEATH;Suicide;3;4;-302,38;0,0885;0,25;10;0;1;2
2426;DEATH;Suicide;3;20;-306,24;0,0884;0,10;8;1;4;6
2427;DEATH;Suicide;3;4;-302,43;0,0883;0,00;6;0;2;2
2428;DEATH;Suicide;3;4;-302,38;0,0882;0,00;13;0;1;2
2429;WIN;None;3;35;195,21;0,0881;0,06;11;3;3;5
2430;DEATH;Suicide;3;10;-294,19;0,0880;0,00;17;3;3;4
2431;DEATH;Suicide;3;9;-293,78;0,0879;0,00;14;3;3;4
2432;DEATH;Suicide;3;4;-302,43;0,0878;0,00;9;0;2;2
2433;DEATH;Suicide;3;13;-288,67;0,0878;0,15;12;4;3;6
2434;DEATH;Suicide;3;4;-302,38;0,0877;0,00;9;0;1;2
2435;DEATH;Suicide;3;4;-302,38;0,0876;0,00;9;0;1;2
2436;DEATH;Suicide;3;20;-302,79;0,0875;0,10;12;3;4;8
2437;DEATH;Suicide;3;4;-302,38;0,0874;0,25;8;0;1;2
2438;DEATH;Suicide;3;23;-285,77;0,0873;0,13;11;6;4;8
2439;DEATH;Suicide;3;4;-302,38;0,0872;0,25;10;0;2;2
2440;DEATH;Suicide;3;4;-302,38;0,0871;0,00;11;0;2;2
2441;DEATH;Suicide;3;4;-302,38;0,0871;0,25;13;0;1;2
2442;DEATH;Suicide;3;39;-302,48;0,0870;0,08;9;7;3;6
2443;DEATH;Suicide;3;8;-297,72;0,0869;0,00;13;1;3;4
2444;DEATH;Suicide;3;8;-297,72;0,0868;0,13;10;1;2;4
2445;DEATH;Suicide;3;5;-302,89;0,0867;0,20;13;0;2;2
2446;DEATH;Suicide;3;4;-302,38;0,0866;0,00;14;0;2;2
2447;DEATH;Suicide;3;4;-302,38;0,0865;0,00;7;0;1;2
2448;DEATH;Suicide;3;4;-302,43;0,0864;0,25;13;0;2;2
2449;DEATH;Suicide;3;4;-302,38;0,0864;0,25;10;0;2;2
2450;DEATH;Suicide;3;4;-302,43;0,0863;0,00;14;0;1;2
2451;DEATH;Suicide;3;4;-302,38;0,0862;0,00;10;0;2;2
2452;DEATH;Suicide;3;4;-302,38;0,0861;0,00;12;0;2;2
2453;DEATH;Suicide;3;7;-297,76;0,0860;0,00;8;1;3;4
2454;DEATH;Suicide;3;7;-292,66;0,0859;0,00;9;2;2;4
2455;DEATH;Suicide;3;7;-292,66;0,0858;0,00;10;2;2;4
2456;DEATH;Suicide;3;4;-302,38;0,0858;0,25;13;0;1;2
2457;DEATH;Suicide;3;24;-300,48;0,0857;0,00;15;4;2;4
2458;DEATH;Suicide;3;4;-302,43;0,0856;0,25;11;0;2;2
2459;DEATH;Suicide;3;4;-302,38;0,0855;0,00;13;0;1;2
2460;DEATH;Suicide;3;4;-302,43;0,0854;0,00;14;0;2;2
2461;DEATH;Suicide;3;7;-297,76;0,0853;0,00;12;1;3;4
2462;DEATH;Suicide;3;4;-302,38;0,0852;0,00;11;0;1;2
2463;DEATH;Suicide;3;4;-302,38;0,0852;0,00;9;0;1;2
2464;DEATH;Suicide;3;4;-302,38;0,0851;0,25;18;0;1;2
2465;DEATH;Suicide;3;4;-302,38;0,0850;0,50;8;0;2;2
2466;DEATH;Suicide;3;4;-302,43;0,0849;0,00;12;0;2;2
2467;DEATH;KilledByTarget;3;41;-108,85;0,0848;0,05;10;4;2;7
2468;WIN;None;3;49;-290,83;0,0847;0,06;10;7;3;6
2469;DEATH;Suicide;3;4;-302,38;0,0847;0,00;14;0;1;2
2470;DEATH;Suicide;3;5;-302,44;0,0846;0,20;14;0;1;2
2471;DEATH;Suicide;3;4;-302,38;0,0845;0,00;15;0;2;2
2472;DEATH;Suicide;3;4;-302,38;0,0844;0,00;10;0;2;2
2473;DEATH;Suicide;3;24;-311,83;0,0843;0,08;9;4;2;4
2474;DEATH;Suicide;3;28;-306,72;0,0842;0,07;9;3;3;4
2475;DEATH;Suicide;3;4;-302,43;0,0841;0,00;14;0;2;2
2476;WIN;None;3;17;205,64;0,0841;0,12;8;3;3;6
2477;DEATH;Suicide;3;4;-302,43;0,0840;0,50;11;0;2;2
2478;DEATH;Suicide;3;13;-288,62;0,0839;0,15;12;3;4;6
2479;DEATH;Suicide;3;33;-342,82;0,0838;0,09;15;1;3;4
2480;DEATH;Suicide;3;4;-302,43;0,0837;0,25;11;0;2;2
2481;DEATH;Suicide;3;5;-295,39;0,0836;0,20;14;1;1;2
2482;DEATH;Suicide;3;47;-308,31;0,0836;0,06;9;4;2;4
2483;DEATH;Suicide;3;4;-302,38;0,0835;0,50;9;0;2;2
2484;DEATH;Suicide;3;15;-294,24;0,0834;0,07;11;5;3;6
2485;DEATH;Suicide;3;4;-302,38;0,0833;0,00;11;0;1;2
2486;DEATH;Suicide;3;4;-302,38;0,0832;0,00;9;0;2;2
2487;DEATH;Suicide;3;4;-302,38;0,0831;0,00;16;0;2;2
2488;DEATH;Suicide;3;5;-295,39;0,0831;0,40;15;1;1;2
2489;DEATH;Suicide;3;4;-302,38;0,0830;0,00;14;0;1;2
2490;DEATH;Suicide;3;4;-302,38;0,0829;0,00;13;0;1;2
2491;DEATH;Suicide;3;4;-302,38;0,0828;0,00;11;0;1;2
2492;DEATH;Suicide;3;4;-302,43;0,0827;0,00;10;0;2;2
2493;DEATH;Suicide;3;4;-302,43;0,0826;0,25;11;0;1;2
2494;DEATH;Suicide;3;4;-302,43;0,0826;0,00;11;0;2;2
2495;DEATH;Suicide;3;11;-299,25;0,0825;0,00;13;2;2;4
2496;DEATH;Suicide;3;8;-304,77;0,0824;0,00;12;0;3;4
2497;DEATH;Suicide;3;8;-297,77;0,0823;0,00;11;1;3;4
2498;DEATH;Suicide;3;4;-302,43;0,0822;0,00;13;0;2;2
2499;DEATH;Suicide;3;12;-300,56;0,0821;0,00;11;2;4;6
2500;DEATH;Suicide;3;7;-292,66;0,0821;0,14;10;2;2;4
2501;DEATH;Suicide;3;4;-302,43;0,0820;0,00;10;0;2;2
2502;WIN;None;3;16;-300,00;0,0819;0,00;8;4;4;8
2503;DEATH;Suicide;3;4;-302,38;0,0818;0,00;15;0;1;2
2504;DEATH;Suicide;3;17;-294,16;0,0817;0,00;12;4;2;4
2505;DEATH;Suicide;3;119;-385,38;0,0817;0,07;13;6;2;4
2506;DEATH;Suicide;3;16;-292,45;0,0816;0,13;11;4;2;4
2507;DEATH;Suicide;3;4;-302,38;0,0815;0,00;11;0;1;2
2508;DEATH;Suicide;3;4;-302,38;0,0814;0,00;7;0;2;2
2509;DEATH;Suicide;3;8;-304,77;0,0813;0,00;14;0;2;4
2510;DEATH;Suicide;3;4;-302,38;0,0813;0,25;14;0;1;2
2511;DEATH;Suicide;3;10;-297,94;0,0812;0,00;13;2;3;4
2512;DEATH;Suicide;3;4;-302,38;0,0811;0,25;15;0;1;2
2513;DEATH;Suicide;3;10;-293,29;0,0810;0,10;12;2;2;4
2514;DEATH;Suicide;3;4;-302,38;0,0809;0,25;10;0;1;2
2515;DEATH;Suicide;3;4;-302,38;0,0808;0,00;12;0;2;2
2516;DEATH;Suicide;3;4;-302,38;0,0808;0,00;17;0;1;2
2517;DEATH;KilledByTarget;3;80;-147,24;0,0807;0,10;10;5;4;11
2518;DEATH;Suicide;3;4;-302,38;0,0806;0,00;15;0;1;2
2519;DEATH;Suicide;3;4;-302,38;0,0805;0,00;12;0;2;2
2520;DEATH;Suicide;3;4;-302,38;0,0804;0,25;13;0;2;2
2521;DEATH;Suicide;3;19;-303,28;0,0804;0,16;13;4;2;4
2522;DEATH;Suicide;3;4;-302,38;0,0803;0,00;15;0;1;2
2523;DEATH;Suicide;3;4;-302,38;0,0802;0,00;14;0;2;2
2524;DEATH;Suicide;3;69;-345,78;0,0801;0,04;15;5;2;4
2525;DEATH;Suicide;3;4;-302,38;0,0800;0,25;8;0;2;2
2526;DEATH;Suicide;3;14;-297,28;0,0800;0,07;11;3;3;4
2527;DEATH;Suicide;3;4;-302,38;0,0799;0,00;9;0;1;2
2528;DEATH;Suicide;3;12;-294,36;0,0798;0,17;11;3;2;4
2529;DEATH;Suicide;3;43;-308,12;0,0797;0,09;13;7;3;4
2530;DEATH;Suicide;3;4;-302,38;0,0796;0,00;12;0;2;2
2531;DEATH;KilledByTarget;3;41;-134,15;0,0796;0,02;11;3;4;11
2532;DEATH;Suicide;3;5;-302,94;0,0795;0,40;11;0;2;2
2533;DEATH;Suicide;3;13;-307,62;0,0794;0,00;13;1;3;4
2534;DEATH;Suicide;3;4;-302,38;0,0793;0,00;13;0;1;2
2535;DEATH;Suicide;3;13;-300,57;0,0792;0,08;13;1;2;4
2536;DEATH;KilledByTarget;3;36;-120,35;0,0792;0,17;12;4;2;7
2537;DEATH;Suicide;3;4;-302,43;0,0791;0,25;13;0;1;2
2538;DEATH;Suicide;3;4;-302,38;0,0790;0,25;10;0;1;2
2539;DEATH;Suicide;3;4;-302,38;0,0789;0,00;15;0;1;2
2540;DEATH;Suicide;3;4;-302,38;0,0788;0,00;12;0;2;2
2541;DEATH;Suicide;3;4;-302,43;0,0788;0,00;9;0;2;2
2542;DEATH;Suicide;3;4;-302,43;0,0787;0,00;11;0;2;2
2543;DEATH;Suicide;3;12;-295,51;0,0786;0,08;11;3;2;4
2544;DEATH;Suicide;3;5;-302,44;0,0785;0,20;12;0;2;2
2545;DEATH;Suicide;3;4;-302,38;0,0785;0,00;10;0;1;2
2546;DEATH;Suicide;3;4;-302,38;0,0784;0,25;8;0;1;2
2547;DEATH;Suicide;3;4;-302,43;0,0783;0,00;9;0;2;2
2548;DEATH;Suicide;3;29;-308,73;0,0782;0,10;8;3;3;4
2549;DEATH;Suicide;3;4;-302,43;0,0781;0,00;12;0;2;2
2550;DEATH;Suicide;3;4;-302,43;0,0781;0,00;12;0;2;2
2551;DEATH;Suicide;3;24;-298,63;0,0780;0,00;10;3;5;10
2552;DEATH;Suicide;3;4;-302,38;0,0779;0,00;15;0;1;2
2553;DEATH;Suicide;3;4;-302,38;0,0778;0,50;14;0;1;2
2554;DEATH;Suicide;3;9;-305,33;0,0778;0,00;12;1;3;4
2555;DEATH;Suicide;3;52;-308,11;0,0777;0,08;12;7;4;8
2556;DEATH;Suicide;3;4;-302,38;0,0776;0,00;9;0;1;2
2557;DEATH;Suicide;3;39;-327,28;0,0775;0,05;10;3;2;4
2558;DEATH;Suicide;3;4;-302,38;0,0774;0,25;12;0;1;2
2559;DEATH;Suicide;3;5;-302,89;0,0774;0,20;9;0;1;2
2560;DEATH;Suicide;3;4;-302,38;0,0773;0,25;10;0;2;2
2561;DEATH;Suicide;3;4;-302,38;0,0772;0,00;10;0;1;2
2562;DEATH;Suicide;3;4;-302,38;0,0771;0,00;11;0;1;2
2563;DEATH;Suicide;3;11;-306,35;0,0771;0,18;15;0;3;4
2564;DEATH;Suicide;3;4;-302,38;0,0770;0,00;12;0;1;2
2565;DEATH;Suicide;3;4;-302,43;0,0769;0,00;11;0;2;2
2566;DEATH;Suicide;3;4;-302,38;0,0768;0,00;9;0;1;2
2567;DEATH;Suicide;3;4;-302,38;0,0767;0,25;12;0;2;2
2568;DEATH;Suicide;3;10;-298,39;0,0767;0,00;9;1;3;4
2569;DEATH;Suicide;3;4;-302,38;0,0766;0,00;8;0;1;2
2570;DEATH;Suicide;3;14;-297,18;0,0765;0,00;14;3;3;6
2571;DEATH;Suicide;3;4;-302,43;0,0764;0,00;11;0;2;2
2572;DEATH;Suicide;3;4;-302,38;0,0764;0,00;16;0;1;2
2573;DEATH;Suicide;3;4;-302,38;0,0763;0,25;12;0;1;2
2574;DEATH;Suicide;3;4;-302,38;0,0762;0,50;17;0;1;2
2575;DEATH;Suicide;3;4;-302,38;0,0761;0,25;13;0;1;2
2576;DEATH;Suicide;3;7;-297,71;0,0761;0,00;9;1;3;4
2577;DEATH;Suicide;3;10;-294,19;0,0760;0,20;11;3;2;4
2578;DEATH;Suicide;3;4;-302,38;0,0759;0,00;17;0;1;2
2579;DEATH;Suicide;3;4;-302,38;0,0758;0,00;13;0;1;2
2580;DEATH;Suicide;3;4;-302,38;0,0758;0,00;13;0;1;2
2581;DEATH;KilledByTarget;3;82;-186,71;0,0757;0,04;6;3;2;8
2582;DEATH;Suicide;3;4;-302,38;0,0756;0,00;13;0;1;2
2583;DEATH;Suicide;3;16;-300,05;0,0755;0,19;11;2;2;4
2584;DEATH;Suicide;3;4;-302,38;0,0755;0,00;12;0;2;2
2585;DEATH;Suicide;3;4;-302,38;0,0754;0,00;13;0;1;2
2586;DEATH;Suicide;3;14;-301,18;0,0753;0,14;9;3;3;6
2587;DEATH;Suicide;3;4;-302,38;0,0752;0,00;8;0;2;2
2588;DEATH;Suicide;3;4;-302,43;0,0752;0,00;10;0;2;2
2589;DEATH;Suicide;3;12;-298,86;0,0751;0,17;15;2;3;4
2590;DEATH;Suicide;3;7;-292,66;0,0750;0,00;10;2;2;4
2591;DEATH;Suicide;3;4;-302,38;0,0749;0,00;11;0;1;2
2592;DEATH;Suicide;3;4;-302,38;0,0749;0,00;14;0;1;2
2593;DEATH;Suicide;3;4;-302,43;0,0748;0,25;12;0;1;2
2594;DEATH;Suicide;3;4;-302,43;0,0747;0,00;9;0;2;2
2595;DEATH;Suicide;3;4;-302,38;0,0746;0,25;13;0;1;2
2596;DEATH;Suicide;3;7;-304,71;0,0746;0,14;9;0;3;4
2597;DEATH;Suicide;3;11;-293,05;0,0745;0,00;11;2;4;6
2598;DEATH;Suicide;3;35;-303,39;0,0744;0,09;10;2;3;4
2599;DEATH;Suicide;3;4;-302,38;0,0743;0,00;10;0;2;2
2600;DEATH;Suicide;3;8;-304,82;0,0743;0,13;16;0;3;4
2601;DEATH;Suicide;3;45;-331,74;0,0742;0,09;14;5;2;4
2602;DEATH;Suicide;3;4;-302,43;0,0741;0,00;13;0;2;2
2603;DEATH;Suicide;3;21;-306,60;0,0740;0,00;14;3;2;4
2604;DEATH;Suicide;3;4;-302,38;0,0740;0,00;13;0;1;2
2605;DEATH;Suicide;3;4;-302,38;0,0739;0,00;14;0;2;2
2606;DEATH;Suicide;3;4;-302,43;0,0738;0,00;14;0;2;2
2607;DEATH;Suicide;3;4;-302,43;0,0737;0,25;13;0;1;2
2608;DEATH;Suicide;3;4;-302,43;0,0737;0,00;14;0;2;2
2609;DEATH;Suicide;3;4;-302,38;0,0736;0,00;12;0;2;2
2610;DEATH;Suicide;3;4;-302,43;0,0735;0,25;8;0;2;2
2611;DEATH;Suicide;3;4;-302,43;0,0734;0,00;13;0;2;2
2612;DEATH;Suicide;3;4;-302,38;0,0734;0,25;13;0;1;2
2613;DEATH;Suicide;3;4;-302,38;0,0733;0,00;11;0;1;2
2614;DEATH;Suicide;3;4;-302,38;0,0732;0,25;12;0;1;2
2615;DEATH;Suicide;3;79;-434,03;0,0731;0,04;12;4;2;4
2616;DEATH;Suicide;3;16;-302,55;0,0731;0,00;14;2;4;8
2617;DEATH;Suicide;3;4;-302,38;0,0730;0,00;15;0;1;2
2618;DEATH;Suicide;3;4;-302,38;0,0729;0,00;14;0;1;2
2619;DEATH;Suicide;3;4;-302,38;0,0729;0,50;14;0;1;2
2620;DEATH;Suicide;3;4;-302,38;0,0728;0,00;10;0;1;2
2621;DEATH;Suicide;3;4;-302,43;0,0727;0,25;13;0;2;2
2622;DEATH;Suicide;3;4;-302,38;0,0726;0,25;15;0;1;2
2623;DEATH;Suicide;3;4;-302,38;0,0726;0,00;13;0;2;2
2624;DEATH;Suicide;3;4;-302,38;0,0725;0,00;9;0;1;2
2625;DEATH;Suicide;3;4;-302,43;0,0724;0,00;14;0;2;2
2626;DEATH;Suicide;3;45;-302,74;0,0723;0,00;12;8;4;6
2627;DEATH;Suicide;3;4;-302,38;0,0723;0,00;14;0;2;2
2628;DEATH;Suicide;3;13;-294,82;0,0722;0,15;9;3;3;4
2629;DEATH;Suicide;3;14;-297,33;0,0721;0,00;10;2;2;4
2630;DEATH;Suicide;3;4;-302,38;0,0721;0,00;11;0;1;2
2631;DEATH;Suicide;3;4;-302,38;0,0720;0,00;12;0;2;2
2632;DEATH;Suicide;3;13;-305,07;0,0719;0,00;9;0;2;4
2633;DEATH;Suicide;3;4;-302,43;0,0718;0,00;11;0;2;2
2634;DEATH;Suicide;3;4;-302,38;0,0718;0,00;14;0;1;2
2635;DEATH;Suicide;3;4;-302,43;0,0717;0,00;9;0;2;2
2636;DEATH;Suicide;3;4;-302,43;0,0716;0,00;14;0;2;2
2637;DEATH;Suicide;3;4;-302,38;0,0716;0,00;13;0;2;2
2638;DEATH;Suicide;3;4;-302,38;0,0715;0,00;13;0;2;2
2639;WIN;None;3;37;175,79;0,0714;0,08;9;2;4;6
2640;DEATH;Suicide;3;5;-302,89;0,0713;0,20;16;0;1;2
2641;DEATH;Suicide;3;4;-302,38;0,0713;0,00;12;0;1;2
2642;DEATH;Suicide;3;4;-302,38;0,0712;0,00;15;0;2;2
2643;DEATH;Suicide;3;4;-302,43;0,0711;0,00;8;0;2;2
2644;DEATH;Suicide;3;4;-302,43;0,0711;0,25;9;0;2;2
2645;DEATH;Suicide;3;4;-302,38;0,0710;0,00;15;0;1;2
2646;DEATH;Suicide;3;18;-298,77;0,0709;0,11;12;2;4;6
2647;DEATH;Suicide;3;4;-302,43;0,0708;0,00;8;0;2;2
2648;DEATH;Suicide;3;4;-302,38;0,0708;0,25;7;0;1;2
2649;DEATH;Suicide;3;18;-299,27;0,0707;0,06;9;3;3;4
2650;DEATH;Suicide;3;30;-295,04;0,0706;0,10;10;6;4;8
2651;DEATH;Suicide;3;4;-302,38;0,0706;0,00;13;0;1;2
2652;DEATH;Suicide;3;4;-302,43;0,0705;0,00;14;0;2;2
2653;DEATH;Suicide;3;4;-302,43;0,0704;0,00;9;0;2;2
2654;DEATH;Suicide;3;4;-302,38;0,0703;0,00;15;0;2;2
2655;DEATH;Suicide;3;4;-302,43;0,0703;0,00;14;0;2;2
2656;DEATH;Suicide;3;23;-303,72;0,0702;0,04;8;3;3;6
2657;DEATH;Suicide;3;12;-298,66;0,0701;0,00;10;4;3;6
2658;DEATH;Suicide;3;10;-297,84;0,0701;0,10;9;2;2;4
2659;DEATH;Suicide;3;4;-302,38;0,0700;0,00;16;0;2;2
2660;DEATH;Suicide;3;8;-297,72;0,0699;0,00;8;1;3;4
2661;DEATH;Suicide;3;4;-302,38;0,0699;0,00;16;0;2;2
2662;DEATH;Suicide;3;4;-302,38;0,0698;0,00;13;0;1;2
2663;DEATH;Suicide;3;23;-311,82;0,0697;0,09;11;2;2;4
2664;DEATH;Suicide;3;10;-297,84;0,0696;0,00;11;2;2;4
2665;DEATH;Suicide;3;4;-302,43;0,0696;0,00;11;0;2;2
2666;DEATH;Suicide;3;19;-304,73;0,0695;0,11;8;2;4;6
2667;DEATH;Suicide;3;4;-302,43;0,0694;0,25;14;0;2;2
2668;DEATH;Suicide;3;4;-302,38;0,0694;0,00;15;0;1;2
2669;DEATH;Suicide;3;21;-297,50;0,0693;0,14;12;3;2;4
2670;DEATH;Suicide;3;4;-302,38;0,0692;0,25;12;0;1;2
2671;DEATH;Suicide;3;11;-278,15;0,0692;0,18;9;1;3;6
2672;DEATH;Suicide;3;4;-302,38;0,0691;0,00;11;0;1;2
2673;DEATH;Suicide;3;4;-302,38;0,0690;0,00;7;0;1;2
2674;DEATH;Suicide;3;4;-302,38;0,0690;0,00;16;0;1;2
2675;DEATH;Suicide;3;4;-302,38;0,0689;0,00;13;0;1;2
2676;DEATH;Suicide;3;41;-359,60;0,0688;0,02;15;6;2;4
2677;DEATH;Suicide;3;4;-302,38;0,0687;0,00;12;0;2;2
2678;DEATH;Suicide;3;4;-302,43;0,0687;0,00;10;0;2;2
2679;DEATH;Suicide;3;10;-294,24;0,0686;0,10;12;3;3;4
2680;DEATH;Suicide;3;4;-302,43;0,0685;0,00;8;0;2;2
2681;DEATH;Suicide;3;29;-295,23;0,0685;0,10;12;5;2;4
2682;DEATH;Suicide;3;4;-302,38;0,0684;0,25;8;0;2;2
2683;DEATH;Suicide;3;8;-304,77;0,0683;0,25;11;0;2;4
2684;DEATH;Suicide;3;4;-302,38;0,0683;0,00;10;0;1;2
2685;DEATH;Suicide;3;4;-302,43;0,0682;0,00;15;0;2;2
2686;DEATH;Suicide;3;8;-297,77;0,0681;0,13;9;1;2;4
2687;DEATH;Suicide;3;4;-302,38;0,0681;0,25;14;0;1;2
2688;DEATH;Suicide;3;4;-302,38;0,0680;0,25;11;0;1;2
2689;DEATH;Suicide;3;28;-307,17;0,0679;0,21;13;5;2;4
2690;DEATH;Suicide;3;4;-302,38;0,0679;0,00;12;0;1;2
2691;DEATH;Suicide;3;4;-302,38;0,0678;0,00;13;0;1;2
2692;DEATH;Suicide;3;4;-302,38;0,0677;0,25;12;0;2;2
2693;DEATH;Suicide;3;4;-302,43;0,0677;0,00;13;0;2;2
2694;DEATH;Suicide;3;4;-302,43;0,0676;0,00;16;0;2;2
2695;DEATH;Suicide;3;10;-297,89;0,0675;0,10;13;2;2;4
2696;DEATH;Suicide;3;4;-302,38;0,0675;0,25;9;0;2;2
2697;DEATH;Suicide;3;4;-302,38;0,0674;0,00;8;0;2;2
2698;DEATH;Suicide;3;14;-297,23;0,0673;0,00;10;3;4;6
2699;DEATH;Suicide;3;14;-297,23;0,0673;0,00;12;4;2;4
2700;DEATH;Suicide;3;12;-294,31;0,0672;0,08;13;3;2;4
2701;DEATH;Suicide;3;4;-302,43;0,0671;0,00;11;0;2;2
2702;DEATH;Suicide;3;4;-302,38;0,0671;0,25;9;0;2;2
2703;DEATH;Suicide;3;4;-302,43;0,0670;0,00;13;0;2;2
2704;DEATH;Suicide;3;4;-302,43;0,0669;0,25;12;0;2;2
2705;DEATH;Suicide;3;57;-307,81;0,0668;0,05;11;6;6;12
2706;DEATH;Suicide;3;4;-302,38;0,0668;0,00;9;0;1;2
2707;DEATH;Suicide;3;4;-302,38;0,0667;0,25;14;0;1;2
2708;DEATH;Suicide;3;4;-302,43;0,0666;0,25;7;0;1;2
2709;DEATH;Suicide;3;9;-298,28;0,0666;0,11;12;2;3;4
2710;DEATH;Suicide;3;4;-302,38;0,0665;0,00;5;0;1;2
2711;DEATH;Suicide;3;4;-302,38;0,0664;0,25;13;0;1;2
2712;DEATH;Suicide;3;4;-302,38;0,0664;0,00;11;0;1;2
2713;DEATH;Suicide;3;8;-297,82;0,0663;0,00;11;1;2;4
2714;DEATH;Suicide;3;20;-301,74;0,0662;0,05;15;2;3;4
2715;DEATH;Suicide;3;4;-302,38;0,0662;0,00;10;0;1;2
2716;DEATH;KilledByTarget;3;69;-141,58;0,0661;0,09;8;5;4;11
2717;DEATH;Suicide;3;4;-302,43;0,0661;0,00;8;0;2;2
2718;DEATH;Suicide;3;4;-302,38;0,0660;0,00;14;0;1;2
2719;DEATH;Suicide;3;4;-302,43;0,0659;0,00;11;0;2;2
2720;DEATH;Suicide;3;4;-302,43;0,0659;0,00;13;0;2;2
2721;DEATH;Suicide;3;4;-302,43;0,0658;0,00;12;0;2;2
2722;DEATH;Suicide;3;8;-304,77;0,0657;0,00;13;0;2;4
2723;DEATH;Suicide;3;4;-302,43;0,0657;0,00;13;0;2;2
2724;DEATH;Suicide;3;7;-292,71;0,0656;0,00;15;2;2;4
2725;DEATH;Suicide;3;12;-294,31;0,0655;0,00;12;3;3;4
2726;DEATH;Suicide;3;4;-302,43;0,0655;0,25;12;0;1;2
2727;DEATH;Suicide;3;4;-302,38;0,0654;0,50;15;0;2;2
2728;DEATH;Suicide;3;23;-320,22;0,0653;0,13;10;1;2;4
2729;DEATH;Suicide;3;4;-302,38;0,0653;0,50;11;0;1;2
2730;DEATH;Suicide;3;4;-302,43;0,0652;0,25;14;0;1;2
2731;DEATH;Suicide;3;37;-319,01;0,0651;0,08;12;4;2;4
2732;DEATH;Suicide;3;4;-302,38;0,0651;0,00;11;0;2;2
2733;DEATH;Suicide;3;12;-305,96;0,0650;0,00;12;1;3;4
2734;DEATH;Suicide;3;4;-302,38;0,0649;0,00;14;0;2;2
2735;DEATH;Suicide;3;4;-302,38;0,0649;0,00;13;0;1;2
2736;DEATH;Suicide;3;4;-302,38;0,0648;0,00;11;0;1;2
2737;DEATH;Suicide;3;4;-302,43;0,0647;0,00;12;0;2;2
2738;DEATH;Suicide;3;5;-295,39;0,0647;0,20;14;1;2;2
2739;DEATH;KilledByTarget;3;26;-109,60;0,0646;0,00;13;4;3;9
2740;DEATH;Suicide;3;4;-302,38;0,0645;0,00;15;0;1;2
2741;DEATH;Suicide;3;4;-302,43;0,0645;0,00;12;0;2;2
2742;DEATH;Suicide;3;32;-318,76;0,0644;0,06;10;4;2;4
2743;DEATH;Suicide;3;4;-302,43;0,0644;0,25;12;0;2;2
2744;DEATH;Suicide;3;12;-300,01;0,0643;0,08;16;1;2;2
2745;DEATH;Suicide;3;4;-302,38;0,0642;0,00;12;0;1;2
2746;DEATH;KilledByTarget;3;54;-111,03;0,0642;0,06;13;7;3;6
2747;DEATH;Suicide;3;53;-310,57;0,0641;0,04;12;5;3;6
2748;DEATH;Suicide;3;4;-302,38;0,0640;0,00;8;0;2;2
2749;DEATH;Suicide;3;4;-302,38;0,0640;0,00;10;0;1;2
2750;DEATH;Suicide;3;4;-302,43;0,0639;0,00;13;0;2;2
2751;DEATH;Suicide;3;8;-297,77;0,0638;0,13;9;1;3;4
2752;DEATH;Suicide;3;4;-302,38;0,0638;0,00;8;0;1;2
2753;DEATH;Suicide;3;4;-302,43;0,0637;0,25;11;0;1;2
2754;DEATH;Suicide;3;4;-302,38;0,0637;0,25;13;0;1;2
2755;DEATH;Suicide;3;4;-302,38;0,0636;0,00;8;0;1;2
2756;DEATH;Suicide;3;4;-302,43;0,0635;0,00;13;0;2;2
2757;DEATH;Suicide;3;4;-302,43;0,0635;0,00;9;0;2;2
2758;DEATH;Suicide;3;9;-293,73;0,0634;0,11;14;3;3;4
2759;DEATH;Suicide;3;20;-301,99;0,0633;0,15;9;2;3;6
2760;DEATH;Suicide;3;34;-310,48;0,0633;0,06;9;4;3;4
2761;DEATH;Suicide;3;4;-302,38;0,0632;0,00;12;0;1;2
2762;DEATH;Suicide;3;4;-302,43;0,0631;0,00;11;0;2;2
2763;DEATH;Suicide;3;4;-302,38;0,0631;0,00;16;0;1;2
2764;DEATH;Suicide;3;4;-302,38;0,0630;0,00;13;0;1;2
2765;DEATH;Suicide;3;4;-302,38;0,0630;0,00;15;0;2;2
2766;DEATH;Suicide;3;11;-305,40;0,0629;0,18;8;1;2;4
2767;DEATH;Suicide;3;4;-302,43;0,0628;0,00;10;0;2;2
2768;DEATH;Suicide;3;4;-302,38;0,0628;0,00;10;0;1;2
2769;DEATH;Suicide;3;4;-302,38;0,0627;0,25;12;0;1;2
2770;DEATH;Suicide;3;4;-302,38;0,0626;0,25;15;0;2;2
2771;DEATH;Suicide;3;4;-302,38;0,0626;0,00;11;0;1;2
2772;DEATH;Suicide;3;4;-302,38;0,0625;0,00;18;0;1;2
2773;DEATH;Suicide;3;14;-295,33;0,0625;0,14;14;4;4;6
2774;DEATH;Suicide;3;12;-298,91;0,0624;0,17;9;1;2;4
2775;DEATH;Suicide;3;4;-302,38;0,0623;0,00;12;0;1;2
2776;DEATH;Suicide;3;4;-302,38;0,0623;0,00;10;0;2;2
2777;DEATH;Suicide;3;4;-302,43;0,0622;0,00;13;0;2;2
2778;DEATH;Suicide;3;37;-345,76;0,0621;0,00;10;2;2;4
2779;DEATH;Suicide;3;4;-302,38;0,0621;0,25;7;0;1;2
2780;DEATH;Suicide;3;4;-302,38;0,0620;0,00;12;0;1;2
2781;DEATH;Suicide;3;4;-302,43;0,0620;0,25;10;0;1;2
2782;DEATH;Suicide;3;4;-302,38;0,0619;0,00;9;0;1;2
2783;DEATH;Suicide;3;103;-311,57;0,0618;0,07;12;4;2;4
2784;DEATH;Suicide;3;4;-302,38;0,0618;0,00;10;0;1;2
2785;DEATH;Suicide;3;4;-302,38;0,0617;0,00;14;0;2;2
2786;DEATH;Suicide;3;13;-296,37;0,0616;0,08;13;3;2;4
2787;DEATH;Suicide;3;7;-292,71;0,0616;0,14;14;2;2;4
2788;DEATH;Suicide;3;4;-302,43;0,0615;0,25;9;0;2;2
2789;DEATH;Suicide;3;4;-302,43;0,0615;0,00;13;0;2;2
2790;DEATH;Suicide;3;4;-302,38;0,0614;0,00;14;0;1;2
2791;DEATH;KilledByTarget;3;77;-106,41;0,0613;0,03;12;7;3;8
2792;DEATH;Suicide;3;4;-302,38;0,0613;0,25;12;0;2;2
2793;DEATH;Suicide;3;4;-302,38;0,0612;0,00;11;0;2;2
2794;DEATH;Suicide;3;4;-302,38;0,0612;0,00;10;0;1;2
2795;DEATH;Suicide;3;4;-302,43;0,0611;0,00;5;0;2;2
2796;DEATH;Suicide;3;4;-302,38;0,0610;0,00;11;0;1;2
2797;DEATH;Suicide;3;22;-301,91;0,0610;0,05;10;3;2;4
2798;DEATH;Suicide;3;4;-302,43;0,0609;0,00;11;0;2;2
2799;DEATH;Suicide;3;4;-302,38;0,0608;0,00;13;0;2;2
2800;DEATH;Suicide;3;4;-302,43;0,0608;0,00;9;0;2;2
2801;DEATH;Suicide;3;4;-302,38;0,0607;0,00;12;0;1;2
2802;DEATH;Suicide;3;4;-302,38;0,0607;0,25;13;0;1;2
2803;DEATH;Suicide;3;4;-302,43;0,0606;0,25;13;0;2;2
2804;DEATH;Suicide;3;4;-302,43;0,0605;0,00;8;0;2;2
2805;DEATH;KilledByTarget;3;15;-101,04;0,0605;0,00;7;3;3;8
2806;DEATH;Suicide;3;21;-297,15;0,0604;0,05;8;4;5;8
2807;DEATH;Suicide;3;49;-321,28;0,0604;0,08;7;4;4;8
2808;DEATH;Suicide;3;4;-302,43;0,0603;0,50;10;0;2;2
2809;DEATH;Suicide;3;24;-310,28;0,0602;0,04;10;3;3;6
2810;DEATH;Suicide;3;4;-302,43;0,0602;0,00;13;0;2;2
2811;DEATH;Suicide;3;4;-302,43;0,0601;0,00;10;0;2;2
2812;DEATH;Suicide;3;4;-302,43;0,0601;0,25;10;0;2;2
2813;DEATH;Suicide;3;4;-302,38;0,0600;0,25;15;0;1;2
2814;DEATH;Suicide;3;4;-302,43;0,0599;0,00;13;0;2;2
2815;DEATH;Suicide;3;4;-302,38;0,0599;0,00;11;0;1;2
2816;DEATH;Suicide;3;4;-302,43;0,0598;0,25;10;0;2;2
2817;DEATH;Suicide;3;61;-329,15;0,0598;0,03;10;6;2;4
2818;DEATH;Suicide;3;14;-306,93;0,0597;0,14;10;1;2;4
2819;DEATH;Suicide;3;5;-302,89;0,0596;0,40;11;0;1;2
2820;DEATH;Suicide;3;13;-301,37;0,0596;0,08;11;2;3;4
2821;DEATH;KilledByTarget;3;52;-130,01;0,0595;0,12;9;3;7;15
2822;DEATH;Suicide;3;11;-299,25;0,0595;0,00;12;1;2;4
2823;DEATH;Suicide;3;32;-306,56;0,0594;0,03;11;4;3;4
2824;DEATH;Suicide;3;4;-302,38;0,0593;0,00;10;0;1;2
2825;DEATH;Suicide;3;19;-301,88;0,0593;0,05;9;2;2;4
2826;WIN;None;3;55;208,56;0,0592;0,13;8;3;6;10
2827;DEATH;Suicide;3;4;-302,38;0,0592;0,00;13;0;1;2
2828;DEATH;Suicide;3;4;-302,38;0,0591;0,00;15;0;1;2
2829;DEATH;Suicide;3;4;-302,38;0,0590;0,25;7;0;1;2
2830;DEATH;Suicide;3;4;-302,38;0,0590;0,00;15;0;1;2
2831;DEATH;Suicide;3;69;-376,03;0,0589;0,06;14;7;3;4
2832;DEATH;Suicide;3;4;-302,38;0,0589;0,00;16;0;2;2
2833;DEATH;Suicide;3;27;-319,01;0,0588;0,07;8;4;2;4
2834;DEATH;Suicide;3;4;-302,38;0,0588;0,25;11;0;1;2
2835;DEATH;Suicide;3;12;-306,16;0,0587;0,25;13;1;1;2
2836;DEATH;Suicide;3;4;-302,38;0,0586;0,00;9;0;1;2
2837;DEATH;Suicide;3;7;-292,71;0,0586;0,00;15;2;2;4
2838;DEATH;Suicide;3;4;-302,38;0,0585;0,00;10;0;1;2
2839;DEATH;Suicide;3;4;-302,38;0,0585;0,25;12;0;1;2
2840;DEATH;Suicide;3;7;-292,71;0,0584;0,00;15;2;3;4
2841;DEATH;Suicide;3;4;-302,38;0,0583;0,00;8;0;1;2
2842;DEATH;Suicide;3;30;-303,79;0,0583;0,03;9;5;4;6
2843;DEATH;Suicide;3;4;-302,38;0,0582;0,00;14;0;1;2
2844;DEATH;Suicide;3;17;-310,76;0,0582;0,00;10;1;3;6
2845;DEATH;Suicide;3;4;-302,38;0,0581;0,25;12;0;2;2
2846;DEATH;Suicide;3;4;-302,38;0,0581;0,00;9;0;1;2
2847;DEATH;Suicide;3;8;-297,82;0,0580;0,13;14;1;3;4
2848;DEATH;Suicide;3;4;-302,43;0,0579;0,00;11;0;2;2
2849;DEATH;Suicide;3;4;-302,43;0,0579;0,00;15;0;2;2
2850;DEATH;Suicide;3;4;-302,43;0,0578;0,25;12;0;2;2
2851;DEATH;Suicide;3;20;-302,99;0,0578;0,00;15;4;4;6
2852;DEATH;Suicide;3;10;-288,09;0,0577;0,20;7;3;3;6
2853;DEATH;Suicide;3;4;-302,38;0,0576;0,00;14;0;1;2
2854;DEATH;Suicide;3;45;-314,04;0,0576;0,04;13;3;2;4
2855;DEATH;Suicide;3;4;-302,43;0,0575;0,00;11;0;2;2
2856;DEATH;Suicide;3;17;-294,41;0,0575;0,06;15;3;4;6
2857;DEATH;Suicide;3;9;-293,73;0,0574;0,00;15;3;2;4
2858;DEATH;Suicide;3;12;-298,51;0,0574;0,17;10;2;3;4
2859;DEATH;Suicide;3;16;-296,45;0,0573;0,00;10;3;5;8
2860;DEATH;Suicide;3;11;-298,35;0,0572;0,09;12;2;3;4
2861;DEATH;Suicide;3;17;-297,01;0,0572;0,06;13;4;5;8
2862;DEATH;Suicide;3;4;-302,38;0,0571;0,00;12;0;2;2
2863;DEATH;Suicide;3;13;-296,62;0,0571;0,00;12;2;4;6
2864;DEATH;Suicide;3;4;-302,38;0,0570;0,00;13;0;2;2
2865;DEATH;Suicide;3;4;-302,38;0,0570;0,25;13;0;2;2
2866;DEATH;Suicide;3;28;-299,42;0,0569;0,00;10;3;1;2
2867;DEATH;Suicide;3;4;-302,43;0,0568;0,00;12;0;2;2
2868;DEATH;Suicide;3;4;-302,43;0,0568;0,00;10;0;2;2
2869;DEATH;Suicide;3;4;-302,43;0,0567;0,00;10;0;2;2
2870;DEATH;Suicide;3;4;-302,38;0,0567;0,00;13;0;1;2
2871;DEATH;Suicide;3;4;-302,38;0,0566;0,00;10;0;1;2
2872;DEATH;Suicide;3;5;-295,39;0,0566;0,20;12;1;2;2
2873;DEATH;Suicide;3;4;-302,43;0,0565;0,00;7;0;2;2
2874;DEATH;Suicide;3;4;-302,43;0,0565;0,25;10;0;2;2
2875;DEATH;Suicide;3;4;-302,43;0,0564;0,25;11;0;2;2
2876;DEATH;Suicide;3;4;-302,38;0,0563;0,25;9;0;1;2
2877;DEATH;Suicide;3;4;-302,38;0,0563;0,00;12;0;1;2
2878;DEATH;Suicide;3;4;-302,38;0,0562;0,00;13;0;1;2
2879;DEATH;Suicide;3;8;-297,72;0,0562;0,13;10;1;3;4
2880;DEATH;Suicide;3;4;-302,38;0,0561;0,25;12;0;1;2
2881;DEATH;Suicide;3;7;-292,71;0,0561;0,00;12;2;2;4
2882;DEATH;Suicide;3;4;-302,38;0,0560;0,00;13;0;1;2
2883;DEATH;Suicide;3;15;-298,69;0,0559;0,00;8;3;3;4
2884;DEATH;Suicide;3;4;-302,43;0,0559;0,00;10;0;2;2
2885;DEATH;Suicide;3;12;-303,96;0,0558;0,08;10;2;2;4
2886;DEATH;Suicide;3;4;-302,38;0,0558;0,00;9;0;1;2
2887;DEATH;Suicide;3;4;-302,38;0,0557;0,00;9;0;1;2
2888;DEATH;Suicide;3;4;-302,38;0,0557;0,00;9;0;1;2
2889;DEATH;Suicide;3;4;-302,38;0,0556;0,00;11;0;1;2
2890;DEATH;Suicide;3;7;-292,71;0,0556;0,00;10;2;2;4
2891;DEATH;Suicide;3;16;-300,90;0,0555;0,00;8;2;4;6
2892;DEATH;Suicide;3;26;-295,80;0,0554;0,23;12;3;4;6
2893;DEATH;Suicide;3;4;-302,38;0,0554;0,00;12;0;2;2
2894;DEATH;Suicide;3;4;-302,43;0,0553;0,00;12;0;2;2
2895;DEATH;Suicide;3;4;-302,38;0,0553;0,25;11;0;1;2
2896;DEATH;Suicide;3;8;-293,22;0,0552;0,25;8;2;2;4
2897;DEATH;Suicide;3;4;-302,38;0,0552;0,00;10;0;1;2
2898;DEATH;Suicide;3;12;-298,01;0,0551;0,17;14;3;2;4
2899;DEATH;Suicide;3;4;-302,38;0,0551;0,00;12;0;1;2
2900;DEATH;Suicide;3;4;-302,43;0,0550;0,00;8;0;2;2
2901;DEATH;Suicide;3;7;-292,66;0,0549;0,00;10;2;3;4
2902;DEATH;Suicide;3;4;-302,38;0,0549;0,00;13;0;1;2
2903;DEATH;Suicide;3;4;-302,38;0,0548;0,00;12;0;1;2
2904;DEATH;Suicide;3;4;-302,38;0,0548;0,25;11;0;1;2
2905;DEATH;Suicide;3;4;-302,43;0,0547;0,00;8;0;2;2
2906;DEATH;Suicide;3;4;-302,38;0,0547;0,00;16;0;1;2
2907;DEATH;Suicide;3;4;-302,43;0,0546;0,25;15;0;2;2
2908;DEATH;Suicide;3;20;-304,79;0,0546;0,15;13;5;2;4
2909;DEATH;Suicide;3;28;-325,57;0,0545;0,04;9;2;3;4
2910;DEATH;Suicide;3;4;-302,38;0,0545;0,00;10;0;1;2
2911;DEATH;Suicide;3;4;-302,38;0,0544;0,25;12;0;2;2
2912;DEATH;Suicide;3;16;-300,10;0,0543;0,06;13;3;2;4
2913;DEATH;Suicide;3;4;-302,38;0,0543;0,25;11;0;1;2
2914;DEATH;Suicide;3;39;-315,03;0,0542;0,05;11;4;3;4
2915;DEATH;Suicide;3;4;-302,38;0,0542;0,00;17;0;2;2
2916;DEATH;Suicide;3;7;-292,71;0,0541;0,00;13;2;3;4
2917;DEATH;Suicide;3;57;-314,11;0,0541;0,04;13;2;4;6
2918;DEATH;Suicide;3;79;-312,13;0,0540;0,05;10;5;2;4
2919;DEATH;Suicide;3;4;-302,38;0,0540;0,00;12;0;1;2
2920;DEATH;Suicide;3;9;-304,83;0,0539;0,00;10;1;3;4
2921;DEATH;Suicide;3;4;-302,38;0,0539;0,00;12;0;1;2
2922;DEATH;Suicide;3;4;-302,38;0,0538;0,50;13;0;2;2
2923;DEATH;Suicide;3;4;-302,43;0,0537;0,00;10;0;2;2
2924;DEATH;Suicide;3;10;-294,24;0,0537;0,00;8;2;2;4
2925;DEATH;Suicide;3;9;-293,73;0,0536;0,11;14;3;3;4
2926;DEATH;Suicide;3;4;-302,38;0,0536;0,00;13;0;1;2
2927;DEATH;Suicide;3;4;-302,38;0,0535;0,00;12;0;1;2
2928;DEATH;Suicide;3;4;-302,43;0,0535;0,00;12;0;2;2
2929;DEATH;Suicide;3;4;-302,38;0,0534;0,00;16;0;2;2
2930;DEATH;Suicide;3;4;-302,38;0,0534;0,00;18;0;2;2
2931;DEATH;Suicide;3;4;-302,38;0,0533;0,00;13;0;1;2
2932;DEATH;Suicide;3;5;-295,39;0,0533;0,20;6;1;2;2
2933;DEATH;Suicide;3;13;-289,57;0,0532;0,00;10;4;4;6
2934;DEATH;Suicide;3;4;-302,43;0,0532;0,00;12;0;2;2
2935;DEATH;Suicide;3;67;-371,76;0,0531;0,03;14;6;2;4
2936;DEATH;Suicide;3;4;-302,43;0,0531;0,00;12;0;2;2
2937;DEATH;Suicide;3;4;-302,43;0,0530;0,00;9;0;2;2
2938;DEATH;Suicide;3;4;-302,38;0,0529;0,00;10;0;1;2
2939;DEATH;Suicide;3;4;-302,43;0,0529;0,00;4;0;2;2
2940;DEATH;Suicide;3;29;-313,43;0,0528;0,03;9;3;3;4
2941;DEATH;Suicide;3;4;-302,43;0,0528;0,25;14;0;2;2
2942;DEATH;Suicide;3;4;-302,38;0,0527;0,00;11;0;1;2
2943;DEATH;Suicide;3;12;-296,11;0,0527;0,00;12;3;4;6
2944;DEATH;Suicide;3;4;-302,43;0,0526;0,00;13;0;2;2
2945;DEATH;Suicide;3;4;-302,38;0,0526;0,00;9;0;1;2
2946;DEATH;Suicide;3;32;-310,26;0,0525;0,03;10;4;4;8
2947;DEATH;Suicide;3;4;-302,43;0,0525;0,00;10;0;2;2
2948;DEATH;Suicide;3;4;-302,43;0,0524;0,00;14;0;2;2
2949;DEATH;Suicide;3;4;-302,38;0,0524;0,00;10;0;1;2
2950;DEATH;Suicide;3;10;-294,19;0,0523;0,10;13;4;3;4
2951;DEATH;Suicide;3;7;-297,71;0,0523;0,14;10;1;2;4
2952;DEATH;Suicide;3;13;-289,57;0,0522;0,00;14;5;4;6
2953;DEATH;Suicide;3;4;-302,38;0,0522;0,00;11;0;1;2
2954;DEATH;Suicide;3;8;-293,17;0,0521;0,13;9;2;2;4
2955;DEATH;Suicide;3;4;-302,38;0,0521;0,00;10;0;1;2
2956;DEATH;Suicide;3;4;-302,38;0,0520;0,00;14;0;1;2
2957;DEATH;Suicide;3;41;-323,55;0,0520;0,05;11;3;4;6
2958;DEATH;Suicide;3;4;-302,38;0,0519;0,00;15;0;2;2
2959;DEATH;Suicide;3;4;-302,38;0,0518;0,00;10;0;2;2
2960;DEATH;Suicide;3;12;-289,01;0,0518;0,00;15;4;4;6
2961;DEATH;Suicide;3;20;-310,84;0,0517;0,05;13;3;2;2
2962;DEATH;Suicide;3;4;-302,38;0,0517;0,00;10;0;2;2
2963;DEATH;Suicide;3;10;-295,09;0,0516;0,00;15;2;4;6
2964;DEATH;Suicide;3;4;-302,38;0,0516;0,00;9;0;1;2
2965;DEATH;Suicide;3;4;-302,38;0,0515;0,25;10;0;1;2
2966;DEATH;Suicide;3;4;-302,38;0,0515;0,00;11;0;1;2
2967;DEATH;Suicide;3;48;-350,12;0,0514;0,06;11;4;3;4
2968;DEATH;Suicide;3;4;-302,43;0,0514;0,00;13;0;2;2
2969;DEATH;Suicide;3;4;-302,38;0,0513;0,00;14;0;2;2
2970;DEATH;Suicide;3;5;-302,44;0,0513;0,20;13;0;2;2
2971;DEATH;Suicide;3;4;-302,38;0,0512;0,00;11;0;1;2
2972;DEATH;Suicide;3;7;-292,66;0,0512;0,00;10;2;2;4
2973;DEATH;Suicide;3;4;-302,38;0,0511;0,00;13;0;1;2
2974;DEATH;Suicide;3;4;-302,43;0,0511;0,00;15;0;2;2
2975;DEATH;Suicide;3;4;-302,43;0,0510;0,00;7;0;2;2
2976;DEATH;Suicide;3;4;-302,43;0,0510;0,00;10;0;1;2
2977;DEATH;Suicide;3;4;-302,38;0,0509;0,25;11;0;1;2
2978;DEATH;Suicide;3;13;-299,87;0,0509;0,00;10;2;3;4
2979;DEATH;Suicide;3;7;-292,71;0,0508;0,14;8;2;2;4
2980;DEATH;Suicide;3;4;-302,43;0,0508;0,25;13;0;2;2
2981;DEATH;Suicide;3;4;-302,38;0,0507;0,00;11;0;1;2
2982;DEATH;Suicide;3;7;-297,71;0,0507;0,14;9;1;2;4
2983;DEATH;Suicide;3;4;-302,38;0,0506;0,00;9;0;1;2
2984;DEATH;Suicide;3;24;-304,18;0,0506;0,08;12;4;4;8
2985;DEATH;Suicide;3;10;-294,24;0,0505;0,00;11;3;2;4
2986;DEATH;Suicide;3;4;-302,43;0,0505;0,00;7;0;2;2
2987;DEATH;Suicide;3;4;-302,38;0,0504;0,00;15;0;2;2
2988;DEATH;Suicide;3;4;-302,38;0,0504;0,00;12;0;1;2
2989;DEATH;Suicide;3;4;-302,43;0,0503;0,00;8;0;2;2
2990;DEATH;Suicide;3;9;-298,33;0,0503;0,11;8;1;3;4
2991;DEATH;Suicide;3;4;-302,43;0,0502;0,00;4;0;2;2
2992;DEATH;Suicide;3;4;-302,43;0,0502;0,00;11;0;2;2
2993;DEATH;Suicide;3;22;-306,66;0,0501;0,09;10;2;4;6
2994;DEATH;Suicide;3;20;-304,79;0,0501;0,00;11;5;2;4
2995;DEATH;Suicide;3;4;-302,38;0,0500;0,00;11;0;1;2
2996;DEATH;Suicide;3;4;-302,43;0,0500;0,00;12;0;2;2
2997;DEATH;Suicide;3;9;-293,73;0,0500;0,22;12;3;2;4
2998;DEATH;Suicide;3;4;-302,43;0,0500;0,00;11;0;2;2
2999;DEATH;KilledByTarget;3;34;-124,48;0,0500;0,00;7;4;1;5
3000;DEATH;Suicide;3;4;-302,38;0,0500;0,00;12;0;1;2
3001;DEATH;Suicide;3;13;-296,37;0,0500;0,15;5;2;2;4
3002;DEATH;Suicide;3;4;-302,43;0,0500;0,25;13;0;2;2
3003;DEATH;Suicide;3;4;-302,43;0,0500;0,00;9;0;2;2
3004;DEATH;Suicide;3;4;-302,38;0,0500;0,00;8;0;1;2
3005;DEATH;Suicide;3;4;-302,38;0,0500;0,00;13;0;1;2
3006;DEATH;Suicide;3;4;-302,38;0,0500;0,00;7;0;2;2
3007;DEATH;KilledByTarget;3;69;-124,98;0,0500;0,06;13;6;2;7
3008;DEATH;Suicide;3;78;-321,67;0,0500;0,04;11;6;3;8
3009;DEATH;Suicide;3;4;-302,43;0,0500;0,00;12;0;2;2
3010;DEATH;Suicide;3;4;-302,43;0,0500;0,00;11;0;2;2
3011;DEATH;Suicide;3;4;-302,43;0,0500;0,00;11;0;2;2
3012;DEATH;Suicide;3;7;-292,66;0,0500;0,00;11;2;2;4
3013;DEATH;Suicide;3;4;-302,43;0,0500;0,00;12;0;2;2
3014;DEATH;Suicide;3;8;-298,27;0,0500;0,13;14;1;3;4
3015;DEATH;Suicide;3;4;-302,43;0,0500;0,00;12;0;2;2
3016;DEATH;Suicide;3;4;-302,38;0,0500;0,25;11;0;2;2
3017;DEATH;Suicide;3;4;-302,43;0,0500;0,25;8;0;2;2
3018;DEATH;Suicide;3;10;-294,19;0,0500;0,10;11;3;3;4
3019;DEATH;Suicide;3;4;-302,43;0,0500;0,25;9;0;2;2
3020;DEATH;Suicide;3;4;-302,38;0,0500;0,00;14;0;1;2
3021;DEATH;Suicide;3;4;-302,43;0,0500;0,00;7;0;2;2
3022;DEATH;Suicide;3;4;-302,38;0,0500;0,00;12;0;1;2
3023;DEATH;Suicide;3;4;-302,38;0,0500;0,00;14;0;1;2
3024;DEATH;Suicide;3;4;-302,43;0,0500;0,00;12;0;2;2
3025;DEATH;Suicide;3;7;-292,71;0,0500;0,14;13;2;2;4
3026;DEATH;Suicide;3;4;-302,43;0,0500;0,00;14;0;2;2
3027;DEATH;Suicide;3;7;-292,71;0,0500;0,00;12;2;2;4
3028;DEATH;Suicide;3;4;-302,43;0,0500;0,00;11;0;1;2
3029;DEATH;Suicide;3;4;-302,38;0,0500;0,00;11;0;1;2
3030;DEATH;Suicide;3;10;-299,24;0,0500;0,00;8;3;2;4
3031;DEATH;Suicide;3;4;-302,38;0,0500;0,00;16;0;1;2
3032;DEATH;Suicide;3;24;-316,88;0,0500;0,04;12;3;3;4
3033;DEATH;Suicide;3;4;-302,38;0,0500;0,25;8;0;1;2
3034;DEATH;Suicide;3;4;-302,38;0,0500;0,00;16;0;1;2
3035;DEATH;Suicide;3;4;-302,38;0,0500;0,00;13;0;1;2
3036;DEATH;Suicide;3;4;-302,38;0,0500;0,00;14;0;2;2
3037;DEATH;Suicide;3;4;-302,38;0,0500;0,00;8;0;1;2
3038;DEATH;Suicide;3;4;-302,38;0,0500;0,00;11;0;1;2
3039;DEATH;Suicide;3;4;-302,43;0,0500;0,00;12;0;1;2
3040;DEATH;Suicide;3;4;-302,43;0,0500;0,25;8;0;2;2
3041;DEATH;Suicide;3;11;-294,80;0,0500;0,00;11;3;3;4
3042;DEATH;Suicide;3;4;-302,38;0,0500;0,00;12;0;2;2
3043;DEATH;Suicide;3;4;-302,38;0,0500;0,00;11;0;1;2
3044;DEATH;Suicide;3;4;-302,43;0,0500;0,00;9;0;2;2
3045;DEATH;Suicide;3;4;-302,43;0,0500;0,00;13;0;2;2
3046;DEATH;Suicide;3;11;-295,60;0,0500;0,09;12;2;4;6
3047;DEATH;Suicide;3;4;-302,38;0,0500;0,00;10;0;1;2
3048;DEATH;Suicide;3;4;-302,38;0,0500;0,00;13;0;1;2
3049;DEATH;Suicide;3;4;-302,38;0,0500;0,00;11;0;1;2
3050;DEATH;Suicide;3;4;-302,43;0,0500;0,00;13;0;2;2
3051;DEATH;Suicide;3;4;-302,43;0,0500;0,00;13;0;2;2
3052;DEATH;Suicide;3;8;-297,72;0,0500;0,13;9;1;3;4
3053;DEATH;Suicide;3;4;-302,43;0,0500;0,00;9;0;2;2
3054;DEATH;Suicide;3;21;-304,20;0,0500;0,05;13;2;4;8
3055;DEATH;Suicide;3;4;-302,38;0,0500;0,00;9;0;2;2
3056;DEATH;Suicide;3;4;-302,38;0,0500;0,00;8;0;1;2
3057;DEATH;Suicide;3;4;-302,43;0,0500;0,00;13;0;2;2
3058;DEATH;Suicide;3;43;-315,57;0,0500;0,09;12;8;4;8
3059;DEATH;Suicide;3;4;-302,38;0,0500;0,00;14;0;1;2
3060;DEATH;Suicide;3;4;-302,38;0,0500;0,25;13;0;1;2
3061;DEATH;Suicide;3;4;-302,43;0,0500;0,25;10;0;1;2
3062;DEATH;Suicide;3;4;-302,43;0,0500;0,00;13;0;2;2
3063;DEATH;Suicide;3;4;-302,43;0,0500;0,00;14;0;2;2
3064;DEATH;Suicide;3;6;-302,50;0,0500;0,17;17;0;1;2
3065;DEATH;Suicide;3;54;-383,48;0,0500;0,00;12;5;4;8
3066;DEATH;Suicide;3;19;-298,38;0,0500;0,00;11;3;5;10
3067;DEATH;Suicide;3;4;-302,38;0,0500;0,00;8;0;1;2
3068;DEATH;Suicide;3;4;-302,43;0,0500;0,00;13;0;2;2
3069;DEATH;Suicide;3;4;-302,38;0,0500;0,25;10;0;1;2
3070;DEATH;Suicide;3;4;-302,38;0,0500;0,00;13;0;2;2
3071;DEATH;Suicide;3;4;-302,38;0,0500;0,00;14;0;1;2
3072;DEATH;Suicide;3;38;-314,27;0,0500;0,08;10;3;2;4
3073;DEATH;Suicide;3;18;-297,12;0,0500;0,11;10;3;3;4
3074;DEATH;Suicide;3;7;-297,71;0,0500;0,29;11;1;2;4
3075;DEATH;Suicide;3;4;-302,38;0,0500;0,00;9;0;1;2
3076;DEATH;Suicide;3;4;-302,38;0,0500;0,00;9;0;1;2
3077;DEATH;Suicide;3;69;-312,33;0,0500;0,10;12;4;3;6
3078;DEATH;Suicide;3;4;-302,43;0,0500;0,00;9;0;2;2
3079;DEATH;Suicide;3;4;-302,43;0,0500;0,00;8;0;2;2
3080;DEATH;Suicide;3;13;-289,62;0,0500;0,00;13;5;4;6
3081;DEATH;Suicide;3;4;-302,38;0,0500;0,00;7;0;1;2
3082;DEATH;Suicide;3;4;-302,38;0,0500;0,00;14;0;1;2
3083;DEATH;Suicide;3;4;-302,43;0,0500;0,00;10;0;2;2
3084;DEATH;Suicide;3;7;-297,71;0,0500;0,00;11;1;3;4
3085;DEATH;Suicide;3;4;-302,43;0,0500;0,00;7;0;2;2
3086;DEATH;Suicide;3;4;-302,38;0,0500;0,00;15;0;1;2
3087;DEATH;Suicide;3;4;-302,38;0,0500;0,00;10;0;2;2
3088;DEATH;Suicide;3;31;-301,95;0,0500;0,13;16;5;2;4
3089;DEATH;Suicide;3;18;-299,72;0,0500;0,11;14;3;3;4
3090;DEATH;Suicide;3;4;-302,38;0,0500;0,00;10;0;1;2
3091;DEATH;Suicide;3;4;-302,38;0,0500;0,00;11;0;1;2
3092;DEATH;Suicide;3;4;-302,38;0,0500;0,00;11;0;1;2
3093;DEATH;Suicide;3;45;-310,79;0,0500;0,04;13;5;4;6
3094;DEATH;Suicide;3;4;-302,43;0,0500;0,00;10;0;2;2
3095;DEATH;Suicide;3;4;-302,43;0,0500;0,00;12;0;2;2
3096;DEATH;Suicide;3;4;-302,38;0,0500;0,00;10;0;1;2
3097;DEATH;Suicide;3;4;-302,38;0,0500;0,00;11;0;1;2
3098;DEATH;Suicide;3;4;-302,38;0,0500;0,00;10;0;1;2
3099;DEATH;Suicide;3;26;-301,10;0,0500;0,04;10;3;3;4
3100;DEATH;Suicide;3;4;-302,38;0,0500;0,00;14;0;2;2
3101;DEATH;Suicide;3;7;-292,71;0,0500;0,00;6;2;2;4
3102;DEATH;Suicide;3;4;-302,38;0,0500;0,00;15;0;2;2
3103;DEATH;Suicide;3;4;-302,38;0,0500;0,00;18;0;2;2
3104;DEATH;Suicide;3;4;-302,43;0,0500;0,00;10;0;2;2
3105;DEATH;Suicide;3;4;-302,43;0,0500;0,00;12;0;2;2
3106;DEATH;Suicide;3;4;-302,38;0,0500;0,00;15;0;2;2
3107;DEATH;Suicide;3;4;-302,43;0,0500;0,00;17;0;2;2
3108;DEATH;Suicide;3;4;-302,43;0,0500;0,25;11;0;1;2
3109;DEATH;Suicide;3;4;-302,38;0,0500;0,25;11;0;2;2
3110;DEATH;Suicide;3;4;-302,43;0,0500;0,00;12;0;2;2
3111;DEATH;Suicide;3;4;-302,43;0,0500;0,00;9;0;2;2
3112;DEATH;Suicide;3;4;-302,43;0,0500;0,00;11;0;2;2
3113;DEATH;Suicide;3;4;-302,38;0,0500;0,25;18;0;1;2
3114;DEATH;Suicide;3;4;-302,38;0,0500;0,00;18;0;2;2
3115;DEATH;Suicide;3;7;-292,71;0,0500;0,00;7;2;2;4
3116;DEATH;Suicide;3;4;-302,38;0,0500;0,00;11;0;1;2
3117;DEATH;Suicide;3;4;-302,38;0,0500;0,00;16;0;1;2
3118;DEATH;Suicide;3;4;-302,38;0,0500;0,00;11;0;1;2
3119;DEATH;Suicide;3;14;-293,28;0,0500;0,14;11;2;4;6
3120;DEATH;Suicide;3;4;-302,38;0,0500;0,00;13;0;2;2
3121;DEATH;Suicide;3;4;-302,38;0,0500;0,00;12;0;1;2
3122;DEATH;Suicide;3;4;-302,38;0,0500;0,00;13;0;2;2
3123;DEATH;Suicide;3;13;-306,62;0,0500;0,00;10;1;4;6
3124;DEATH;Suicide;3;4;-302,38;0,0500;0,00;11;0;1;2
3125;DEATH;Suicide;3;7;-297,71;0,0500;0,00;8;1;2;4
3126;DEATH;Suicide;3;55;-318,99;0,0500;0,11;10;1;3;4
3127;DEATH;Suicide;3;13;-296,37;0,0500;0,00;13;4;2;4
3128;DEATH;Suicide;3;4;-302,38;0,0500;0,00;10;0;1;2
3129;DEATH;Suicide;3;4;-302,38;0,0500;0,00;10;0;1;2
3130;DEATH;Suicide;3;4;-302,38;0,0500;0,00;12;0;1;2
3131;DEATH;Suicide;3;4;-302,43;0,0500;0,50;7;0;1;2
3132;DEATH;Suicide;3;4;-302,38;0,0500;0,00;13;0;1;2
3133;DEATH;Suicide;3;4;-302,43;0,0500;0,00;8;0;2;2
3134;DEATH;Suicide;3;8;-293,17;0,0500;0,13;13;2;3;4
3135;DEATH;Suicide;3;5;-302,89;0,0500;0,20;12;0;2;2
3136;DEATH;Suicide;3;4;-302,43;0,0500;0,00;6;0;2;2
3137;DEATH;Suicide;3;4;-302,38;0,0500;0,00;10;0;2;2
3138;DEATH;Suicide;3;4;-302,43;0,0500;0,00;7;0;2;2
3139;DEATH;Suicide;3;4;-302,38;0,0500;0,00;12;0;2;2
3140;DEATH;Suicide;3;4;-302,43;0,0500;0,00;15;0;2;2
3141;DEATH;Suicide;3;27;-310,06;0,0500;0,07;11;3;3;4
3142;DEATH;Suicide;3;4;-302,43;0,0500;0,00;14;0;2;2
3143;DEATH;Suicide;3;4;-302,38;0,0500;0,25;13;0;1;2
3144;DEATH;Suicide;3;4;-302,38;0,0500;0,00;14;0;1;2
3145;DEATH;Suicide;3;4;-302,38;0,0500;0,00;12;0;1;2
3146;DEATH;Suicide;3;4;-302,38;0,0500;0,00;15;0;1;2
3147;DEATH;Suicide;3;4;-302,38;0,0500;0,00;14;0;2;2
3148;DEATH;Suicide;3;4;-302,43;0,0500;0,25;11;0;1;2
3149;DEATH;Suicide;3;4;-302,38;0,0500;0,00;11;0;1;2
3150;DEATH;Suicide;3;4;-302,38;0,0500;0,00;10;0;1;2
3151;DEATH;Suicide;3;4;-302,38;0,0500;0,00;10;0;1;2
3152;DEATH;Suicide;3;4;-302,38;0,0500;0,00;11;0;2;2
3153;DEATH;Suicide;3;41;-313,85;0,0500;0,02;12;4;3;4
3154;DEATH;Suicide;3;10;-298,74;0,0500;0,00;10;2;3;4
3155;DEATH;Suicide;3;9;-293,68;0,0500;0,00;14;3;3;4
3156;DEATH;Suicide;3;7;-292,66;0,0500;0,00;14;2;3;4
3157;DEATH;Suicide;3;28;-299,42;0,0500;0,04;10;2;3;4
3158;DEATH;Suicide;3;4;-302,43;0,0500;0,00;8;0;2;2
3159;DEATH;Suicide;3;4;-302,43;0,0500;0,00;11;0;2;2
3160;DEATH;Suicide;3;4;-302,38;0,0500;0,25;13;0;1;2
3161;DEATH;Suicide;3;4;-302,38;0,0500;0,00;7;0;1;2
3162;WIN;None;3;70;195,66;0,0500;0,03;11;8;3;6
3163;DEATH;Suicide;3;34;-301,13;0,0500;0,00;13;5;6;10
3164;DEATH;Suicide;3;4;-302,38;0,0500;0,00;13;0;1;2
3165;DEATH;Suicide;3;49;-316,23;0,0500;0,04;10;5;5;11
3166;DEATH;Suicide;3;4;-302,38;0,0500;0,00;12;0;2;2
3167;DEATH;Suicide;3;4;-302,43;0,0500;0,00;8;0;2;2
3168;DEATH;Suicide;3;4;-302,38;0,0500;0,00;13;0;1;2
3169;DEATH;Suicide;3;4;-302,38;0,0500;0,25;11;0;2;2
3170;DEATH;Suicide;3;10;-298,79;0,0500;0,10;9;1;2;4
3171;DEATH;Suicide;3;16;-303,00;0,0500;0,00;9;2;4;6
3172;DEATH;Suicide;3;13;-288,37;0,0500;0,00;9;3;4;8
3173;DEATH;Suicide;3;4;-302,43;0,0500;0,00;12;0;2;2
3174;DEATH;Suicide;3;4;-302,38;0,0500;0,00;14;0;1;2
3175;DEATH;Suicide;3;4;-302,38;0,0500;0,00;18;0;2;2
3176;DEATH;Suicide;3;4;-302,38;0,0500;0,00;17;0;1;2
3177;DEATH;Suicide;3;4;-302,38;0,0500;0,00;8;0;1;2
3178;DEATH;Suicide;3;4;-302,38;0,0500;0,00;14;0;1;2
3179;DEATH;Suicide;3;22;-304,56;0,0500;0,09;12;2;3;4
3180;DEATH;Suicide;3;4;-302,38;0,0500;0,25;9;0;1;2
3181;DEATH;Suicide;3;7;-297,71;0,0500;0,00;8;1;2;4
3182;DEATH;Suicide;3;7;-292,76;0,0500;0,00;11;2;2;4
3183;DEATH;Suicide;3;4;-302,38;0,0500;0,00;12;0;1;2
3184;DEATH;Suicide;3;12;-295,51;0,0500;0,00;12;3;2;4
3185;DEATH;Suicide;3;4;-302,38;0,0500;0,00;12;0;1;2
3186;DEATH;Suicide;3;4;-302,43;0,0500;0,00;9;0;2;2
3187;DEATH;Suicide;3;14;-295,48;0,0500;0,00;8;2;5;8
3188;DEATH;Suicide;3;8;-297,77;0,0500;0,13;13;1;3;4
3189;DEATH;Suicide;3;4;-302,38;0,0500;0,00;9;0;1;2
3190;DEATH;Suicide;3;25;-301,04;0,0500;0,04;14;3;3;4
3191;DEATH;Suicide;3;4;-302,38;0,0500;0,00;13;0;2;2
3192;DEATH;Suicide;3;4;-302,38;0,0500;0,00;9;0;1;2
3193;DEATH;Suicide;3;4;-302,38;0,0500;0,25;14;0;1;2
3194;DEATH;Suicide;3;22;-308,11;0,0500;0,05;12;4;2;4
3195;DEATH;Suicide;3;4;-302,38;0,0500;0,00;13;0;1;2
3196;DEATH;Suicide;3;16;-298,70;0,0500;0,00;13;3;3;6
3197;DEATH;Suicide;3;5;-302,89;0,0500;0,20;8;0;1;2
3198;DEATH;Suicide;3;4;-302,38;0,0500;0,00;11;0;2;2
3199;DEATH;Suicide;3;25;-310,49;0,0500;0,04;9;4;4;6
3200;DEATH;Suicide;3;27;-298,46;0,0500;0,07;17;6;5;10
3201;DEATH;Suicide;3;4;-302,43;0,0500;0,00;15;0;2;2
3202;DEATH;Suicide;3;19;-303,63;0,0500;0,00;11;3;4;8
3203;DEATH;Suicide;3;4;-302,43;0,0500;0,25;10;0;1;2
3204;DEATH;Suicide;3;4;-302,38;0,0500;0,00;13;0;1;2
3205;DEATH;Suicide;3;46;-308,10;0,0500;0,07;14;8;4;8
3206;DEATH;Suicide;3;38;-330,27;0,0500;0,00;13;6;3;4
3207;DEATH;Suicide;3;22;-311,46;0,0500;0,09;10;2;3;4
3208;DEATH;Suicide;3;4;-302,38;0,0500;0,25;15;0;1;2
3209;DEATH;Suicide;3;55;-315,69;0,0500;0,02;12;5;2;4
3210;DEATH;Suicide;3;4;-302,38;0,0500;0,00;10;0;1;2
3211;DEATH;Suicide;3;36;-312,25;0,0500;0,03;13;5;3;6
3212;DEATH;Suicide;3;31;-309,50;0,0500;0,00;14;5;3;4
3213;DEATH;Suicide;3;4;-302,43;0,0500;0,25;9;0;2;2
3214;DEATH;Suicide;3;4;-302,38;0,0500;0,00;9;0;1;2
3215;DEATH;Suicide;3;7;-292,66;0,0500;0,00;13;2;2;4
3216;DEATH;Suicide;3;4;-302,38;0,0500;0,00;13;0;1;2
3217;DEATH;Suicide;3;8;-297,77;0,0500;0,13;10;1;3;4
3218;DEATH;Suicide;3;30;-310,14;0,0500;0,03;9;3;2;4
3219;DEATH;Suicide;3;4;-302,43;0,0500;0,00;11;0;1;2
3220;DEATH;Suicide;3;7;-292,71;0,0500;0,00;12;2;2;4
3221;DEATH;Suicide;3;4;-302,38;0,0500;0,00;15;0;2;2
3222;DEATH;Suicide;3;5;-302,89;0,0500;0,20;10;0;1;2
3223;DEATH;Suicide;3;4;-302,38;0,0500;0,00;11;0;1;2
3224;DEATH;Suicide;3;34;-318,33;0,0500;0,06;10;4;2;4
3225;DEATH;Suicide;3;4;-302,38;0,0500;0,00;6;0;1;2
3226;DEATH;Suicide;3;4;-302,38;0,0500;0,00;10;0;1;2
3227;DEATH;Suicide;3;52;-319,31;0,0500;0,04;13;5;3;4
3228;DEATH;Suicide;3;4;-302,38;0,0500;0,00;15;0;1;2
3229;DEATH;Suicide;3;4;-302,43;0,0500;0,00;8;0;2;2
3230;DEATH;Suicide;3;4;-302,38;0,0500;0,00;11;0;1;2
3231;DEATH;Suicide;3;4;-302,43;0,0500;0,25;9;0;2;2
3232;DEATH;Suicide;3;15;-298,34;0,0500;0,00;8;3;3;4
3233;DEATH;Suicide;3;23;-309,92;0,0500;0,04;14;3;2;4
3234;DEATH;Suicide;3;4;-302,38;0,0500;0,00;13;0;1;2
3235;DEATH;Suicide;3;150;-364,29;0,0500;0,05;13;4;3;4
3236;DEATH;Suicide;3;67;-315,31;0,0500;0,01;14;6;6;10
3237;DEATH;Suicide;3;4;-302,38;0,0500;0,00;13;0;1;2
3238;DEATH;Suicide;3;26;-301,10;0,0500;0,04;12;5;2;4
3239;DEATH;Suicide;3;4;-302,38;0,0500;0,00;9;0;1;2
3240;DEATH;Suicide;3;4;-302,38;0,0500;0,00;12;0;1;2
3241;DEATH;Suicide;3;4;-302,38;0,0500;0,00;8;0;1;2
3242;DEATH;Suicide;3;4;-302,38;0,0500;0,25;14;0;1;2
3243;DEATH;Suicide;3;4;-302,43;0,0500;0,25;9;0;1;2
3244;DEATH;Suicide;3;26;-296,25;0,0500;0,04;12;4;4;6
3245;DEATH;Suicide;3;14;-301,58;0,0500;0,07;12;1;4;6
3246;DEATH;Suicide;3;4;-302,43;0,0500;0,00;12;0;2;2
3247;DEATH;Suicide;3;9;-293,73;0,0500;0,00;14;3;3;4
3248;DEATH;Suicide;3;4;-302,43;0,0500;0,00;16;0;2;2
3249;DEATH;Suicide;3;4;-302,43;0,0500;0,00;11;0;2;2
3250;DEATH;Suicide;3;4;-302,43;0,0500;0,00;11;0;2;2
3251;DEATH;Suicide;3;4;-302,38;0,0500;0,00;15;0;1;2
3252;DEATH;Suicide;3;17;-299,66;0,0500;0,00;11;2;3;4
3253;DEATH;Suicide;3;4;-302,43;0,0500;0,00;9;0;2;2
3254;DEATH;Suicide;3;4;-302,43;0,0500;0,00;8;0;2;2
3255;DEATH;Suicide;3;13;-300,22;0,0500;0,08;6;2;4;6
3256;DEATH;Suicide;3;10;-294,19;0,0500;0,00;11;3;3;4
3257;DEATH;Suicide;3;4;-302,38;0,0500;0,00;13;0;1;2
3258;DEATH;Suicide;3;4;-302,38;0,0500;0,00;13;0;1;2
3259;DEATH;Suicide;3;5;-295,44;0,0500;0,40;7;1;1;2
3260;DEATH;Suicide;3;4;-302,43;0,0500;0,00;10;0;1;2
3261;DEATH;Suicide;3;4;-302,43;0,0500;0,00;11;0;2;2
3262;DEATH;Suicide;3;24;-311,88;0,0500;0,04;9;3;3;4
3263;DEATH;KilledByTarget;3;17;-89,76;0,0500;0,06;11;5;5;10
3264;DEATH;Suicide;3;9;-305,28;0,0500;0,11;12;1;3;4
3265;DEATH;Suicide;3;4;-302,43;0,0500;0,00;9;0;2;2
3266;DEATH;Suicide;3;4;-302,38;0,0500;0,00;12;0;2;2
3267;DEATH;Suicide;3;4;-302,38;0,0500;0,50;12;0;1;2
3268;DEATH;Suicide;3;8;-297,77;0,0500;0,13;10;1;3;4
3269;DEATH;Suicide;3;4;-302,43;0,0500;0,00;11;0;2;2
3270;DEATH;Suicide;3;4;-302,38;0,0500;0,00;14;0;1;2
3271;DEATH;Suicide;3;4;-302,43;0,0500;0,25;8;0;2;2
3272;DEATH;Suicide;3;4;-302,38;0,0500;0,00;15;0;1;2
3273;DEATH;Suicide;3;82;-342,46;0,0500;0,05;12;5;2;4
3274;DEATH;Suicide;3;9;-304,88;0,0500;0,11;12;1;3;4
3275;DEATH;Suicide;3;27;-318,16;0,0500;0,04;12;5;2;4
3276;DEATH;Suicide;3;10;-297,84;0,0500;0,10;11;2;2;4
3277;DEATH;Suicide;3;4;-302,43;0,0500;0,00;8;0;2;2
3278;DEATH;Suicide;3;12;-295,16;0,0500;0,17;11;3;3;6
3279;DEATH;Suicide;3;7;-297,71;0,0500;0,14;9;1;2;4
3280;DEATH;Suicide;3;18;-285,42;0,0500;0,11;14;5;3;6
3281;DEATH;Suicide;3;4;-302,38;0,0500;0,00;12;0;1;2
3282;DEATH;Suicide;3;4;-302,38;0,0500;0,00;14;0;1;2
3283;WIN;None;3;56;200,05;0,0500;0,05;12;6;2;4
3284;DEATH;Suicide;3;4;-302,38;0,0500;0,00;9;0;1;2
3285;DEATH;Suicide;3;61;-315,15;0,0500;0,10;14;7;2;4
3286;DEATH;Suicide;3;4;-302,43;0,0500;0,50;11;0;1;2
3287;DEATH;Suicide;3;42;-305,46;0,0500;0,02;11;5;2;4
3288;DEATH;Suicide;3;4;-302,38;0,0500;0,00;14;0;1;2
3289;WIN;None;3;57;-284,66;0,0500;0,02;9;3;3;6
3290;DEATH;Suicide;3;9;-298,73;0,0500;0,33;15;2;2;4
3291;DEATH;Suicide;3;4;-302,38;0,0500;0,25;9;0;1;2
3292;DEATH;Suicide;3;4;-302,38;0,0500;0,00;14;0;1;2
3293;DEATH;Suicide;3;4;-302,43;0,0500;0,25;10;0;1;2
3294;DEATH;Suicide;3;4;-302,38;0,0500;0,00;14;0;1;2
3295;DEATH;Suicide;3;4;-302,38;0,0500;0,25;12;0;1;2
3296;DEATH;Suicide;3;15;-298,24;0,0500;0,00;11;3;3;4
3297;DEATH;Suicide;3;11;-307,10;0,0500;0,09;12;0;3;6
3298;DEATH;Suicide;3;11;-294,85;0,0500;0,00;11;3;2;4
3299;DEATH;Suicide;3;7;-304,71;0,0500;0,00;10;0;2;4
3300;DEATH;Suicide;3;4;-302,38;0,0500;0,00;9;0;1;2
3301;DEATH;Suicide;3;4;-302,43;0,0500;0,00;12;0;1;2
3302;DEATH;Suicide;3;4;-302,38;0,0500;0,00;12;0;1;2
3303;DEATH;Suicide;3;10;-305,79;0,0500;0,00;11;1;2;4
3304;DEATH;Suicide;3;4;-302,38;0,0500;0,00;8;0;1;2
3305;DEATH;Suicide;3;4;-302,43;0,0500;0,00;14;0;2;2
3306;DEATH;Suicide;3;10;-297,89;0,0500;0,00;13;2;2;4
3307;DEATH;Suicide;3;4;-302,43;0,0500;0,00;12;0;2;2
3308;DEATH;Suicide;3;4;-302,38;0,0500;0,00;10;0;1;2
3309;DEATH;Suicide;3;9;-292,88;0,0500;0,22;10;2;2;4
3310;DEATH;Suicide;3;4;-302,43;0,0500;0,25;8;0;2;2
3311;DEATH;Suicide;3;4;-302,38;0,0500;0,00;16;0;1;2
3312;DEATH;Suicide;3;11;-294,85;0,0500;0,00;11;2;2;4
3313;DEATH;Suicide;3;4;-302,38;0,0500;0,00;14;0;1;2
3314;DEATH;Suicide;3;14;-298,08;0,0500;0,14;13;3;2;4
3315;DEATH;Suicide;3;13;-300,22;0,0500;0,00;10;3;4;6
3316;DEATH;Suicide;3;4;-302,43;0,0500;0,25;17;0;2;2
3317;DEATH;KilledByTarget;3;43;-130,87;0,0500;0,07;10;5;3;6
3318;DEATH;Suicide;3;33;-321,32;0,0500;0,09;17;6;3;4
3319;DEATH;Suicide;3;4;-302,43;0,0500;0,00;13;0;1;2
3320;DEATH;Suicide;3;4;-302,43;0,0500;0,00;9;0;2;2
3321;DEATH;Suicide;3;4;-302,38;0,0500;0,00;11;0;1;2
3322;DEATH;Suicide;3;8;-293,22;0,0500;0,00;12;2;2;4
3323;DEATH;Suicide;3;4;-302,38;0,0500;0,00;12;0;1;2
3324;DEATH;Suicide;3;4;-302,38;0,0500;0,00;12;0;1;2
3325;DEATH;Suicide;3;18;-291,57;0,0500;0,06;12;4;5;8
3326;DEATH;KilledByTarget;3;21;-104,20;0,0500;0,05;9;2;5;8
3327;DEATH;Suicide;3;4;-302,38;0,0500;0,00;9;0;1;2
3328;DEATH;Suicide;3;7;-304,71;0,0500;0,00;10;0;2;4
3329;DEATH;Suicide;3;4;-302,43;0,0500;0,25;12;0;2;2
3330;DEATH;Suicide;3;4;-302,38;0,0500;0,00;15;0;1;2
3331;DEATH;Suicide;3;4;-302,38;0,0500;0,00;12;0;1;2
3332;DEATH;Suicide;3;4;-302,38;0,0500;0,00;11;0;1;2
3333;DEATH;Suicide;3;4;-302,38;0,0500;0,00;10;0;1;2
3334;DEATH;Suicide;3;4;-302,38;0,0500;0,00;9;0;1;2
3335;DEATH;Suicide;3;25;-302,29;0,0500;0,08;13;4;4;8
3336;WIN;None;3;36;201,10;0,0500;0,14;8;4;7;12
3337;DEATH;Suicide;3;4;-302,38;0,0500;0,00;14;0;1;2
3338;DEATH;Suicide;3;7;-304,71;0,0500;0,14;7;0;3;4
3339;DEATH;Suicide;3;4;-302,43;0,0500;0,00;11;0;2;2
3340;DEATH;Suicide;3;16;-300,40;0,0500;0,00;8;2;4;6
3341;DEATH;Suicide;3;4;-302,38;0,0500;0,00;18;0;1;2
3342;DEATH;Suicide;3;4;-302,38;0,0500;0,00;12;0;1;2
3343;DEATH;Suicide;3;35;-344,49;0,0500;0,03;7;3;2;4
3344;DEATH;Suicide;3;78;-378,17;0,0500;0,03;11;6;4;6
3345;DEATH;Suicide;3;4;-302,38;0,0500;0,00;11;0;1;2
3346;DEATH;Suicide;3;4;-302,38;0,0500;0,00;13;0;1;2
3347;DEATH;Suicide;3;9;-293,68;0,0500;0,00;14;3;3;4
3348;DEATH;Suicide;3;4;-302,43;0,0500;0,25;10;0;2;2
3349;DEATH;Suicide;3;9;-305,28;0,0500;0,00;12;1;3;4
3350;DEATH;Suicide;3;4;-302,38;0,0500;0,00;12;0;1;2
3351;DEATH;Suicide;3;7;-297,71;0,0500;0,00;7;1;2;4
3352;DEATH;Suicide;3;9;-292,78;0,0500;0,11;12;3;3;4
3353;DEATH;Suicide;3;4;-302,38;0,0500;0,00;11;0;1;2
3354;DEATH;Suicide;3;10;-293,04;0,0500;0,00;9;2;3;6
3355;DEATH;KilledByTarget;3;31;-99,65;0,0500;0,06;12;3;4;8
3356;DEATH;Suicide;3;4;-302,38;0,0500;0,00;14;0;2;2
3357;DEATH;Suicide;3;4;-302,43;0,0500;0,00;10;0;2;2
3358;DEATH;Suicide;3;19;-300,78;0,0500;0,21;13;2;2;4
3359;DEATH;Suicide;3;4;-302,38;0,0500;0,00;10;0;1;2
3360;DEATH;Suicide;3;4;-302,38;0,0500;0,00;10;0;1;2
3361;DEATH;Suicide;3;22;-308,16;0,0500;0,05;14;3;2;4
3362;DEATH;Suicide;3;4;-302,43;0,0500;0,00;13;0;2;2
3363;DEATH;Suicide;3;15;-297,49;0,0500;0,00;15;4;5;8
3364;DEATH;Suicide;3;4;-302,38;0,0500;0,00;8;0;1;2
3365;DEATH;Suicide;3;4;-302,38;0,0500;0,00;14;0;1;2
3366;DEATH;Suicide;3;12;-299,81;0,0500;0,00;12;3;3;4
3367;DEATH;Suicide;3;39;-294,23;0,0500;0,13;11;5;8;14
3368;DEATH;Suicide;3;56;-306,90;0,0500;0,02;10;3;3;4
3369;DEATH;Suicide;3;12;-299,36;0,0500;0,00;15;2;3;4
3370;DEATH;Suicide;3;15;-296,34;0,0500;0,00;12;3;5;8
3371;DEATH;Suicide;3;7;-297,66;0,0500;0,00;10;1;2;4
3372;DEATH;Suicide;3;4;-302,43;0,0500;0,00;12;0;2;2
3373;DEATH;Suicide;3;4;-302,38;0,0500;0,00;18;0;1;2
3374;DEATH;Suicide;3;4;-302,38;0,0500;0,00;10;0;1;2
3375;DEATH;Suicide;3;4;-302,43;0,0500;0,00;12;0;2;2
3376;DEATH;Suicide;3;20;-310,84;0,0500;0,10;11;3;2;2
3377;DEATH;Suicide;3;6;-302,50;0,0500;0,33;11;0;1;2
3378;DEATH;Suicide;3;22;-299,01;0,0500;0,14;9;4;4;6
3379;DEATH;Suicide;3;4;-302,38;0,0500;0,00;10;0;1;2
3380;DEATH;Suicide;3;21;-307,95;0,0500;0,10;16;2;3;4
3381;DEATH;Suicide;3;9;-297,83;0,0500;0,22;11;1;2;4
3382;DEATH;Suicide;3;4;-302,38;0,0500;0,00;12;0;1;2
3383;DEATH;Suicide;3;5;-295,44;0,0500;0,20;11;1;1;2
3384;DEATH;Suicide;3;4;-302,38;0,0500;0,00;17;0;1;2
3385;DEATH;Suicide;3;4;-302,38;0,0500;0,00;12;0;1;2
3386;DEATH;Suicide;3;4;-302,38;0,0500;0,25;13;0;1;2
3387;DEATH;Suicide;3;4;-302,43;0,0500;0,00;9;0;2;2
3388;DEATH;Suicide;3;4;-302,43;0,0500;0,25;12;0;2;2
3389;DEATH;Suicide;3;11;-304,95;0,0500;0,18;8;0;3;4
3390;DEATH;Suicide;3;4;-302,38;0,0500;0,00;10;0;2;2
3391;DEATH;Suicide;3;4;-302,38;0,0500;0,25;13;0;2;2
3392;DEATH;Suicide;3;4;-302,43;0,0500;0,00;9;0;2;2
3393;DEATH;Suicide;3;86;-359,60;0,0500;0,01;16;8;3;6
3394;DEATH;Suicide;3;4;-302,38;0,0500;0,00;12;0;1;2
3395;DEATH;Suicide;3;4;-302,43;0,0500;0,00;13;0;2;2
3396;DEATH;Suicide;3;4;-302,38;0,0500;0,00;8;0;2;2
3397;DEATH;Suicide;3;57;-343,31;0,0500;0,04;12;4;5;10
3398;DEATH;Suicide;3;12;-295,51;0,0500;0,08;15;2;3;4
3399;DEATH;Suicide;3;4;-302,38;0,0500;0,00;11;0;1;2
3400;DEATH;Suicide;3;4;-302,43;0,0500;0,25;9;0;1;2
3401;DEATH;Suicide;3;11;-293,10;0,0500;0,00;11;2;4;6
3402;WIN;None;3;13;-278,17;0,0500;0,00;9;2;4;6
3403;DEATH;Suicide;3;20;-299,79;0,0500;0,35;14;3;3;6
3404;DEATH;Suicide;3;4;-302,38;0,0500;0,00;10;0;1;2
3405;DEATH;Suicide;3;5;-302,89;0,0500;0,20;16;0;1;2
3406;DEATH;Suicide;3;41;-333,85;0,0500;0,05;13;4;2;4
3407;DEATH;Suicide;3;20;-304,79;0,0500;0,00;13;3;3;4
3408;DEATH;Suicide;3;10;-294,19;0,0500;0,00;11;3;3;4
3409;DEATH;Suicide;3;4;-302,38;0,0500;0,00;15;0;2;2
3410;DEATH;Suicide;3;4;-302,43;0,0500;0,25;7;0;1;2
3411;DEATH;Suicide;3;17;-291,96;0,0500;0,00;12;4;4;8
3412;DEATH;Suicide;3;4;-302,38;0,0500;0,00;17;0;2;2
3413;DEATH;Suicide;3;10;-300,09;0,0500;0,00;14;1;4;6
3414;DEATH;Suicide;3;29;-301,53;0,0500;0,07;10;5;4;8
3415;DEATH;Suicide;3;4;-302,38;0,0500;0,00;10;0;1;2
3416;DEATH;Suicide;3;4;-302,38;0,0500;0,00;9;0;1;2
3417;DEATH;Suicide;3;37;-350,86;0,0500;0,08;11;5;2;4
3418;DEATH;Suicide;3;13;-300,67;0,0500;0,15;9;2;4;6
3419;DEATH;Suicide;3;4;-302,43;0,0500;0,00;14;0;2;2
3420;DEATH;Suicide;3;8;-297,77;0,0500;0,00;9;1;3;4
3421;DEATH;Suicide;3;4;-302,38;0,0500;0,00;14;0;1;2
3422;DEATH;Suicide;3;6;-302,55;0,0500;0,33;10;0;2;2
3423;DEATH;Suicide;3;4;-302,38;0,0500;0,00;15;0;1;2
3424;WIN;None;3;56;177,25;0,0500;0,04;13;5;3;6
3425;DEATH;Suicide;3;4;-302,38;0,0500;0,00;15;0;1;2
3426;DEATH;Suicide;3;59;-316,23;0,0500;0,05;13;6;2;4
3427;DEATH;Suicide;3;4;-302,38;0,0500;0,00;11;0;1;2
3428;DEATH;Suicide;3;4;-302,38;0,0500;0,00;13;0;1;2
3429;DEATH;Suicide;3;4;-302,43;0,0500;0,00;10;0;1;2
3430;DEATH;Suicide;3;4;-302,38;0,0500;0,00;13;0;1;2
3431;DEATH;Suicide;3;4;-302,43;0,0500;0,00;18;0;2;2
3432;DEATH;Suicide;3;23;-306,42;0,0500;0,00;12;2;2;4
3433;WIN;None;3;42;165,54;0,0500;0,00;12;5;4;6
3434;DEATH;Suicide;3;4;-302,38;0,0500;0,00;14;0;1;2
3435;DEATH;Suicide;3;7;-292,66;0,0500;0,00;14;2;3;4
3436;DEATH;Suicide;3;11;-288,50;0,0500;0,09;14;3;3;6
3437;DEATH;Suicide;3;55;-315,79;0,0500;0,05;10;3;2;4
3438;DEATH;Suicide;3;4;-302,43;0,0500;0,00;14;0;2;2
3439;DEATH;Suicide;3;18;-292,57;0,0500;0,06;13;3;4;8
3440;DEATH;Suicide;3;4;-302,38;0,0500;0,25;11;0;1;2
3441;DEATH;Suicide;3;4;-302,43;0,0500;0,00;12;0;2;2
3442;DEATH;Suicide;3;4;-302,38;0,0500;0,00;10;0;1;2
3443;DEATH;Suicide;3;4;-302,38;0,0500;0,00;15;0;1;2
3444;DEATH;Suicide;3;22;-272,06;0,0500;0,00;11;4;7;12
3445;DEATH;Suicide;3;4;-302,38;0,0500;0,00;14;0;1;2
3446;DEATH;Suicide;3;4;-302,38;0,0500;0,25;15;0;2;2
3447;DEATH;Suicide;3;6;-302,50;0,0500;0,17;9;0;2;2
3448;DEATH;Suicide;3;56;-302,90;0,0500;0,05;9;5;4;8
3449;DEATH;Suicide;3;4;-302,38;0,0500;0,00;12;0;1;2
3450;DEATH;Suicide;3;4;-302,38;0,0500;0,00;13;0;1;2
3451;DEATH;Suicide;3;5;-295,39;0,0500;0,20;8;1;1;2
3452;DEATH;Suicide;3;15;-295,89;0,0500;0,07;15;2;3;6
3453;WIN;None;3;25;212,66;0,0500;0,08;12;6;6;12
3454;DEATH;Suicide;3;4;-302,38;0,0500;0,25;14;0;1;2
3455;DEATH;Suicide;3;4;-302,43;0,0500;0,00;10;0;2;2
3456;DEATH;Suicide;3;4;-302,43;0,0500;0,25;10;0;1;2
3457;DEATH;Suicide;3;7;-304,71;0,0500;0,00;10;0;2;4
3458;DEATH;Suicide;3;29;-310,83;0,0500;0,07;13;3;3;4
3459;DEATH;Suicide;3;4;-302,38;0,0500;0,00;8;0;2;2
3460;DEATH;Suicide;3;9;-304,83;0,0500;0,11;11;1;3;4
3461;DEATH;Suicide;3;4;-302,38;0,0500;0,00;14;0;2;2
3462;DEATH;Suicide;3;8;-304,72;0,0500;0,00;12;0;3;4
3463;DEATH;Suicide;3;18;-301,87;0,0500;0,11;12;3;2;4
3464;DEATH;Suicide;3;4;-302,43;0,0500;0,00;9;0;2;2
3465;DEATH;Suicide;3;50;-309,94;0,0500;0,02;6;3;2;4
3466;DEATH;Suicide;3;4;-302,43;0,0500;0,25;14;0;1;2
3467;DEATH;Suicide;3;8;-297,72;0,0500;0,00;16;1;2;4
3468;DEATH;Suicide;3;54;-359,93;0,0500;0,02;14;8;6;10
3469;DEATH;Suicide;3;13;-300,32;0,0500;0,15;10;3;3;4
3470;DEATH;Suicide;3;13;-298,97;0,0500;0,15;9;3;3;4
3471;DEATH;Suicide;3;4;-302,38;0,0500;0,00;11;0;2;2
3472;DEATH;Suicide;3;13;-300,22;0,0500;0,08;12;2;3;6
3473;DEATH;Suicide;3;9;-298,28;0,0500;0,11;11;2;3;4
3474;DEATH;Suicide;3;35;-304,94;0,0500;0,11;10;3;7;14
3475;DEATH;Suicide;3;4;-302,38;0,0500;0,00;8;0;1;2
3476;DEATH;Suicide;3;7;-296,41;0,0500;0,29;14;1;1;2
3477;DEATH;Suicide;3;29;-318,28;0,0500;0,03;12;5;3;4
3478;DEATH;Suicide;3;4;-302,43;0,0500;0,00;9;0;2;2
3479;DEATH;Suicide;3;7;-292,66;0,0500;0,00;16;2;3;4
3480;DEATH;Suicide;3;15;-279,34;0,0500;0,00;9;6;4;8
3481;DEATH;Suicide;3;24;-309,53;0,0500;0,04;14;3;2;4
3482;DEATH;Suicide;3;4;-302,43;0,0500;0,00;11;0;2;2
3483;DEATH;Suicide;3;22;-306,06;0,0500;0,05;11;2;2;4
3484;DEATH;Suicide;3;28;-303,32;0,0500;0,11;9;2;7;12
3485;DEATH;Suicide;3;4;-302,43;0,0500;0,00;12;0;2;2
3486;DEATH;Suicide;3;4;-302,43;0,0500;0,00;11;0;2;2
3487;DEATH;Suicide;3;4;-302,43;0,0500;0,00;11;0;1;2
3488;DEATH;Suicide;3;4;-302,43;0,0500;0,00;12;0;2;2
3489;DEATH;Suicide;3;4;-302,43;0,0500;0,00;13;0;2;2
3490;DEATH;Suicide;3;4;-302,38;0,0500;0,00;13;0;1;2
3491;DEATH;Suicide;3;4;-302,38;0,0500;0,00;14;0;1;2
3492;DEATH;Suicide;3;4;-302,38;0,0500;0,00;13;0;1;2
3493;DEATH;Suicide;3;14;-290,13;0,0500;0,21;7;3;3;6
3494;DEATH;Suicide;3;4;-302,38;0,0500;0,00;16;0;1;2
3495;DEATH;Suicide;3;14;-300,33;0,0500;0,00;11;2;3;6
3496;DEATH;Suicide;3;10;-304,89;0,0500;0,30;13;0;2;4
3497;DEATH;Suicide;3;4;-302,38;0,0500;0,00;12;0;1;2
3498;DEATH;Suicide;3;4;-302,38;0,0500;0,00;14;0;1;2
3499;DEATH;Suicide;3;4;-302,43;0,0500;0,00;13;0;2;2
