Episode;Outcome;DeathType;Phase;Steps;TotalReward;Epsilon;ExplorationRate;WallsInitial;WallsBroken;BombsDropped;SafetyDangerSteps
1;DEATH;Suicide;1;7;-296,46;1,0000;1,00;6;1;1;2
2;DEATH;Suicide;1;4;-302,38;0,9900;1,00;12;0;1;2
3;DEATH;Suicide;1;6;-295,50;0,9801;1,00;11;1;1;2
4;DEATH;Suicide;1;4;-302,38;0,9703;1,00;13;0;1;2
5;DEATH;Suicide;1;8;-297,77;0,9606;0,88;11;1;2;4
6;DEATH;Suicide;1;9;-292,03;0,9510;1,00;10;2;1;2
7;DEATH;Suicide;1;12;-304,61;0,9415;1,00;13;0;1;2
8;DEATH;Suicide;1;8;-296,47;0,9321;1,00;11;1;2;2
9;DEATH;Suicide;1;4;-302,38;0,9227;1,00;12;0;1;2
10;DEATH;Suicide;1;7;-296,51;0,9135;1,00;15;1;1;2
11;DEATH;Suicide;1;6;-303,00;0,9044;1,00;10;0;1;2
12;DEATH;Suicide;1;8;-296,27;0,8953;0,88;9;1;3;4
13;DEATH;Suicide;1;6;-295,90;0,8864;0,83;12;1;1;2
14;DEATH;Suicide;1;5;-295,44;0,8775;0,80;12;1;1;2
15;DEATH;Suicide;1;8;-302,62;0,8687;0,75;5;0;1;2
16;DEATH;Suicide;1;8;-303,02;0,8601;1,00;9;0;1;2
17;DEATH;Suicide;1;6;-295,90;0,8515;1,00;11;1;1;2
18;DEATH;Suicide;1;4;-302,38;0,8429;1,00;13;0;1;2
19;DEATH;Suicide;1;5;-295,44;0,8345;0,80;12;1;1;2
20;DEATH;Suicide;1;6;-295,90;0,8262;0,83;13;1;1;2
21;DEATH;Suicide;1;4;-300,93;0,8179;1,00;13;0;2;2
22;DEATH;Suicide;1;4;-300,88;0,8097;0,50;15;0;2;2
23;DEATH;Suicide;1;5;-295,49;0,8016;1,00;7;1;2;2
24;DEATH;Suicide;1;4;-302,38;0,7936;1,00;14;0;1;2
25;DEATH;Suicide;1;5;-295,39;0,7857;0,80;15;1;1;2
26;DEATH;Suicide;1;4;-302,38;0,7778;1,00;11;0;1;2
27;DEATH;Suicide;1;8;-304,77;0,7700;0,75;13;0;3;4
28;DEATH;Suicide;1;36;-290,95;0,7623;0,69;11;4;5;10
29;DEATH;Suicide;1;7;-303,91;0,7547;0,71;13;0;1;2
30;DEATH;Suicide;1;6;-301,05;0,7472;1,00;10;0;2;2
31;DEATH;Suicide;1;7;-296,46;0,7397;0,71;11;1;2;2
32;DEATH;Suicide;1;16;-289,30;0,7323;0,69;13;3;3;6
33;DEATH;Suicide;1;4;-302,38;0,7250;1,00;11;0;1;2
34;DEATH;Suicide;1;5;-302,89;0,7177;0,80;13;0;1;2
35;DEATH;Suicide;1;4;-302,38;0,7106;0,75;19;0;2;2
36;DEATH;Suicide;1;6;-295,95;0,7034;0,67;12;1;1;2
37;DEATH;Suicide;1;7;-296,46;0,6964;0,43;9;1;1;2
38;DEATH;Suicide;1;6;-303,40;0,6894;0,67;15;0;1;2
39;DEATH;Suicide;1;4;-302,43;0,6826;0,50;11;0;1;2
40;DEATH;Suicide;1;6;-295,95;0,6757;0,83;11;1;1;2
41;DEATH;Suicide;1;8;-304,77;0,6690;0,63;7;0;2;4
42;DEATH;Suicide;1;5;-302,44;0,6623;0,60;12;0;1;2
43;DEATH;Suicide;1;7;-303,51;0,6557;0,71;12;0;1;2
44;DEATH;Suicide;1;5;-295,44;0,6491;0,60;12;1;1;2
45;DEATH;Suicide;1;7;-295,56;0,6426;0,71;12;1;1;2
46;DEATH;Suicide;1;5;-302,49;0,6362;1,00;17;0;1;2
47;DEATH;Suicide;1;4;-302,38;0,6298;0,50;10;0;2;2
48;DEATH;Suicide;1;13;-295,87;0,6235;0,54;10;2;3;4
49;DEATH;Suicide;1;6;-295,50;0,6173;0,67;5;1;1;2
50;DEATH;Suicide;1;14;-299,08;0,6111;0,57;14;1;2;4
51;DEATH;Suicide;1;7;-295,51;0,6050;0,71;8;1;2;2
52;DEATH;Suicide;1;15;-300,44;0,5990;0,53;11;1;2;4
53;DEATH;Suicide;1;4;-302,33;0,5930;0,50;14;0;1;2
54;DEATH;Suicide;1;7;-296,41;0,5870;0,43;12;1;2;2
55;DEATH;Suicide;1;4;-302,43;0,5812;0,75;12;0;1;2
56;DEATH;Suicide;1;4;-302,43;0,5754;0,50;10;0;1;2
57;WIN;None;1;13;-278,02;0,5696;0,69;11;1;2;4
58;DEATH;Suicide;1;4;-302,38;0,5639;0,00;11;0;1;2
59;DEATH;Suicide;1;12;-298,51;0,5583;0,58;14;1;3;4
60;DEATH;Suicide;1;4;-302,33;0,5527;0,75;12;0;1;2
61;DEATH;Suicide;1;4;-302,38;0,5472;0,25;11;0;2;2
62;DEATH;Suicide;1;11;-297,55;0,5417;0,73;13;1;2;2
63;DEATH;Suicide;1;9;-296,63;0,5363;0,56;9;1;1;2
64;DEATH;Suicide;1;6;-295,90;0,5309;0,50;11;1;1;2
65;DEATH;Suicide;1;9;-297,88;0,5256;0,89;10;1;2;4
66;DEATH;Suicide;1;6;-295,95;0,5203;0,33;15;1;2;2
67;DEATH;Suicide;1;7;-302,56;0,5151;0,86;13;0;1;2
68;DEATH;Suicide;1;6;-295,95;0,5100;0,83;12;1;1;2
69;DEATH;Suicide;1;33;-317,52;0,5049;0,61;12;0;2;4
70;DEATH;Suicide;1;4;-302,38;0,4998;0,50;9;0;2;2
71;DEATH;Suicide;1;4;-302,43;0,4948;0,50;11;0;2;2
72;DEATH;Suicide;1;4;-302,43;0,4899;1,00;10;0;1;2
73;DEATH;Suicide;1;6;-302,55;0,4850;0,33;11;0;2;2
74;DEATH;Suicide;1;4;-302,38;0,4801;0,25;14;0;2;2
75;DEATH;Suicide;1;4;-302,38;0,4753;0,00;15;0;2;2
76;DEATH;Suicide;1;20;-300,74;0,4706;0,50;10;1;3;4
77;DEATH;Suicide;1;4;-302,43;0,4659;0,25;13;0;2;2
78;DEATH;Suicide;1;8;-301,42;0,4612;0,38;12;0;2;4
79;DEATH;Suicide;1;8;-296,07;0,4566;0,38;11;1;2;2
80;DEATH;Suicide;1;8;-297,02;0,4520;0,63;10;1;1;2
81;DEATH;Suicide;1;5;-302,49;0,4475;0,20;12;0;2;2
82;DEATH;Suicide;1;5;-300,54;0,4430;0,20;14;0;1;2
83;DEATH;Suicide;1;15;-292,59;0,4386;0,53;11;2;3;4
84;DEATH;Suicide;1;14;-308,08;0,4342;0,50;11;0;1;2
85;DEATH;Suicide;1;4;-302,38;0,4299;0,50;10;0;1;2
86;DEATH;Suicide;1;4;-302,38;0,4256;0,75;14;0;1;2
87;DEATH;Suicide;1;7;-302,61;0,4213;0,43;9;0;1;2
88;DEATH;Suicide;1;10;-297,09;0,4171;0,50;13;1;2;2
89;DEATH;Suicide;1;6;-290,55;0,4130;0,83;12;2;1;2
90;DEATH;Suicide;1;6;-302,50;0,4088;0,33;11;0;1;2
91;DEATH;Suicide;1;10;-297,09;0,4047;0,60;14;1;1;2
92;DEATH;Suicide;1;7;-303,01;0,4007;0,29;12;0;2;2
93;DEATH;Suicide;1;4;-300,88;0,3967;0,75;13;0;2;2
94;DEATH;Suicide;1;5;-295,44;0,3927;0,60;9;1;1;2
95;DEATH;Suicide;1;4;-302,33;0,3888;0,00;10;0;2;2
96;DEATH;Suicide;1;4;-302,43;0,3849;0,25;10;0;2;2
97;DEATH;Suicide;1;5;-302,49;0,3810;0,40;10;0;2;2
98;DEATH;Suicide;1;17;-299,86;0,3772;0,35;17;1;1;2
99;DEATH;Suicide;1;6;-302,55;0,3735;0,33;13;0;2;2
100;DEATH;Suicide;1;4;-302,38;0,3697;0,50;15;0;1;2
101;DEATH;Suicide;1;5;-302,89;0,3660;0,40;10;0;2;2
102;DEATH;Suicide;1;12;-305,91;0,3624;0,50;15;0;1;2
103;DEATH;Suicide;1;5;-295,39;0,3587;0,40;11;1;1;2
104;DEATH;Suicide;1;22;-290,61;0,3552;0,45;11;3;3;6
105;DEATH;Suicide;1;4;-302,38;0,3516;1,00;11;0;1;2
106;DEATH;Suicide;1;5;-302,44;0,3481;0,40;12;0;2;2
107;DEATH;Suicide;1;4;-302,38;0,3446;0,50;12;0;1;2
108;DEATH;Suicide;1;7;-295,51;0,3412;0,29;12;1;2;2
109;DEATH;Suicide;1;5;-302,44;0,3378;0,40;8;0;1;2
110;DEATH;Suicide;1;5;-302,44;0,3344;0,20;13;0;2;2
111;DEATH;Suicide;1;4;-302,43;0,3310;0,00;15;0;1;2
112;DEATH;Suicide;1;12;-297,21;0,3277;0,42;9;1;1;2
113;DEATH;Suicide;1;7;-297,71;0,3244;0,29;10;1;3;4
114;DEATH;Suicide;1;17;-294,61;0,3212;0,24;14;2;3;4
115;DEATH;Suicide;1;5;-302,49;0,3180;0,40;8;0;1;2
116;DEATH;Suicide;1;9;-303,58;0,3148;0,44;12;0;1;2
117;DEATH;Suicide;1;5;-295,44;0,3117;0,40;12;1;1;2
118;DEATH;Suicide;1;4;-302,43;0,3085;0,50;10;0;1;2
119;DEATH;Suicide;1;9;-296,58;0,3055;0,44;14;1;2;2
120;DEATH;Suicide;1;8;-297,82;0,3024;0,50;13;1;3;4
121;DEATH;Suicide;1;4;-302,33;0,2994;0,25;9;0;1;2
122;DEATH;Suicide;1;4;-302,38;0,2964;0,25;8;0;1;2
123;DEATH;Suicide;1;5;-300,94;0,2934;0,60;13;0;1;2
124;DEATH;Suicide;1;6;-295,95;0,2905;0,17;9;1;2;2
125;DEATH;Suicide;1;12;-293,16;0,2876;0,50;10;2;3;6
126;DEATH;Suicide;1;4;-302,33;0,2847;0,75;8;0;2;2
127;DEATH;Suicide;1;4;-300,93;0,2819;0,25;10;0;1;2
128;DEATH;Suicide;1;5;-295,44;0,2790;0,40;11;1;1;2
129;DEATH;Suicide;1;28;-277,62;0,2763;0,32;10;6;7;14
130;DEATH;Suicide;1;8;-297,72;0,2735;0,63;12;1;2;4
131;DEATH;Suicide;1;8;-290,72;0,2708;0,38;11;2;3;4
132;DEATH;Suicide;1;9;-305,28;0,2680;0,22;12;0;2;4
133;DEATH;Suicide;1;8;-290,72;0,2654;0,25;13;2;3;4
134;DEATH;Suicide;1;5;-295,39;0,2627;0,20;12;1;1;2
135;DEATH;Suicide;1;5;-300,49;0,2601;0,00;11;0;2;2
136;DEATH;Suicide;1;11;-305,85;0,2575;0,36;13;0;2;4
137;DEATH;Suicide;1;8;-290,77;0,2549;0,13;12;2;3;4
138;DEATH;Suicide;1;4;-302,33;0,2524;0,00;15;0;2;2
139;DEATH;Suicide;1;4;-302,38;0,2498;0,25;9;0;2;2
140;DEATH;Suicide;1;7;-297,71;0,2473;0,43;12;1;3;4
141;DEATH;Suicide;1;5;-295,44;0,2449;0,20;12;1;2;2
142;DEATH;Suicide;1;4;-302,38;0,2424;0,75;14;0;2;2
143;DEATH;Suicide;1;64;-303,38;0,2400;0,25;11;3;5;10
144;DEATH;Suicide;1;25;-297,44;0,2376;0,24;10;2;5;8
145;DEATH;Suicide;1;4;-302,38;0,2352;0,00;9;0;2;2
146;DEATH;Suicide;1;4;-302,38;0,2329;0,25;8;0;2;2
147;DEATH;Suicide;1;16;-304,70;0,2305;0,06;7;1;5;10
148;DEATH;Suicide;1;19;-305,03;0,2282;0,26;14;1;2;4
149;DEATH;Suicide;1;4;-302,33;0,2259;0,00;15;0;2;2
150;DEATH;Suicide;1;16;-300,15;0,2237;0,25;14;1;2;4
151;DEATH;Suicide;1;12;-295,11;0,2215;0,25;12;2;4;6
152;DEATH;Suicide;1;4;-302,38;0,2192;0,25;13;0;2;2
153;DEATH;Suicide;1;5;-302,89;0,2170;0,20;12;0;1;2
154;DEATH;Suicide;1;47;-311,71;0,2149;0,28;9;3;6;12
155;DEATH;Suicide;1;4;-302,43;0,2127;0,25;11;0;2;2
156;DEATH;Suicide;1;8;-297,77;0,2106;0,00;13;1;3;4
157;DEATH;Suicide;1;92;-373,51;0,2085;0,18;12;5;10;18
158;DEATH;Suicide;1;7;-296,46;0,2064;0,29;13;1;2;2
159;DEATH;Suicide;1;5;-295,44;0,2043;0,00;9;1;2;2
160;DEATH;Suicide;1;10;-298,24;0,2023;0,10;19;1;1;2
161;DEATH;Suicide;1;5;-295,44;0,2003;0,20;13;1;2;2
162;DEATH;Suicide;1;4;-302,38;0,1983;0,25;13;0;2;2
163;DEATH;Suicide;1;16;-304,55;0,1963;0,25;12;0;1;2
164;DEATH;Suicide;1;14;-293,93;0,1943;0,36;14;2;3;4
165;DEATH;Suicide;1;19;-295,78;0,1924;0,00;13;2;4;8
166;DEATH;Suicide;1;13;-296,32;0,1905;0,23;11;1;1;2
167;DEATH;Suicide;1;6;-295,55;0,1886;0,17;9;1;2;2
168;DEATH;Suicide;1;17;-311,46;0,1867;0,06;13;0;2;4
169;WIN;None;1;23;-289,12;0,1848;0,13;8;0;2;2
170;DEATH;Suicide;1;4;-302,43;0,1830;0,00;10;0;1;2
171;DEATH;Suicide;1;4;-302,43;0,1811;0,00;16;0;2;2
172;DEATH;Suicide;1;4;-302,38;0,1793;0,25;5;0;1;2
173;DEATH;Suicide;1;7;-303,26;0,1775;0,29;10;0;2;4
174;DEATH;Suicide;1;4;-302,43;0,1757;0,00;12;0;2;2
175;DEATH;Suicide;1;4;-302,38;0,1740;0,25;10;0;2;2
176;DEATH;Suicide;1;8;-290,72;0,1723;0,13;13;2;2;4
177;DEATH;Suicide;1;5;-295,39;0,1705;0,20;16;1;1;2
178;DEATH;Suicide;1;21;-303,60;0,1688;0,10;14;1;3;4
179;DEATH;Suicide;1;5;-295,44;0,1671;0,40;13;1;1;2
180;DEATH;Suicide;1;5;-295,39;0,1655;0,20;10;1;2;2
181;DEATH;Suicide;1;12;-299,96;0,1638;0,08;11;1;1;2
182;DEATH;Suicide;1;5;-295,39;0,1622;0,00;11;1;1;2
183;DEATH;Suicide;1;4;-302,38;0,1605;0,25;12;0;2;2
184;DEATH;Suicide;1;4;-302,43;0,1589;0,00;15;0;2;2
185;DEATH;Suicide;1;4;-302,38;0,1574;0,00;11;0;2;2
186;DEATH;Suicide;1;5;-302,44;0,1558;0,40;16;0;2;2
187;DEATH;Suicide;1;8;-290,57;0,1542;0,38;8;2;2;2
188;DEATH;Suicide;1;26;-297,10;0,1527;0,08;10;3;4;8
189;DEATH;Suicide;1;4;-302,38;0,1512;0,25;13;0;1;2
190;DEATH;Suicide;1;26;-301,85;0,1496;0,15;14;3;4;6
191;DEATH;Suicide;1;14;-295,58;0,1481;0,14;13;2;1;2
192;DEATH;Suicide;1;7;-292,76;0,1467;0,14;15;2;3;4
193;DEATH;Suicide;1;41;-299,70;0,1452;0,17;11;4;4;8
194;DEATH;Suicide;1;4;-302,38;0,1437;0,00;15;0;1;2
195;DEATH;Suicide;1;24;-305,68;0,1423;0,17;9;1;6;10
196;DEATH;Suicide;1;18;-299,87;0,1409;0,22;11;1;1;2
197;DEATH;Suicide;1;86;-316,40;0,1395;0,15;16;6;7;14
198;DEATH;Suicide;1;12;-300,06;0,1381;0,08;11;1;1;2
199;DEATH;Suicide;1;31;-294,65;0,1367;0,16;15;4;3;6
200;DEATH;Suicide;1;27;-298,41;0,1353;0,19;9;2;3;6
201;DEATH;Suicide;1;49;-306,68;0,1340;0,20;14;1;2;4
202;DEATH;Suicide;1;56;-343,20;0,1326;0,11;15;2;2;4
203;DEATH;Suicide;1;6;-295,50;0,1313;0,17;9;1;1;2
204;DEATH;Suicide;1;5;-295,44;0,1300;0,40;15;1;2;2
205;DEATH;Suicide;1;39;-349,68;0,1287;0,08;14;0;2;4
206;DEATH;Suicide;1;31;-328,10;0,1274;0,10;13;1;3;4
207;DEATH;Suicide;1;19;-306,98;0,1261;0,11;9;1;3;4
208;DEATH;Suicide;1;6;-303,40;0,1249;0,33;15;0;2;2
209;DEATH;Suicide;1;4;-302,43;0,1236;0,00;10;0;1;2
210;DEATH;Suicide;1;4;-302,43;0,1224;0,00;12;0;2;2
211;DEATH;Suicide;1;8;-297,77;0,1212;0,00;9;1;2;4
212;DEATH;Suicide;1;27;-320,16;0,1200;0,04;5;0;2;4
213;DEATH;Suicide;1;6;-301,00;0,1188;0,00;11;0;2;2
214;DEATH;Suicide;1;15;-303,29;0,1176;0,13;16;1;1;2
215;DEATH;Suicide;1;48;-341,37;0,1164;0,10;10;0;1;2
216;DEATH;Suicide;1;13;-294,62;0,1152;0,15;12;2;1;2
217;DEATH;Suicide;1;5;-295,44;0,1141;0,20;11;1;1;2
218;DEATH;Suicide;1;4;-302,38;0,1129;0,25;11;0;1;2
219;DEATH;Suicide;1;46;-379,15;0,1118;0,04;12;2;3;4
220;DEATH;Suicide;1;5;-295,44;0,1107;0,00;10;1;1;2
221;DEATH;Suicide;1;15;-305,59;0,1096;0,07;8;0;1;2
222;WIN;None;1;17;220,74;0,1085;0,06;11;2;3;6
223;DEATH;Suicide;1;5;-295,44;0,1074;0,20;12;1;1;2
224;DEATH;Suicide;1;17;-294,86;0,1063;0,18;10;2;3;6
225;DEATH;Suicide;1;6;-302,55;0,1053;0,17;8;0;1;2
226;DEATH;Suicide;1;4;-302,38;0,1042;0,50;14;0;1;2
227;DEATH;Suicide;1;107;-416,91;0,1032;0,11;11;1;2;4
228;DEATH;Suicide;1;11;-304,20;0,1021;0,09;12;0;2;2
229;DEATH;Suicide;1;52;-317,61;0,1011;0,08;9;0;1;2
230;DEATH;Suicide;1;61;-324,70;0,1001;0,10;15;3;6;10
231;DEATH;Suicide;1;32;-318,46;0,0991;0,06;12;1;1;2
232;DEATH;Suicide;1;27;-325,61;0,0981;0,11;14;1;1;2
233;DEATH;Suicide;1;6;-295,50;0,0971;0,33;10;1;1;2
234;DEATH;Suicide;1;6;-295,95;0,0962;0,17;12;1;1;2
235;DEATH;Suicide;1;11;-299,05;0,0952;0,09;9;1;2;2
236;DEATH;Suicide;1;4;-302,43;0,0942;0,00;13;0;2;2
237;DEATH;Suicide;1;28;-328,22;0,0933;0,07;6;1;1;2
238;DEATH;Suicide;1;4;-302,43;0,0924;0,00;10;0;2;2
239;DEATH;Suicide;1;9;-297,88;0,0914;0,11;12;1;3;4
240;DEATH;Suicide;1;4;-302,33;0,0905;0,00;16;0;2;2
241;DEATH;Suicide;1;6;-295,95;0,0896;0,17;16;1;1;2
242;DEATH;Suicide;1;4;-302,38;0,0887;0,00;9;0;1;2
243;DEATH;Suicide;1;43;-287,87;0,0878;0,12;10;3;2;4
244;DEATH;Suicide;1;5;-302,49;0,0870;0,00;5;0;2;2
245;DEATH;Suicide;1;12;-308,01;0,0861;0,08;11;0;1;2
246;DEATH;Suicide;1;13;-309,02;0,0852;0,08;16;0;2;2
247;DEATH;Suicide;1;5;-295,44;0,0844;0,40;14;1;1;2
248;DEATH;Suicide;1;77;-327,51;0,0835;0,08;10;2;3;6
249;DEATH;Suicide;1;6;-302,55;0,0827;0,00;10;0;2;2
250;DEATH;Suicide;1;16;-288,25;0,0819;0,06;13;3;3;6
251;DEATH;Suicide;1;13;-301,07;0,0811;0,00;13;1;2;2
252;DEATH;Suicide;1;9;-297,53;0,0802;0,22;11;1;2;2
253;DEATH;Suicide;1;11;-303,90;0,0794;0,18;9;0;1;2
254;DEATH;Suicide;1;30;-308,19;0,0787;0,03;15;1;1;2
255;DEATH;Suicide;1;5;-295,39;0,0779;0,00;11;1;2;2
256;DEATH;Suicide;1;5;-302,49;0,0771;0,00;11;0;2;2
257;DEATH;Suicide;1;4;-302,43;0,0763;0,00;13;0;1;2
258;DEATH;Suicide;1;19;-299,18;0,0756;0,00;9;2;3;4
259;DEATH;Suicide;1;104;-581,93;0,0748;0,04;10;1;1;2
260;DEATH;Suicide;1;11;-293,20;0,0740;0,27;6;2;1;2
261;DEATH;Suicide;1;24;-287,58;0,0733;0,04;13;4;4;8
262;DEATH;Suicide;1;8;-297,72;0,0726;0,13;7;1;3;4
263;WIN;None;1;27;-284,01;0,0718;0,19;6;2;6;12
264;DEATH;Suicide;1;5;-302,44;0,0711;0,00;11;0;1;2
265;DEATH;Suicide;1;10;-291,84;0,0704;0,00;10;2;2;4
266;DEATH;Suicide;1;44;-371,13;0,0697;0,05;12;2;3;4
267;DEATH;Suicide;1;9;-290,88;0,0690;0,11;12;2;3;4
268;DEATH;Suicide;1;10;-304,64;0,0683;0,10;10;0;1;2
269;DEATH;Suicide;1;92;-395,81;0,0676;0,10;11;1;4;6
270;DEATH;Suicide;1;5;-295,49;0,0670;0,20;9;1;2;2
271;DEATH;Suicide;1;125;-421,49;0,0663;0,07;9;1;7;14
272;DEATH;Suicide;1;12;-298,26;0,0656;0,25;12;1;1;2
273;DEATH;Suicide;1;27;-310,86;0,0650;0,11;10;0;6;10
274;DEATH;Suicide;1;18;-307,52;0,0643;0,11;12;1;2;2
275;DEATH;Suicide;1;5;-295,44;0,0637;0,00;14;1;1;2
276;DEATH;Suicide;1;45;-360,29;0,0630;0,04;12;1;2;4
277;DEATH;Suicide;1;27;-302,51;0,0624;0,07;7;1;2;4
278;DEATH;Suicide;1;30;-304,39;0,0618;0,10;13;1;2;4
279;DEATH;Suicide;1;4;-302,38;0,0612;0,00;16;0;1;2
280;DEATH;Suicide;1;147;-367,81;0,0606;0,03;10;4;5;10
281;DEATH;Suicide;1;4;-302,43;0,0600;0,25;13;0;1;2
282;DEATH;Suicide;1;8;-296,92;0,0594;0,00;12;1;1;2
283;DEATH;Suicide;1;4;-300,93;0,0588;0,00;16;0;2;2
284;DEATH;Suicide;1;10;-290,94;0,0582;0,00;9;2;3;4
285;DEATH;Suicide;1;4;-300,88;0,0576;0,25;10;0;2;2
286;DEATH;Suicide;1;43;-338,37;0,0570;0,05;11;1;2;2
287;DEATH;Suicide;1;22;-304,01;0,0565;0,09;11;2;2;4
288;DEATH;Suicide;1;134;-868,08;0,0559;0,04;15;2;2;4
289;DEATH;Suicide;1;209;-375,18;0,0553;0,05;8;3;6;10
290;DEATH;Suicide;1;92;-589,26;0,0548;0,05;13;1;1;2
291;DEATH;Suicide;1;44;-360,98;0,0542;0,07;15;1;1;2
292;DEATH;Suicide;1;24;-318,68;0,0537;0,00;13;1;1;2
293;DEATH;Suicide;1;16;-291,15;0,0531;0,06;11;3;2;2
294;DEATH;Suicide;1;4;-302,38;0,0526;0,00;14;0;1;2
295;DEATH;Suicide;1;4;-300,93;0,0521;0,00;8;0;2;2
296;DEATH;Suicide;1;41;-348,55;0,0516;0,00;12;0;1;2
297;DEATH;Suicide;1;5;-295,39;0,0511;0,00;11;1;1;2
298;DEATH;Suicide;1;16;-304,60;0,0505;0,06;10;1;1;2
299;DEATH;Suicide;1;4;-300,83;0,0500;0,00;16;0;2;2
300;DEATH;Suicide;1;30;-319,34;0,0500;0,03;15;1;2;2
301;DEATH;Suicide;1;34;-345,33;0,0500;0,09;11;1;2;2
302;DEATH;Suicide;1;19;-297,88;0,0500;0,05;8;2;6;10
303;DEATH;Suicide;1;17;-306,01;0,0500;0,00;16;1;1;2
304;DEATH;Suicide;1;41;-362,50;0,0500;0,05;14;1;1;2
305;DEATH;Suicide;1;17;-306,01;0,0500;0,00;10;1;1;2
306;DEATH;Suicide;1;4;-300,83;0,0500;0,00;10;0;1;2
307;DEATH;Suicide;1;86;-493,90;0,0500;0,06;13;1;1;2
308;DEATH;Suicide;1;13;-300,07;0,0500;0,08;12;1;2;2
309;DEATH;Suicide;1;28;-305,17;0,0500;0,11;9;0;3;6
310;DEATH;Suicide;1;24;-326,38;0,0500;0,04;11;0;2;2
311;DEATH;Suicide;1;17;-301,66;0,0500;0,18;12;1;2;2
312;DEATH;Suicide;1;10;-305,34;0,0500;0,10;11;0;3;4
313;DEATH;Suicide;1;9;-298,23;0,0500;0,11;14;1;2;4
314;DEATH;Suicide;1;4;-302,38;0,0500;0,25;11;0;1;2
315;DEATH;Suicide;1;6;-303,40;0,0500;0,00;10;0;1;2
316;DEATH;Suicide;1;4;-302,38;0,0500;0,00;13;0;1;2
317;DEATH;Suicide;1;10;-294,19;0,0500;0,00;14;2;2;4
318;DEATH;Suicide;1;27;-291,21;0,0500;0,04;10;3;5;8
319;DEATH;Suicide;1;7;-300,66;0,0500;0,00;11;0;2;2
320;DEATH;Suicide;1;6;-290,50;0,0500;0,00;9;2;1;2
321;DEATH;Suicide;1;8;-293,22;0,0500;0,13;11;2;2;4
322;DEATH;Suicide;1;14;-309,88;0,0500;0,00;12;0;4;8
323;DEATH;Suicide;1;72;-496,11;0,0500;0,04;11;0;2;4
324;DEATH;Suicide;1;16;-299,40;0,0500;0,06;14;2;2;4
325;DEATH;Suicide;1;24;-301,28;0,0500;0,13;18;3;2;4
326;DEATH;Suicide;1;4;-300,88;0,0500;0,00;9;0;1;2
327;DEATH;Suicide;1;9;-291,23;0,0500;0,11;15;2;2;4
328;DEATH;Suicide;1;5;-295,39;0,0500;0,00;16;1;1;2
329;DEATH;Suicide;1;4;-302,43;0,0500;0,25;11;0;2;2
330;DEATH;Suicide;1;74;-345,23;0,0500;0,05;11;4;5;10
331;DEATH;Suicide;1;51;-377,00;0,0500;0,02;13;1;3;4
332;DEATH;Suicide;1;13;-297,37;0,0500;0,00;14;2;5;8
333;DEATH;Suicide;1;103;-287,97;0,0500;0,03;10;4;3;6
334;DEATH;Suicide;1;7;-302,56;0,0500;0,14;11;0;1;2
335;DEATH;Suicide;1;4;-302,43;0,0500;0,25;8;0;1;2
336;DEATH;Suicide;1;63;-381,02;0,0500;0,02;7;2;8;14
337;DEATH;Suicide;1;26;-325,95;0,0500;0,04;11;0;2;4
338;DEATH;Suicide;1;4;-302,38;0,0500;0,00;14;0;1;2
339;DEATH;Suicide;1;18;-292,87;0,0500;0,06;15;3;6;10
340;DEATH;Suicide;1;107;-490,21;0,0500;0,02;11;2;8;16
341;DEATH;Suicide;1;31;-298,05;0,0500;0,03;10;1;2;4
342;DEATH;Suicide;1;27;-311,41;0,0500;0,07;13;1;4;8
343;DEATH;Suicide;1;40;-366,04;0,0500;0,05;16;1;1;2
344;DEATH;Suicide;1;44;-328,23;0,0500;0,05;11;1;4;8
345;DEATH;Suicide;1;64;-362,28;0,0500;0,03;10;1;5;8
346;DEATH;Suicide;1;6;-301,45;0,0500;0,00;12;0;1;2
347;DEATH;Suicide;1;31;-294,10;0,0500;0,03;12;2;2;4
348;DEATH;Suicide;1;7;-292,66;0,0500;0,00;11;2;3;4
349;DEATH;Suicide;1;4;-302,43;0,0500;0,00;10;0;1;2
350;WIN;None;1;8;-281,22;0,0500;0,13;13;1;2;4
351;DEATH;Suicide;1;67;-350,31;0,0500;0,07;7;2;6;10
352;DEATH;Suicide;1;30;-323,19;0,0500;0,10;9;0;3;4
353;DEATH;Suicide;1;211;-372,10;0,0500;0,03;8;2;6;12
354;DEATH;Suicide;1;5;-302,44;0,0500;0,20;7;0;1;2
355;DEATH;Suicide;1;81;-431,80;0,0500;0,05;10;1;3;4
356;DEATH;Suicide;1;5;-302,49;0,0500;0,20;9;0;2;2
357;DEATH;Suicide;1;11;-299,15;0,0500;0,09;16;1;1;2
358;DEATH;Suicide;1;5;-295,39;0,0500;0,00;10;1;2;2
359;WIN;None;1;50;-352,74;0,0500;0,04;10;2;3;6
360;DEATH;Suicide;1;5;-295,39;0,0500;0,20;14;1;2;2
361;DEATH;Suicide;1;81;-332,70;0,0500;0,06;9;3;6;10
362;DEATH;Suicide;1;64;-451,73;0,0500;0,06;14;2;2;2
363;WIN;None;1;141;130,95;0,0500;0,09;14;4;13;26
364;DEATH;Suicide;1;7;-304,71;0,0500;0,14;10;0;3;4
365;DEATH;Suicide;1;229;-316,73;0,0500;0,06;10;2;6;12
366;DEATH;Suicide;1;6;-302,95;0,0500;0,17;10;0;1;2
367;DEATH;Suicide;1;55;-372,69;0,0500;0,09;10;1;1;2
368;DEATH;Suicide;1;88;-661,72;0,0500;0,01;10;1;2;2
369;DEATH;Suicide;1;22;-306,56;0,0500;0,09;12;1;3;6
370;DEATH;Suicide;1;45;-386,19;0,0500;0,02;7;1;1;2
371;DEATH;Suicide;1;236;-860,50;0,0500;0,04;16;2;4;6
372;DEATH;Suicide;1;88;-368,37;0,0500;0,07;11;1;2;4
373;DEATH;Suicide;1;5;-302,44;0,0500;0,20;15;0;1;2
374;DEATH;Suicide;1;5;-295,39;0,0500;0,20;10;1;2;2
375;DEATH;Suicide;1;5;-295,39;0,0500;0,20;14;1;2;2
376;DEATH;Suicide;1;42;-285,66;0,0500;0,00;13;4;5;10
377;WIN;None;1;49;-284,03;0,0500;0,02;12;2;3;4
378;DEATH;Suicide;1;108;-620,22;0,0500;0,03;17;2;2;4
379;DEATH;Suicide;1;28;-330,37;0,0500;0,07;7;0;1;2
380;DEATH;Suicide;1;33;-319,37;0,0500;0,06;6;1;2;4
381;DEATH;Suicide;1;94;-375,53;0,0500;0,01;12;2;2;4
382;DEATH;Suicide;1;7;-297,71;0,0500;0,00;13;1;3;4
383;DEATH;Suicide;1;6;-302,50;0,0500;0,00;2;0;1;2
384;DEATH;Suicide;1;57;-407,26;0,0500;0,05;4;1;1;2
385;DEATH;Suicide;1;94;-530,98;0,0500;0,07;13;1;4;6
386;DEATH;Suicide;1;15;-302,24;0,0500;0,07;14;1;3;6
387;DEATH;Suicide;1;97;-300,51;0,0500;0,05;10;2;2;4
388;DEATH;Suicide;1;19;-306,13;0,0500;0,05;11;1;1;2
389;DEATH;Suicide;1;18;-305,67;0,0500;0,11;11;1;2;4
390;DEATH;Suicide;1;64;-378,93;0,0500;0,08;9;1;2;4
391;WIN;None;1;13;221,83;0,0500;0,00;15;1;3;6
392;DEATH;Suicide;1;23;-297,62;0,0500;0,09;9;2;3;4
393;DEATH;Suicide;1;69;-373,88;0,0500;0,04;9;1;4;8
394;DEATH;Suicide;1;47;-354,41;0,0500;0,04;10;0;1;2
395;DEATH;Suicide;1;25;-313,89;0,0500;0,08;6;2;2;4
396;DEATH;Suicide;1;16;-304,60;0,0500;0,13;18;1;1;2
397;DEATH;Suicide;1;6;-302,95;0,0500;0,00;11;0;1;2
398;DEATH;Suicide;1;5;-295,39;0,0500;0,00;8;1;2;2
399;DEATH;Suicide;1;22;-298,56;0,0500;0,05;11;1;3;4
400;DEATH;Suicide;1;7;-296,46;0,0500;0,00;8;1;1;2
401;DEATH;Suicide;1;8;-297,77;0,0500;0,00;14;1;2;4
402;DEATH;Suicide;1;14;-305,13;0,0500;0,07;13;0;3;4
403;DEATH;Suicide;1;4;-302,38;0,0500;0,00;16;0;2;2
404;DEATH;Suicide;1;67;-383,56;0,0500;0,00;8;4;4;8
405;DEATH;Suicide;1;45;-310,24;0,0500;0,07;11;1;2;4
406;DEATH;Suicide;1;34;-295,38;0,0500;0,09;6;2;4;6
407;DEATH;Suicide;1;7;-295,51;0,0500;0,00;10;1;2;2
408;DEATH;Suicide;1;5;-302,44;0,0500;0,00;12;0;1;2
409;DEATH;Suicide;1;4;-302,38;0,0500;0,00;14;0;1;2
410;DEATH;Suicide;1;13;-308,02;0,0500;0,00;11;0;1;2
411;DEATH;Suicide;1;5;-302,44;0,0500;0,00;12;0;1;2
412;DEATH;Suicide;1;5;-295,39;0,0500;0,20;17;1;2;2
413;DEATH;Suicide;1;68;-378,12;0,0500;0,06;14;1;1;2
414;DEATH;Suicide;1;12;-298,01;0,0500;0,00;10;1;2;4
415;DEATH;Suicide;1;88;-425,37;0,0500;0,07;12;1;4;6
416;DEATH;Suicide;1;69;-308,88;0,0500;0,04;12;0;2;4
417;DEATH;Suicide;1;8;-303,07;0,0500;0,13;11;0;1;2
418;DEATH;Suicide;1;39;-299,68;0,0500;0,03;11;1;2;4
419;DEATH;Suicide;1;5;-302,44;0,0500;0,00;10;0;2;2
420;DEATH;Suicide;1;20;-307,74;0,0500;0,20;14;1;2;2
421;DEATH;Suicide;1;7;-302,41;0,0500;0,14;12;0;2;2
422;DEATH;Suicide;1;106;-594,10;0,0500;0,03;15;1;1;2
423;DEATH;Suicide;1;49;-403,93;0,0500;0,02;17;1;2;2
424;DEATH;Suicide;1;68;-397,07;0,0500;0,04;11;2;3;4
425;DEATH;Suicide;1;76;-467,30;0,0500;0,05;16;1;2;2
426;DEATH;Suicide;1;46;-336,45;0,0500;0,09;12;1;3;4
427;DEATH;Suicide;1;24;-309,43;0,0500;0,08;11;1;4;6
428;DEATH;Suicide;1;88;-481,27;0,0500;0,06;12;1;1;2
429;DEATH;Suicide;1;140;-854,19;0,0500;0,02;13;1;1;2
430;DEATH;Suicide;1;12;-300,56;0,0500;0,17;11;1;3;6
431;DEATH;Suicide;1;72;-343,21;0,0500;0,07;13;5;3;6
432;DEATH;Suicide;1;22;-301,51;0,0500;0,09;12;2;2;4
433;DEATH;Suicide;1;9;-296,33;0,0500;0,00;13;1;2;4
434;DEATH;Suicide;1;26;-323,25;0,0500;0,08;14;1;1;2
435;DEATH;Suicide;1;157;-714,06;0,0500;0,04;11;0;4;6
436;DEATH;Suicide;1;4;-302,38;0,0500;0,00;10;0;2;2
437;DEATH;Suicide;1;37;-339,46;0,0500;0,08;10;0;1;2
438;DEATH;Suicide;1;26;-300,70;0,0500;0,08;7;1;2;4
439;DEATH;Suicide;1;205;-831,89;0,0500;0,02;14;2;4;8
440;DEATH;Suicide;1;8;-290,77;0,0500;0,38;12;2;3;4
441;DEATH;Suicide;1;4;-302,43;0,0500;0,25;13;0;1;2
442;WIN;None;1;7;-281,21;0,0500;0,00;6;1;3;4
443;DEATH;Suicide;1;75;-315,69;0,0500;0,05;10;3;7;12
444;DEATH;Suicide;1;71;-463,60;0,0500;0,03;11;1;1;2
445;DEATH;Suicide;1;13;-291,37;0,0500;0,23;9;2;1;2
446;DEATH;Suicide;1;5;-302,44;0,0500;0,00;10;0;2;2
447;DEATH;Suicide;1;32;-300,91;0,0500;0,13;10;2;3;6
448;DEATH;Suicide;1;46;-321,45;0,0500;0,00;10;0;5;10
449;DEATH;Suicide;1;86;-327,85;0,0500;0,08;12;3;4;8
450;DEATH;Suicide;1;9;-298,28;0,0500;0,11;11;1;3;4
451;DEATH;Suicide;1;7;-292,76;0,0500;0,00;11;2;2;4
452;DEATH;Suicide;1;75;-373,64;0,0500;0,04;12;2;6;10
453;DEATH;Suicide;1;60;-439,74;0,0500;0,03;15;2;3;4
454;DEATH;Suicide;1;12;-298,76;0,0500;0,08;12;1;4;6
455;WIN;None;1;98;140,43;0,0500;0,07;13;1;1;2
456;DEATH;Suicide;1;12;-305,66;0,0500;0,00;9;0;3;6
457;DEATH;Suicide;1;7;-292,71;0,0500;0,00;13;2;3;4
458;DEATH;Suicide;1;15;-300,29;0,0500;0,13;12;1;3;6
459;DEATH;Suicide;1;128;-863,82;0,0500;0,05;13;2;3;4
460;DEATH;Suicide;1;199;-1304,68;0,0500;0,03;14;1;1;2
461;DEATH;Suicide;1;17;-302,81;0,0500;0,18;11;1;1;2
462;DEATH;Suicide;1;11;-298,65;0,0500;0,00;15;1;1;2
463;DEATH;Suicide;1;11;-300,10;0,0500;0,00;11;1;4;6
464;DEATH;Suicide;1;19;-314,03;0,0500;0,11;9;0;3;4
465;DEATH;Suicide;1;7;-297,71;0,0500;0,00;10;1;3;4
466;DEATH;Suicide;1;5;-302,44;0,0500;0,00;9;0;1;2
467;DEATH;Suicide;1;182;-472,76;0,0500;0,04;9;2;22;44
468;DEATH;Suicide;1;31;-304,00;0,0500;0,10;14;3;2;4
469;DEATH;Suicide;1;36;-292,50;0,0500;0,08;12;2;2;4
470;DEATH;Suicide;1;12;-288,11;0,0500;0,00;10;3;3;6
471;DEATH;Suicide;1;38;-316,07;0,0500;0,08;9;3;2;4
472;DEATH;Suicide;1;70;-340,04;0,0500;0,04;12;3;6;12
473;WIN;None;1;15;-272,04;0,0500;0,13;15;2;5;8
474;DEATH;Suicide;1;4;-302,43;0,0500;0,00;9;0;1;2
475;DEATH;Suicide;1;4;-300,93;0,0500;0,00;10;0;2;2
476;DEATH;Suicide;1;8;-297,72;0,0500;0,00;8;1;2;4
477;DEATH;Suicide;1;9;-292,78;0,0500;0,11;10;2;2;4
478;DEATH;Suicide;1;96;-318,60;0,0500;0,03;8;2;3;6
479;DEATH;Suicide;1;5;-295,39;0,0500;0,00;10;1;2;2
480;DEATH;Suicide;1;23;-305,87;0,0500;0,13;11;1;3;6
481;DEATH;Suicide;1;34;-297,83;0,0500;0,12;12;1;2;4
482;DEATH;Suicide;1;29;-301,08;0,0500;0,14;12;1;2;2
483;DEATH;Suicide;1;31;-323,95;0,0500;0,03;13;1;1;2
484;DEATH;Suicide;1;4;-302,38;0,0500;0,00;13;0;2;2
485;DEATH;Suicide;1;8;-304,52;0,0500;0,13;11;0;2;2
486;DEATH;Suicide;1;5;-295,39;0,0500;0,00;13;1;2;2
487;DEATH;Suicide;1;8;-302,62;0,0500;0,13;15;0;2;2
488;DEATH;Suicide;1;61;-315,55;0,0500;0,02;15;1;1;2
489;DEATH;Suicide;1;167;-357,26;0,0500;0,04;7;1;26;50
490;DEATH;Suicide;1;8;-297,72;0,0500;0,00;12;1;2;4
491;DEATH;Suicide;1;60;-368,39;0,0500;0,05;11;1;6;10
492;DEATH;Suicide;1;17;-313,01;0,0500;0,00;15;0;2;2
493;DEATH;Suicide;1;103;-412,57;0,0500;0,06;15;4;6;10
494;DEATH;Suicide;1;5;-295,44;0,0500;0,00;10;1;1;2
495;DEATH;Suicide;1;45;-346,54;0,0500;0,04;10;1;1;2
496;DEATH;Suicide;1;8;-296,92;0,0500;0,00;13;1;1;2
497;DEATH;Suicide;1;5;-295,39;0,0500;0,00;11;1;2;2
498;DEATH;Suicide;2;4;-300,83;0,0500;0,00;12;0;1;2
499;DEATH;Suicide;2;4;-302,38;0,8000;0,75;15;0;1;2
500;DEATH;Suicide;2;6;-302,55;0,7960;0,83;11;0;1;2
501;DEATH;Suicide;2;7;-296,01;0,7920;0,71;12;1;1;2
502;DEATH;Suicide;2;4;-302,38;0,7881;1,00;7;0;2;2
503;DEATH;Suicide;2;5;-302,89;0,7841;0,80;11;0;2;2
504;DEATH;Suicide;2;12;-297,21;0,7802;0,67;11;1;1;2
505;DEATH;Suicide;2;5;-302,89;0,7763;0,80;11;0;1;2
506;DEATH;Suicide;2;4;-302,33;0,7724;0,75;16;0;2;2
507;DEATH;Suicide;2;5;-295,44;0,7686;0,80;11;1;2;2
508;DEATH;Suicide;2;11;-299,35;0,7647;0,82;8;1;2;4
509;DEATH;Suicide;2;5;-302,44;0,7609;0,60;11;0;1;2
510;DEATH;Suicide;2;19;-301,38;0,7571;0,74;10;1;1;2
511;DEATH;Suicide;2;4;-302,43;0,7533;0,75;11;0;1;2
512;DEATH;Suicide;2;7;-292,71;0,7495;1,00;12;2;3;4
513;DEATH;Suicide;2;11;-297,95;0,7458;0,91;11;1;3;4
514;DEATH;Suicide;2;6;-295,90;0,7421;1,00;10;1;1;2
515;DEATH;Suicide;2;4;-302,38;0,7383;0,75;13;0;2;2
516;DEATH;Suicide;2;8;-295,67;0,7347;0,63;14;1;2;2
517;DEATH;Suicide;2;13;-298,92;0,7310;0,92;12;1;1;2
518;DEATH;Suicide;2;7;-297,71;0,7273;1,00;9;1;2;4
519;DEATH;Suicide;2;6;-302,45;0,7237;0,33;13;0;2;2
520;DEATH;Suicide;2;4;-302,38;0,7201;1,00;14;0;2;2
521;DEATH;Suicide;2;15;-297,84;0,7165;0,73;16;1;1;2
522;DEATH;Suicide;2;5;-295,49;0,7129;0,80;12;1;1;2
523;DEATH;Suicide;2;9;-285,83;0,7093;0,89;9;3;3;4
524;DEATH;Suicide;2;5;-295,39;0,7058;0,20;11;1;2;2
525;DEATH;Suicide;2;6;-302,95;0,7022;0,33;11;0;2;2
526;DEATH;Suicide;2;5;-295,49;0,6987;0,80;9;1;1;2
527;DEATH;Suicide;2;6;-302,95;0,6952;0,67;11;0;2;2
528;DEATH;Suicide;2;4;-302,38;0,6918;0,25;13;0;2;2
529;DEATH;Suicide;2;8;-303,07;0,6883;0,75;12;0;1;2
530;DEATH;Suicide;2;5;-302,94;0,6849;0,80;13;0;1;2
531;DEATH;Suicide;2;6;-295,95;0,6814;0,67;16;1;2;2
532;DEATH;Suicide;2;7;-302,56;0,6780;0,86;12;0;1;2
533;DEATH;Suicide;2;7;-303,51;0,6746;0,86;10;0;2;2
534;DEATH;Suicide;2;4;-302,33;0,6713;1,00;12;0;1;2
535;DEATH;Suicide;2;5;-302,49;0,6679;0,80;9;0;2;2
536;DEATH;Suicide;2;10;-296,19;0,6646;0,80;12;1;2;2
537;DEATH;Suicide;2;10;-295,74;0,6613;0,70;11;1;1;2
538;DEATH;Suicide;2;11;-302,85;0,6579;0,55;7;0;2;2
539;DEATH;Suicide;2;5;-302,49;0,6547;1,00;12;0;1;2
540;DEATH;Suicide;2;5;-295,39;0,6514;0,80;7;1;2;2
541;DEATH;Suicide;2;24;-301,03;0,6481;0,54;10;1;3;4
542;DEATH;Suicide;2;11;-297,55;0,6449;0,73;13;1;1;2
543;DEATH;Suicide;2;5;-302,39;0,6417;0,80;13;0;1;2
544;DEATH;Suicide;2;5;-302,39;0,6385;0,60;12;0;2;2
545;DEATH;Suicide;2;12;-305,56;0,6353;0,58;7;0;1;2
546;DEATH;Suicide;2;16;-308,30;0,6321;0,69;9;0;3;6
547;DEATH;Suicide;2;16;-298,70;0,6289;0,81;7;1;3;4
548;DEATH;Suicide;2;7;-296,41;0,6258;0,86;11;1;2;2
549;DEATH;Suicide;2;6;-295,95;0,6227;0,50;15;1;1;2
550;DEATH;Suicide;2;4;-302,38;0,6195;1,00;11;0;1;2
551;DEATH;Suicide;2;8;-304,82;0,6164;0,88;11;0;2;4
552;DEATH;Suicide;2;4;-302,38;0,6134;0,50;11;0;2;2
553;DEATH;Suicide;2;6;-295,90;0,6103;0,50;12;1;2;2
554;DEATH;Suicide;2;6;-302,95;0,6072;0,50;13;0;2;2
555;DEATH;Suicide;2;5;-302,89;0,6042;0,40;11;0;1;2
556;DEATH;Suicide;2;5;-302,94;0,6012;0,20;12;0;2;2
557;DEATH;Suicide;2;7;-292,71;0,5982;0,29;13;2;3;4
558;DEATH;Suicide;2;10;-298,34;0,5952;0,90;10;1;2;4
559;DEATH;Suicide;2;5;-295,44;0,5922;0,40;12;1;2;2
560;DEATH;Suicide;2;19;-303,98;0,5892;0,63;8;0;2;4
561;DEATH;Suicide;2;15;-292,49;0,5863;0,40;11;2;3;4
562;DEATH;Suicide;2;6;-296,00;0,5834;0,67;15;1;1;2
563;DEATH;Suicide;2;5;-295,44;0,5805;0,80;13;1;2;2
564;DEATH;Suicide;2;5;-302,49;0,5776;0,60;14;0;2;2
565;DEATH;Suicide;2;5;-302,39;0,5747;0,60;15;0;1;2
566;DEATH;Suicide;2;11;-297,70;0,5718;0,36;13;1;2;2
567;DEATH;Suicide;2;5;-302,44;0,5689;1,00;11;0;1;2
568;DEATH;Suicide;2;6;-295,50;0,5661;0,67;9;1;1;2
569;DEATH;Suicide;2;12;-298,21;0,5633;0,50;11;1;1;2
570;DEATH;Suicide;2;8;-296,07;0,5604;0,63;9;1;1;2
571;DEATH;Suicide;2;5;-295,44;0,5576;0,60;16;1;1;2
572;DEATH;Suicide;2;39;-298,68;0,5548;0,56;13;3;4;8
573;DEATH;Suicide;2;4;-302,38;0,5521;0,75;11;0;1;2
574;DEATH;Suicide;2;4;-302,38;0,5493;0,25;12;0;1;2
575;DEATH;Suicide;2;11;-298,80;0,5466;0,82;11;1;2;4
576;DEATH;Suicide;2;6;-296,00;0,5438;0,33;11;1;2;2
577;DEATH;Suicide;2;12;-300,56;0,5411;0,42;15;1;3;6
578;DEATH;Suicide;2;5;-302,44;0,5384;1,00;9;0;1;2
579;DEATH;Suicide;2;12;-304,61;0,5357;0,50;11;0;1;2
580;DEATH;Suicide;2;8;-297,72;0,5330;0,00;9;1;3;4
581;DEATH;Suicide;2;12;-297,21;0,5304;0,33;13;1;1;2
582;DEATH;Suicide;2;4;-302,38;0,5277;0,50;11;0;1;2
583;DEATH;Suicide;2;5;-302,39;0,5251;0,60;11;0;2;2
584;DEATH;Suicide;2;4;-302,38;0,5225;0,75;14;0;2;2
585;DEATH;Suicide;2;9;-297,83;0,5198;0,33;15;1;3;4
586;DEATH;Suicide;2;5;-302,44;0,5172;0,60;14;0;1;2
587;DEATH;Suicide;2;12;-296,31;0,5147;0,75;12;1;1;2
588;DEATH;Suicide;2;8;-303,07;0,5121;0,50;8;0;1;2
589;DEATH;Suicide;2;6;-303,40;0,5095;1,00;10;0;1;2
590;DEATH;Suicide;2;23;-299,27;0,5070;0,48;12;1;1;2
591;DEATH;Suicide;2;52;-313,56;0,5044;0,52;15;2;9;18
592;DEATH;Suicide;2;4;-302,33;0,5019;0,75;12;0;1;2
593;DEATH;Suicide;2;11;-298,40;0,4994;0,45;10;1;2;4
594;DEATH;Suicide;2;23;-300,92;0,4969;0,52;13;1;2;4
595;DEATH;Suicide;2;9;-295,63;0,4944;0,44;11;1;1;2
596;DEATH;Suicide;2;11;-297,65;0,4920;0,55;11;1;1;2
597;DEATH;Suicide;2;5;-302,89;0,4895;0,60;12;0;1;2
598;DEATH;Suicide;2;5;-295,44;0,4871;0,60;9;1;1;2
599;DEATH;Suicide;2;7;-295,96;0,4846;0,57;14;1;2;2
600;DEATH;Suicide;2;13;-298,52;0,4822;0,69;9;1;2;4
601;DEATH;Suicide;2;10;-297,89;0,4798;0,60;12;1;3;4
602;DEATH;Suicide;2;8;-298,27;0,4774;0,75;11;1;2;4
603;DEATH;Suicide;2;4;-302,43;0,4750;0,50;10;0;1;2
604;DEATH;Suicide;2;9;-291,23;0,4726;0,56;16;2;3;4
605;DEATH;Suicide;2;7;-296,51;0,4703;0,57;11;1;1;2
606;DEATH;Suicide;2;7;-302,61;0,4679;0,57;10;0;2;2
607;DEATH;Suicide;2;5;-302,49;0,4656;0,40;11;0;1;2
608;DEATH;Suicide;2;4;-302,43;0,4632;0,50;15;0;2;2
609;DEATH;Suicide;2;4;-302,38;0,4609;0,50;10;0;2;2
610;DEATH;Suicide;2;17;-299,21;0,4586;0,41;6;1;3;4
611;DEATH;Suicide;2;9;-304,83;0,4563;0,44;9;0;2;4
612;DEATH;Suicide;2;5;-295,39;0,4540;0,60;10;1;2;2
613;DEATH;Suicide;2;8;-290,67;0,4518;0,63;10;2;1;2
614;DEATH;Suicide;2;4;-302,43;0,4495;0,50;13;0;1;2
615;DEATH;Suicide;2;4;-302,38;0,4473;0,50;12;0;2;2
616;DEATH;Suicide;2;4;-302,43;0,4450;0,25;10;0;2;2
617;DEATH;Suicide;2;7;-302,61;0,4428;0,71;16;0;1;2
618;DEATH;Suicide;2;17;-290,81;0,4406;0,47;14;3;5;10
619;DEATH;Suicide;2;7;-295,61;0,4384;0,43;13;1;1;2
620;DEATH;Suicide;2;5;-295,44;0,4362;0,20;15;1;2;2
621;DEATH;Suicide;2;6;-296,00;0,4340;0,67;10;1;2;2
622;DEATH;Suicide;2;10;-298,74;0,4318;0,30;12;1;3;4
623;DEATH;Suicide;2;18;-293,77;0,4297;0,28;9;2;3;4
624;DEATH;Suicide;2;4;-302,38;0,4275;0,50;6;0;1;2
625;DEATH;Suicide;2;10;-290,89;0,4254;0,50;11;2;2;4
626;DEATH;Suicide;2;4;-302,33;0,4233;0,75;14;0;1;2
627;DEATH;Suicide;2;5;-295,49;0,4212;0,00;12;1;1;2
628;DEATH;Suicide;2;14;-289,13;0,4191;0,36;13;3;4;6
629;DEATH;Suicide;2;5;-295,39;0,4170;0,40;12;1;1;2
630;DEATH;Suicide;2;4;-302,38;0,4149;1,00;13;0;1;2
631;DEATH;Suicide;2;17;-299,66;0,4128;0,41;12;1;2;4
632;DEATH;Suicide;2;17;-300,71;0,4107;0,35;12;1;2;4
633;DEATH;Suicide;2;4;-302,43;0,4087;0,50;16;0;1;2
634;DEATH;Suicide;2;5;-295,39;0,4066;0,20;11;1;2;2
635;DEATH;Suicide;2;10;-297,84;0,4046;0,30;11;1;2;4
636;DEATH;Suicide;2;5;-295,44;0,4026;0,60;7;1;1;2
637;DEATH;Suicide;2;4;-302,38;0,4006;0,25;14;0;2;2
638;DEATH;Suicide;2;8;-296,97;0,3986;0,50;8;1;1;2
639;DEATH;Suicide;2;16;-286,40;0,3966;0,13;8;3;3;6
640;DEATH;Suicide;2;8;-290,62;0,3946;0,38;10;2;2;2
641;DEATH;Suicide;2;5;-302,44;0,3926;0,40;8;0;1;2
642;DEATH;Suicide;2;6;-302,45;0,3907;0,17;11;0;1;2
643;DEATH;Suicide;2;4;-302,33;0,3887;0,25;5;0;1;2
644;DEATH;Suicide;2;8;-296,02;0,3868;0,38;8;1;1;2
645;DEATH;Suicide;2;8;-304,77;0,3848;0,38;9;0;2;4
646;DEATH;Suicide;2;5;-302,49;0,3829;0,20;10;0;2;2
647;DEATH;Suicide;2;5;-302,44;0,3810;0,40;8;0;2;2
648;DEATH;Suicide;2;8;-303,97;0,3791;0,38;14;0;2;2
649;DEATH;Suicide;2;5;-302,44;0,3772;0,40;13;0;1;2
650;DEATH;Suicide;2;6;-295,55;0,3753;0,50;12;1;1;2
651;DEATH;Suicide;2;10;-297,64;0,3734;0,40;11;1;1;2
652;DEATH;Suicide;2;8;-290,67;0,3716;0,38;12;2;1;2
653;DEATH;Suicide;2;4;-302,38;0,3697;0,25;12;0;1;2
654;DEATH;Suicide;2;41;-305,55;0,3678;0,37;11;1;3;6
655;DEATH;Suicide;2;8;-296,92;0,3660;0,13;12;1;2;2
656;DEATH;Suicide;2;8;-293,22;0,3642;0,63;12;2;3;4
657;DEATH;Suicide;2;4;-302,38;0,3624;0,00;15;0;2;2
658;DEATH;Suicide;2;9;-298,28;0,3605;0,44;12;1;3;4
659;DEATH;Suicide;2;14;-305,58;0,3587;0,29;10;0;2;4
660;DEATH;Suicide;2;4;-302,38;0,3569;0,50;13;0;1;2
661;DEATH;Suicide;2;38;-311,97;0,3552;0,34;11;1;2;4
662;DEATH;Suicide;2;5;-302,49;0,3534;0,20;7;0;2;2
663;DEATH;Suicide;2;5;-295,44;0,3516;0,40;12;1;1;2
664;DEATH;Suicide;2;5;-295,49;0,3499;0,40;13;1;1;2
665;DEATH;Suicide;2;24;-298,83;0,3481;0,38;12;1;2;2
666;DEATH;Suicide;2;8;-297,77;0,3464;0,38;8;1;2;4
667;DEATH;Suicide;2;6;-295,95;0,3446;0,00;14;1;1;2
668;DEATH;Suicide;2;8;-297,82;0,3429;0,25;9;1;3;4
669;DEATH;Suicide;2;5;-295,49;0,3412;0,20;14;1;1;2
670;DEATH;Suicide;2;7;-296,01;0,3395;0,57;9;1;2;2
671;DEATH;Suicide;2;9;-297,53;0,3378;0,56;13;1;2;2
672;DEATH;Suicide;2;10;-306,04;0,3361;0,10;9;0;2;2
673;DEATH;Suicide;2;6;-303,00;0,3344;0,50;12;0;2;2
674;DEATH;Suicide;2;12;-303,71;0,3328;0,33;10;0;1;2
675;DEATH;Suicide;2;20;-298,69;0,3311;0,50;14;1;1;2
676;DEATH;Suicide;2;8;-295,67;0,3294;0,25;11;1;1;2
677;DEATH;Suicide;2;4;-302,38;0,3278;0,75;9;0;1;2
678;DEATH;Suicide;2;8;-296,07;0,3262;0,38;16;1;1;2
679;DEATH;Suicide;2;11;-303,70;0,3245;0,73;8;0;1;2
680;DEATH;Suicide;2;13;-300,27;0,3229;0,23;10;1;2;4
681;DEATH;Suicide;2;5;-295,39;0,3213;0,00;16;1;2;2
682;DEATH;Suicide;2;5;-302,39;0,3197;0,20;14;0;2;2
683;DEATH;Suicide;2;9;-298,28;0,3181;0,67;10;1;3;4
684;DEATH;Suicide;2;5;-295,49;0,3165;0,20;15;1;2;2
685;DEATH;Suicide;2;17;-306,11;0,3149;0,47;12;1;1;2
686;DEATH;Suicide;2;5;-295,39;0,3133;0,40;12;1;2;2
687;DEATH;Suicide;2;6;-296,00;0,3118;0,00;11;1;2;2
688;DEATH;Suicide;2;6;-296,00;0,3102;0,17;14;1;2;2
689;DEATH;Suicide;2;5;-295,39;0,3087;0,20;8;1;2;2
690;DEATH;Suicide;2;5;-295,49;0,3071;0,00;14;1;1;2
691;DEATH;Suicide;2;15;-307,59;0,3056;0,20;14;0;2;2
692;DEATH;Suicide;2;8;-297,82;0,3040;0,38;16;1;2;4
693;DEATH;Suicide;2;7;-302,51;0,3025;0,14;15;0;1;2
694;DEATH;Suicide;2;4;-302,43;0,3010;0,25;8;0;1;2
695;DEATH;Suicide;2;20;-301,84;0,2995;0,30;15;1;2;2
696;DEATH;Suicide;2;5;-302,49;0,2980;0,20;11;0;2;2
697;DEATH;Suicide;2;10;-303,19;0,2965;0,20;10;0;2;2
698;DEATH;Suicide;2;7;-303,41;0,2950;0,43;9;0;2;2
699;DEATH;Suicide;2;7;-302,61;0,2936;0,43;13;0;1;2
700;DEATH;Suicide;2;12;-296,26;0,2921;0,25;16;1;1;2
701;DEATH;Suicide;2;5;-295,39;0,2906;0,20;10;1;1;2
702;DEATH;Suicide;2;5;-295,39;0,2892;0,00;13;1;1;2
703;DEATH;Suicide;2;6;-296,00;0,2877;0,33;13;1;1;2
704;DEATH;Suicide;2;5;-295,39;0,2863;0,40;10;1;1;2
705;DEATH;Suicide;2;8;-303,02;0,2849;0,38;10;0;1;2
706;DEATH;Suicide;2;5;-302,49;0,2834;0,20;13;0;2;2
707;DEATH;Suicide;2;16;-305,50;0,2820;0,25;9;0;1;2
708;DEATH;Suicide;2;5;-295,39;0,2806;0,40;13;1;1;2
709;DEATH;Suicide;2;4;-302,38;0,2792;0,25;14;0;2;2
710;DEATH;Suicide;2;9;-297,58;0,2778;0,33;10;1;1;2
711;DEATH;Suicide;2;4;-302,43;0,2764;0,50;14;0;1;2
712;DEATH;Suicide;2;9;-297,63;0,2750;0,22;10;1;1;2
713;DEATH;Suicide;2;10;-297,89;0,2737;0,20;11;1;2;4
714;DEATH;Suicide;2;24;-297,38;0,2723;0,17;12;2;4;8
715;WIN;None;2;17;207,84;0,2709;0,24;10;2;2;4
716;DEATH;Suicide;2;8;-296,02;0,2696;0,38;10;1;1;2
717;DEATH;Suicide;2;7;-295,51;0,2682;0,14;12;1;1;2
718;DEATH;Suicide;2;5;-295,39;0,2669;0,00;10;1;2;2
719;DEATH;Suicide;2;6;-295,95;0,2656;0,33;11;1;1;2
720;DEATH;Suicide;2;25;-316,89;0,2642;0,12;12;1;2;4
721;DEATH;Suicide;2;10;-285,84;0,2629;0,20;16;3;2;4
722;DEATH;Suicide;2;9;-293,68;0,2616;0,11;14;2;2;4
723;DEATH;Suicide;2;12;-299,86;0,2603;0,33;10;1;3;4
724;DEATH;Suicide;2;12;-298,01;0,2590;0,33;13;1;2;4
725;DEATH;Suicide;2;5;-302,44;0,2577;0,40;11;0;1;2
726;DEATH;Suicide;2;17;-304,46;0,2564;0,12;12;1;3;4
727;DEATH;Suicide;2;5;-302,49;0,2551;0,20;11;0;2;2
728;DEATH;Suicide;2;8;-290,72;0,2538;0,13;10;2;3;4
729;DEATH;Suicide;2;8;-297,72;0,2526;0,00;12;1;3;4
730;DEATH;Suicide;2;5;-295,39;0,2513;0,80;14;1;1;2
731;DEATH;Suicide;2;17;-310,46;0,2501;0,35;10;0;1;2
732;DEATH;Suicide;2;4;-302,38;0,2488;0,50;14;0;2;2
733;DEATH;Suicide;2;5;-295,49;0,2476;0,00;6;1;1;2
734;DEATH;Suicide;2;5;-295,49;0,2463;0,20;15;1;1;2
735;DEATH;Suicide;2;6;-290,50;0,2451;0,67;10;2;2;2
736;DEATH;Suicide;2;10;-297,84;0,2439;0,10;10;1;2;4
737;DEATH;Suicide;2;14;-298,53;0,2427;0,43;12;1;2;4
738;DEATH;Suicide;2;4;-302,38;0,2414;0,75;11;0;2;2
739;DEATH;Suicide;2;7;-297,76;0,2402;0,43;9;1;2;4
740;DEATH;Suicide;2;5;-302,49;0,2390;0,00;7;0;2;2
741;DEATH;Suicide;2;10;-296,24;0,2378;0,30;12;1;1;2
742;DEATH;Suicide;2;26;-298,45;0,2366;0,15;12;1;2;2
743;DEATH;Suicide;2;13;-302,37;0,2355;0,15;10;1;4;8
744;DEATH;Suicide;2;18;-300,32;0,2343;0,17;11;1;1;2
745;DEATH;Suicide;2;7;-295,51;0,2331;0,14;14;1;1;2
746;DEATH;Suicide;2;7;-302,61;0,2319;0,29;13;0;2;2
747;DEATH;Suicide;2;13;-295,92;0,2308;0,08;10;1;1;2
748;DEATH;Suicide;2;5;-295,44;0,2296;0,20;11;1;1;2
749;DEATH;Suicide;2;4;-302,43;0,2285;0,25;8;0;1;2
750;DEATH;Suicide;2;13;-296,77;0,2273;0,31;11;1;1;2
751;DEATH;Suicide;2;5;-295,39;0,2262;0,00;16;1;2;2
752;DEATH;Suicide;2;4;-302,43;0,2251;0,50;11;0;1;2
753;DEATH;Suicide;2;10;-298,34;0,2240;0,30;7;1;2;4
754;DEATH;Suicide;2;10;-298,74;0,2228;0,30;10;1;2;4
755;DEATH;Suicide;2;11;-298,35;0,2217;0,18;6;1;3;4
756;DEATH;Suicide;2;55;-310,79;0,2206;0,33;7;0;2;4
757;DEATH;Suicide;2;5;-302,49;0,2195;0,00;15;0;2;2
758;DEATH;Suicide;2;10;-298,24;0,2184;0,30;19;1;2;2
759;DEATH;Suicide;2;9;-295,63;0,2173;0,22;8;1;1;2
760;DEATH;Suicide;2;4;-302,43;0,2162;0,00;10;0;2;2
761;DEATH;Suicide;2;4;-302,43;0,2151;0,25;13;0;1;2
762;DEATH;Suicide;2;20;-304,24;0,2141;0,10;10;0;2;2
763;DEATH;Suicide;2;5;-302,49;0,2130;0,00;15;0;2;2
764;DEATH;Suicide;2;24;-308,58;0,2119;0,17;11;1;3;4
765;DEATH;Suicide;2;4;-302,38;0,2109;0,00;11;0;1;2
766;DEATH;Suicide;2;5;-295,39;0,2098;0,00;16;1;2;2
767;DEATH;Suicide;2;13;-295,87;0,2088;0,08;14;1;1;2
768;DEATH;Suicide;2;7;-295,56;0,2077;0,14;12;1;1;2
769;DEATH;Suicide;2;7;-296,01;0,2067;0,14;11;1;2;2
770;DEATH;Suicide;2;8;-296,02;0,2057;0,13;8;1;2;2
771;DEATH;Suicide;2;23;-304,02;0,2046;0,17;11;0;1;2
772;DEATH;Suicide;2;5;-295,39;0,2036;0,20;12;1;2;2
773;DEATH;Suicide;2;19;-299,78;0,2026;0,16;10;1;2;4
774;DEATH;Suicide;2;5;-295,39;0,2016;0,00;16;1;2;2
775;DEATH;Suicide;2;8;-296,02;0,2006;0,25;9;1;1;2
776;DEATH;Suicide;2;5;-295,39;0,1996;0,20;11;1;1;2
777;DEATH;Suicide;2;9;-297,83;0,1986;0,22;13;1;3;4
778;DEATH;Suicide;2;8;-304,82;0,1976;0,00;14;0;3;4
779;DEATH;Suicide;2;5;-295,39;0,1966;0,20;11;1;2;2
780;DEATH;Suicide;2;5;-295,39;0,1956;0,00;11;1;2;2
781;DEATH;Suicide;2;27;-294,71;0,1946;0,19;11;3;6;10
782;DEATH;Suicide;2;5;-295,49;0,1937;0,20;14;1;1;2
783;DEATH;Suicide;2;7;-295,51;0,1927;0,00;11;1;2;2
784;DEATH;Suicide;2;4;-302,43;0,1917;0,50;17;0;2;2
785;DEATH;Suicide;2;7;-295,56;0,1908;0,57;13;1;1;2
786;DEATH;Suicide;2;14;-300,28;0,1898;0,00;12;1;4;6
787;DEATH;Suicide;2;10;-303,19;0,1889;0,40;11;0;1;2
788;DEATH;Suicide;2;6;-302,90;0,1879;0,33;9;0;1;2
789;DEATH;Suicide;2;4;-302,38;0,1870;0,50;11;0;2;2
790;DEATH;Suicide;2;30;-308,94;0,1860;0,13;10;0;3;4
791;DEATH;Suicide;2;13;-299,17;0,1851;0,08;16;1;2;2
792;DEATH;Suicide;2;4;-302,38;0,1842;0,25;12;0;2;2
793;DEATH;Suicide;2;5;-302,49;0,1833;0,40;15;0;1;2
794;DEATH;Suicide;2;8;-303,02;0,1823;0,13;7;0;2;2
795;DEATH;Suicide;2;10;-297,04;0,1814;0,10;10;1;1;2
796;DEATH;Suicide;2;28;-303,87;0,1805;0,07;9;0;2;2
797;DEATH;Suicide;2;9;-295,73;0,1796;0,44;8;1;1;2
798;DEATH;Suicide;2;12;-296,26;0,1787;0,17;11;1;1;2
799;DEATH;Suicide;2;5;-302,49;0,1778;0,20;15;0;2;2
800;DEATH;Suicide;2;11;-302,80;0,1769;0,18;11;0;1;2
801;DEATH;Suicide;2;11;-305,45;0,1761;0,18;10;0;2;4
802;DEATH;Suicide;2;14;-307,28;0,1752;0,07;11;0;4;6
803;DEATH;Suicide;2;8;-290,72;0,1743;0,00;19;2;3;4
804;DEATH;Suicide;2;17;-302,61;0,1734;0,12;9;1;4;8
805;DEATH;Suicide;2;4;-302,38;0,1726;0,00;14;0;2;2
806;DEATH;Suicide;2;19;-296,23;0,1717;0,05;11;1;2;2
807;DEATH;Suicide;2;5;-302,44;0,1708;0,00;8;0;1;2
808;DEATH;Suicide;2;5;-302,44;0,1700;0,00;14;0;2;2
809;DEATH;Suicide;2;5;-302,44;0,1691;0,00;11;0;1;2
810;DEATH;Suicide;2;13;-294,17;0,1683;0,15;11;2;3;6
811;DEATH;Suicide;2;6;-295,55;0,1675;0,33;10;1;1;2
812;DEATH;Suicide;2;5;-302,44;0,1666;0,20;13;0;1;2
813;DEATH;Suicide;2;14;-308,68;0,1658;0,14;11;0;3;6
814;DEATH;Suicide;2;15;-293,34;0,1650;0,20;9;2;4;6
815;DEATH;Suicide;2;4;-302,43;0,1641;0,25;16;0;1;2
816;DEATH;Suicide;2;24;-299,68;0,1633;0,25;9;1;2;4
817;DEATH;Suicide;2;5;-295,39;0,1625;0,20;11;1;1;2
818;DEATH;Suicide;2;5;-295,39;0,1617;0,00;13;1;1;2
819;DEATH;Suicide;2;7;-295,51;0,1609;0,14;15;1;1;2
820;DEATH;Suicide;2;17;-302,81;0,1601;0,18;8;1;1;2
821;DEATH;Suicide;2;16;-303,05;0,1593;0,31;10;0;2;2
822;DEATH;Suicide;2;34;-311,13;0,1585;0,03;14;0;3;4
823;DEATH;Suicide;2;21;-309,25;0,1577;0,05;7;1;1;2
824;DEATH;Suicide;2;6;-295,90;0,1569;0,17;11;1;1;2
825;DEATH;Suicide;2;11;-298,35;0,1561;0,18;10;1;3;4
826;DEATH;Suicide;2;17;-295,91;0,1553;0,18;10;2;4;6
827;DEATH;Suicide;2;40;-317,89;0,1545;0,13;12;0;4;8
828;DEATH;Suicide;2;5;-295,44;0,1538;0,20;15;1;1;2
829;DEATH;Suicide;2;9;-298,23;0,1530;0,22;10;1;3;4
830;DEATH;Suicide;2;12;-307,61;0,1522;0,08;12;0;4;6
831;DEATH;Suicide;2;34;-304,13;0,1515;0,03;6;0;2;2
832;DEATH;Suicide;2;6;-302,50;0,1507;0,17;9;0;2;2
833;DEATH;Suicide;2;5;-302,39;0,1500;0,00;12;0;1;2
834;DEATH;Suicide;2;5;-295,49;0,1492;0,00;11;1;2;2
835;DEATH;Suicide;2;5;-302,39;0,1485;0,00;5;0;2;2
836;DEATH;Suicide;2;6;-296,00;0,1477;0,17;12;1;2;2
837;DEATH;Suicide;2;5;-295,49;0,1470;0,00;8;1;1;2
838;DEATH;Suicide;2;14;-288,23;0,1463;0,14;7;3;4;6
839;DEATH;Suicide;2;7;-295,51;0,1455;0,29;12;1;1;2
840;DEATH;Suicide;2;42;-318,86;0,1448;0,14;12;1;2;2
841;DEATH;Suicide;2;5;-295,39;0,1441;0,20;11;1;2;2
842;DEATH;Suicide;2;4;-302,38;0,1434;0,25;14;0;2;2
843;DEATH;Suicide;2;4;-302,43;0,1426;0,25;10;0;1;2
844;DEATH;Suicide;2;10;-302,79;0,1419;0,20;11;0;1;2
845;DEATH;Suicide;2;5;-295,49;0,1412;0,20;13;1;1;2
846;DEATH;Suicide;2;5;-295,49;0,1405;0,20;7;1;1;2
847;DEATH;Suicide;2;5;-302,49;0,1398;0,00;8;0;1;2
848;DEATH;Suicide;2;30;-325,84;0,1391;0,07;11;1;1;2
849;DEATH;Suicide;2;4;-302,43;0,1384;0,00;12;0;2;2
850;DEATH;Suicide;2;15;-296,04;0,1377;0,13;14;1;2;2
851;DEATH;Suicide;2;32;-300,96;0,1370;0,13;11;1;2;4
852;DEATH;Suicide;2;12;-298,01;0,1363;0,08;13;1;2;4
853;DEATH;Suicide;2;31;-314,45;0,1357;0,10;7;0;1;2
854;DEATH;Suicide;2;9;-291,33;0,1350;0,33;13;2;3;4
855;DEATH;Suicide;2;4;-302,38;0,1343;0,50;14;0;1;2
856;DEATH;Suicide;2;15;-300,04;0,1336;0,13;15;1;2;4
857;DEATH;Suicide;2;19;-296,93;0,1330;0,11;9;1;3;4
858;DEATH;Suicide;2;5;-295,39;0,1323;0,40;11;1;1;2
859;DEATH;Suicide;2;37;-311,11;0,1316;0,11;8;1;2;2
860;DEATH;Suicide;2;13;-300,97;0,1310;0,15;16;1;1;2
861;DEATH;Suicide;2;6;-296,00;0,1303;0,33;14;1;1;2
862;DEATH;Suicide;2;21;-303,35;0,1297;0,00;14;0;1;2
863;DEATH;Suicide;2;8;-295,57;0,1290;0,13;12;1;1;2
864;DEATH;Suicide;2;8;-290,72;0,1284;0,00;13;2;2;4
865;DEATH;Suicide;2;9;-302,63;0,1277;0,11;14;0;1;2
866;DEATH;Suicide;2;25;-304,99;0,1271;0,16;10;0;2;2
867;DEATH;Suicide;2;5;-302,44;0,1265;0,00;12;0;1;2
868;DEATH;Suicide;2;93;-435,67;0,1258;0,09;12;2;2;4
869;DEATH;Suicide;2;5;-295,39;0,1252;0,00;17;1;1;2
870;DEATH;Suicide;2;14;-299,53;0,1246;0,29;11;1;2;4
871;DEATH;Suicide;2;16;-303,55;0,1240;0,13;14;0;2;2
872;DEATH;Suicide;2;8;-295,57;0,1233;0,25;10;1;2;2
873;DEATH;Suicide;2;4;-302,38;0,1227;0,25;11;0;2;2
874;DEATH;Suicide;2;7;-290,96;0,1221;0,43;12;2;1;2
875;DEATH;Suicide;2;5;-295,49;0,1215;0,00;8;1;1;2
876;DEATH;Suicide;2;8;-295,67;0,1209;0,25;9;1;1;2
877;DEATH;Suicide;2;7;-296,41;0,1203;0,14;12;1;1;2
878;DEATH;Suicide;2;36;-306,90;0,1197;0,14;10;0;1;2
879;DEATH;Suicide;2;7;-302,56;0,1191;0,29;12;0;2;2
880;DEATH;Suicide;2;12;-298,36;0,1185;0,08;9;1;1;2
881;DEATH;Suicide;2;4;-302,43;0,1179;0,50;12;0;1;2
882;DEATH;Suicide;2;5;-295,49;0,1173;0,00;7;1;1;2
883;DEATH;Suicide;2;5;-295,39;0,1167;0,20;13;1;1;2
884;DEATH;Suicide;2;14;-288,53;0,1161;0,14;10;3;2;4
885;DEATH;Suicide;2;5;-295,49;0,1156;0,00;11;1;1;2
886;DEATH;Suicide;2;5;-295,49;0,1150;0,00;10;1;2;2
887;DEATH;Suicide;2;5;-295,49;0,1144;0,00;9;1;2;2
888;DEATH;Suicide;2;5;-302,39;0,1138;0,00;6;0;1;2
889;DEATH;Suicide;2;5;-302,44;0,1133;0,20;10;0;1;2
890;DEATH;Suicide;2;8;-290,72;0,1127;0,13;14;2;2;4
891;DEATH;Suicide;2;5;-295,39;0,1121;0,00;13;1;1;2
892;DEATH;Suicide;2;5;-302,39;0,1116;0,00;11;0;2;2
893;DEATH;Suicide;2;5;-302,39;0,1110;0,00;13;0;2;2
894;DEATH;Suicide;2;8;-297,72;0,1105;0,13;9;1;2;4
895;DEATH;Suicide;2;5;-295,49;0,1099;0,00;15;1;1;2
896;DEATH;Suicide;2;5;-302,49;0,1094;0,00;13;0;2;2
897;DEATH;Suicide;2;4;-302,43;0,1088;0,25;11;0;1;2
898;DEATH;Suicide;2;7;-295,96;0,1083;0,14;9;1;2;2
899;DEATH;Suicide;2;5;-295,44;0,1077;0,00;11;1;1;2
900;DEATH;Suicide;2;14;-300,08;0,1072;0,07;12;1;2;2
901;DEATH;Suicide;2;22;-308,46;0,1067;0,09;13;1;2;4
902;DEATH;Suicide;2;14;-296,13;0,1061;0,00;13;2;1;2
903;DEATH;Suicide;2;4;-302,43;0,1056;0,00;12;0;2;2
904;DEATH;Suicide;2;4;-302,43;0,1051;0,25;13;0;2;2
905;WIN;None;2;66;-314,05;0,1045;0,09;11;3;3;6
906;DEATH;Suicide;2;34;-297,68;0,1040;0,06;8;1;1;2
907;DEATH;Suicide;2;4;-302,43;0,1035;0,50;13;0;2;2
908;DEATH;Suicide;2;29;-310,28;0,1030;0,17;12;1;2;4
909;DEATH;Suicide;2;6;-302,90;0,1025;0,17;7;0;2;2
910;DEATH;Suicide;2;5;-295,39;0,1019;0,00;13;1;1;2
911;DEATH;Suicide;2;4;-302,43;0,1014;0,25;12;0;1;2
912;DEATH;Suicide;2;26;-303,75;0,1009;0,08;12;0;1;2
913;DEATH;Suicide;2;5;-295,39;0,1004;0,00;12;1;1;2
914;DEATH;Suicide;2;7;-302,56;0,0999;0,00;12;0;1;2
915;DEATH;Suicide;2;29;-325,73;0,0994;0,07;16;1;2;2
916;DEATH;Suicide;2;73;-358,97;0,0989;0,08;11;2;3;6
917;DEATH;Suicide;2;5;-295,39;0,0984;0,00;14;1;1;2
918;DEATH;Suicide;2;5;-295,39;0,0979;0,00;9;1;1;2
919;DEATH;Suicide;2;5;-295,39;0,0975;0,00;11;1;2;2
920;DEATH;Suicide;2;5;-302,39;0,0970;0,20;12;0;1;2
921;DEATH;Suicide;2;5;-295,49;0,0965;0,00;10;1;1;2
922;DEATH;Suicide;2;6;-295,45;0,0960;0,00;12;1;2;2
923;DEATH;Suicide;2;5;-295,49;0,0955;0,40;16;1;2;2
924;DEATH;Suicide;2;29;-323,83;0,0950;0,03;12;1;1;2
925;DEATH;Suicide;2;7;-295,51;0,0946;0,00;11;1;2;2
926;DEATH;Suicide;2;6;-302,50;0,0941;0,00;15;0;2;2
927;DEATH;Suicide;2;5;-302,44;0,0936;0,40;8;0;2;2
928;DEATH;Suicide;2;14;-299,18;0,0932;0,07;13;1;1;2
929;DEATH;Suicide;2;10;-297,09;0,0927;0,20;8;1;2;2
930;DEATH;Suicide;2;4;-302,38;0,0922;0,25;12;0;1;2
931;DEATH;Suicide;2;5;-302,49;0,0918;0,00;15;0;2;2
932;DEATH;Suicide;2;14;-299,33;0,0913;0,21;14;1;1;2
933;DEATH;Suicide;2;5;-302,49;0,0908;0,20;14;0;2;2
934;DEATH;Suicide;2;7;-303,01;0,0904;0,14;7;0;2;2
935;DEATH;Suicide;2;5;-302,44;0,0899;0,40;11;0;1;2
936;DEATH;Suicide;2;41;-362,45;0,0895;0,07;12;1;1;2
937;DEATH;Suicide;2;7;-295,51;0,0890;0,14;12;1;2;2
938;DEATH;Suicide;2;7;-303,01;0,0886;0,14;6;0;2;2
939;DEATH;Suicide;2;10;-297,84;0,0882;0,00;10;1;2;4
940;DEATH;Suicide;2;5;-295,49;0,0877;0,00;11;1;1;2
941;DEATH;Suicide;2;5;-295,39;0,0873;0,00;10;1;1;2
942;DEATH;Suicide;2;9;-297,53;0,0868;0,00;11;1;1;2
943;DEATH;Suicide;2;5;-295,49;0,0864;0,00;10;1;1;2
944;DEATH;Suicide;2;7;-295,51;0,0860;0,00;13;1;2;2
945;DEATH;Suicide;2;5;-295,44;0,0855;0,20;7;1;1;2
946;DEATH;Suicide;2;7;-295,61;0,0851;0,14;12;1;1;2
947;DEATH;Suicide;2;9;-285,78;0,0847;0,00;13;3;2;4
948;DEATH;Suicide;2;7;-295,56;0,0843;0,29;6;1;1;2
949;DEATH;Suicide;2;11;-295,85;0,0838;0,09;12;1;2;2
950;DEATH;Suicide;2;9;-295,73;0,0834;0,00;14;1;1;2
951;DEATH;Suicide;2;5;-295,44;0,0830;0,40;13;1;1;2
952;DEATH;Suicide;2;5;-295,39;0,0826;0,00;10;1;2;2
953;DEATH;Suicide;2;32;-304,06;0,0822;0,06;10;0;1;2
954;DEATH;Suicide;2;11;-298,40;0,0818;0,18;12;1;3;4
955;DEATH;Suicide;2;5;-295,49;0,0814;0,00;12;1;2;2
956;DEATH;Suicide;2;72;-299,86;0,0810;0,07;14;1;1;2
957;DEATH;Suicide;2;5;-302,49;0,0805;0,20;11;0;2;2
958;DEATH;Suicide;2;16;-296,15;0,0801;0,19;16;1;1;2
959;DEATH;Suicide;2;31;-303,80;0,0797;0,10;8;1;4;6
960;WIN;None;2;156;-405,40;0,0793;0,08;7;1;3;4
961;DEATH;Suicide;2;7;-295,51;0,0790;0,00;11;1;1;2
962;DEATH;Suicide;2;10;-296,39;0,0786;0,10;12;1;2;4
963;DEATH;Suicide;2;5;-295,39;0,0782;0,00;13;1;1;2
964;DEATH;Suicide;2;24;-314,68;0,0778;0,08;15;1;2;2
965;DEATH;Suicide;2;8;-302,62;0,0774;0,13;7;0;2;2
966;DEATH;Suicide;2;5;-295,39;0,0770;0,00;11;1;1;2
967;DEATH;Suicide;2;10;-298,84;0,0766;0,10;9;1;2;4
968;DEATH;Suicide;2;19;-286,38;0,0762;0,00;10;3;2;4
969;DEATH;Suicide;2;19;-296,28;0,0758;0,05;10;1;1;2
970;DEATH;Suicide;2;8;-304,72;0,0755;0,25;11;0;3;4
971;DEATH;Suicide;2;6;-302,55;0,0751;0,00;10;0;1;2
972;DEATH;Suicide;2;41;-297,75;0,0747;0,10;9;3;4;8
973;DEATH;Suicide;2;356;-765,10;0,0743;0,05;10;4;4;8
974;DEATH;Suicide;2;22;-317,96;0,0740;0,09;12;0;1;2
975;DEATH;Suicide;2;10;-297,89;0,0736;0,00;11;1;2;4
976;DEATH;Suicide;2;5;-295,39;0,0732;0,20;13;1;2;2
977;DEATH;Suicide;2;4;-302,43;0,0729;0,00;5;0;1;2
978;DEATH;Suicide;2;5;-302,39;0,0725;0,00;12;0;2;2
979;DEATH;Suicide;2;7;-302,51;0,0721;0,00;12;0;1;2
980;DEATH;Suicide;2;5;-302,39;0,0718;0,20;11;0;2;2
981;DEATH;Suicide;2;26;-291,85;0,0714;0,00;13;2;2;4
982;DEATH;Suicide;2;5;-295,39;0,0711;0,00;12;1;1;2
983;DEATH;Suicide;2;5;-302,39;0,0707;0,00;11;0;2;2
984;DEATH;Suicide;2;5;-302,39;0,0704;0,00;7;0;2;2
985;DEATH;Suicide;2;8;-290,72;0,0700;0,00;10;2;2;4
986;DEATH;Suicide;2;17;-298,81;0,0697;0,12;7;1;2;4
987;DEATH;Suicide;2;25;-302,59;0,0693;0,00;13;2;7;14
988;DEATH;Suicide;2;13;-300,22;0,0690;0,08;12;1;3;6
989;DEATH;Suicide;2;20;-291,04;0,0686;0,20;7;3;4;8
990;DEATH;Suicide;2;6;-290,55;0,0683;0,00;11;2;1;2
991;DEATH;Suicide;2;5;-295,44;0,0679;0,20;9;1;1;2
992;DEATH;Suicide;2;20;-301,99;0,0676;0,15;10;1;3;6
993;DEATH;Suicide;2;29;-303,93;0,0673;0,07;9;0;1;2
994;DEATH;Suicide;2;7;-302,61;0,0669;0,00;9;0;2;2
995;DEATH;Suicide;2;8;-290,77;0,0666;0,00;10;2;2;4
996;DEATH;Suicide;2;86;-369,90;0,0662;0,07;13;3;4;8
997;DEATH;Suicide;2;10;-290,89;0,0659;0,10;17;2;2;4
998;DEATH;Suicide;2;8;-290,72;0,0656;0,00;11;2;2;4
999;DEATH;Suicide;2;5;-295,44;0,0653;0,20;11;1;1;2
1000;DEATH;Suicide;2;5;-295,44;0,0649;0,00;14;1;1;2
1001;DEATH;Suicide;2;4;-302,38;0,0646;0,00;11;0;2;2
1002;DEATH;Suicide;2;7;-295,51;0,0643;0,14;10;1;2;2
1003;DEATH;Suicide;2;11;-285,90;0,0640;0,09;12;3;2;4
1004;DEATH;Suicide;2;10;-305,99;0,0636;0,10;11;0;1;2
1005;DEATH;Suicide;2;50;-343,84;0,0633;0,10;8;3;4;6
1006;DEATH;Suicide;2;7;-296,41;0,0630;0,00;16;1;1;2
1007;DEATH;Suicide;2;5;-295,44;0,0627;0,00;15;1;1;2
1008;DEATH;Suicide;2;7;-295,51;0,0624;0,00;11;1;1;2
1009;DEATH;Suicide;2;6;-295,90;0,0621;0,00;9;1;1;2
1010;DEATH;Suicide;2;4;-302,38;0,0618;0,00;13;0;2;2
1011;DEATH;Suicide;2;5;-302,39;0,0614;0,20;9;0;2;2
1012;DEATH;Suicide;2;7;-302,51;0,0611;0,00;8;0;1;2
1013;DEATH;Suicide;2;25;-330,24;0,0608;0,08;11;0;1;2
1014;DEATH;Suicide;2;4;-302,43;0,0605;0,25;15;0;1;2
1015;DEATH;Suicide;2;12;-291,01;0,0602;0,25;14;2;2;4
1016;DEATH;Suicide;2;5;-302,44;0,0599;0,20;10;0;1;2
1017;DEATH;Suicide;2;5;-295,49;0,0596;0,20;10;1;1;2
1018;WIN;None;2;34;215,17;0,0593;0,06;8;1;1;2
1019;DEATH;Suicide;2;39;-340,83;0,0590;0,05;11;2;3;4
1020;DEATH;Suicide;2;4;-302,33;0,0587;0,00;14;0;2;2
1021;DEATH;Suicide;2;11;-285,90;0,0584;0,09;13;3;2;4
1022;DEATH;Suicide;2;24;-312,23;0,0582;0,00;12;1;3;6
1023;DEATH;Suicide;2;30;-296,89;0,0579;0,10;11;1;1;2
1024;DEATH;Suicide;2;8;-290,72;0,0576;0,00;14;2;2;4
1025;DEATH;Suicide;2;5;-302,44;0,0573;0,00;14;0;2;2
1026;DEATH;Suicide;2;6;-295,45;0,0570;0,00;14;1;1;2
1027;DEATH;Suicide;2;6;-302,50;0,0567;0,00;12;0;1;2
1028;DEATH;Suicide;2;5;-295,49;0,0564;0,00;13;1;1;2
1029;DEATH;Suicide;2;7;-295,51;0,0561;0,29;12;1;1;2
1030;DEATH;Suicide;2;7;-296,51;0,0559;0,00;10;1;1;2
1031;DEATH;Suicide;2;382;-634,16;0,0556;0,06;13;5;6;12
1032;DEATH;Suicide;2;8;-290,82;0,0553;0,00;12;2;2;4
1033;DEATH;Suicide;2;8;-290,82;0,0550;0,13;15;2;2;4
1034;DEATH;Suicide;2;7;-302,56;0,0548;0,00;14;0;1;2
1035;DEATH;Suicide;2;6;-295,90;0,0545;0,33;16;1;1;2
1036;DEATH;Suicide;2;5;-295,39;0,0542;0,20;13;1;1;2
1037;DEATH;Suicide;2;110;-491,59;0,0539;0,04;13;4;5;8
1038;DEATH;Suicide;2;114;-497,48;0,0537;0,04;9;1;2;4
1039;DEATH;Suicide;2;5;-302,44;0,0534;0,20;12;0;1;2
1040;DEATH;Suicide;2;5;-302,44;0,0531;0,00;11;0;1;2
1041;DEATH;Suicide;2;8;-290,77;0,0529;0,00;15;2;2;4
1042;DEATH;Suicide;2;7;-302,56;0,0526;0,00;8;0;2;2
1043;DEATH;Suicide;2;7;-302,56;0,0523;0,00;10;0;2;2
1044;DEATH;Suicide;2;5;-302,44;0,0521;0,00;7;0;1;2
1045;DEATH;Suicide;2;5;-295,49;0,0518;0,00;11;1;1;2
1046;DEATH;Suicide;2;7;-295,61;0,0516;0,00;11;1;1;2
1047;DEATH;Suicide;2;5;-295,49;0,0513;0,00;7;1;1;2
1048;DEATH;Suicide;2;5;-295,49;0,0510;0,00;14;1;1;2
1049;DEATH;Suicide;2;13;-295,97;0,0508;0,15;12;1;1;2
1050;DEATH;Suicide;2;10;-296,24;0,0505;0,10;12;1;1;2
1051;DEATH;Suicide;2;5;-302,49;0,0503;0,00;13;0;2;2
1052;DEATH;Suicide;2;34;-292,38;0,0500;0,06;11;2;2;4
1053;DEATH;Suicide;2;66;-324,05;0,0500;0,11;9;3;4;6
1054;DEATH;Suicide;2;10;-304,89;0,0500;0,00;7;0;3;4
1055;DEATH;Suicide;2;5;-295,49;0,0500;0,00;13;1;1;2
1056;DEATH;Suicide;2;10;-298,24;0,0500;0,00;11;1;1;2
1057;DEATH;Suicide;2;105;-563,69;0,0500;0,04;9;0;2;4
1058;DEATH;Suicide;2;4;-302,43;0,0500;0,00;10;0;2;2
1059;DEATH;Suicide;2;9;-297,53;0,0500;0,00;14;1;1;2
1060;WIN;None;2;119;237,02;0,0500;0,03;9;2;3;6
1061;DEATH;Suicide;2;7;-295,51;0,0500;0,00;12;1;1;2
1062;DEATH;Suicide;2;44;-290,93;0,0500;0,07;8;3;3;6
1063;DEATH;Suicide;2;22;-286,41;0,0500;0,09;9;4;4;8
1064;DEATH;Suicide;2;13;-293,17;0,0500;0,00;11;2;3;6
1065;DEATH;Suicide;2;9;-298,23;0,0500;0,00;11;1;2;4
1066;DEATH;Suicide;2;5;-302,49;0,0500;0,00;9;0;2;2
1067;DEATH;Suicide;2;10;-297,04;0,0500;0,10;12;1;1;2
1068;DEATH;Suicide;2;4;-302,43;0,0500;0,00;15;0;2;2
1069;DEATH;Suicide;2;10;-297,89;0,0500;0,00;16;1;2;4
1070;DEATH;Suicide;2;5;-302,49;0,0500;0,00;10;0;2;2
1071;DEATH;Suicide;2;9;-292,83;0,0500;0,00;11;2;2;4
1072;DEATH;Suicide;2;29;-294,03;0,0500;0,10;10;2;3;4
1073;DEATH;Suicide;2;4;-302,38;0,0500;0,00;14;0;2;2
1074;DEATH;Suicide;2;21;-292,95;0,0500;0,00;12;2;2;4
1075;DEATH;Suicide;2;4;-302,38;0,0500;0,00;10;0;2;2
1076;DEATH;Suicide;2;62;-409,91;0,0500;0,03;14;1;2;2
1077;DEATH;Suicide;2;6;-295,55;0,0500;0,00;7;1;2;2
1078;DEATH;Suicide;2;5;-302,44;0,0500;0,00;16;0;2;2
1079;DEATH;Suicide;2;5;-302,49;0,0500;0,00;10;0;2;2
1080;DEATH;Suicide;2;31;-323,45;0,0500;0,03;14;2;2;4
1081;DEATH;Suicide;2;5;-302,49;0,0500;0,00;10;0;2;2
1082;DEATH;Suicide;2;23;-318,57;0,0500;0,13;13;0;1;2
1083;DEATH;Suicide;2;58;-305,97;0,0500;0,02;12;1;1;2
1084;DEATH;Suicide;2;11;-298,40;0,0500;0,00;12;1;2;2
1085;DEATH;Suicide;2;10;-297,89;0,0500;0,00;11;1;2;4
1086;DEATH;Suicide;2;6;-295,50;0,0500;0,00;11;1;2;2
1087;DEATH;Suicide;2;6;-290,50;0,0500;0,00;12;2;1;2
1088;DEATH;Suicide;2;8;-295,62;0,0500;0,00;11;1;1;2
1089;DEATH;Suicide;2;5;-302,49;0,0500;0,00;13;0;2;2
1090;DEATH;Suicide;2;8;-297,72;0,0500;0,00;9;1;2;4
1091;DEATH;Suicide;2;19;-293,83;0,0500;0,05;12;2;1;2
1092;DEATH;Suicide;2;7;-295,61;0,0500;0,00;16;1;2;2
1093;DEATH;Suicide;2;7;-296,01;0,0500;0,14;12;1;1;2
1094;DEATH;Suicide;2;9;-285,78;0,0500;0,11;13;3;2;4
1095;DEATH;Suicide;2;5;-295,39;0,0500;0,00;12;1;1;2
1096;DEATH;Suicide;2;5;-295,39;0,0500;0,00;11;1;1;2
1097;DEATH;Suicide;2;105;-631,74;0,0500;0,02;12;1;3;4
1098;DEATH;Suicide;2;6;-295,50;0,0500;0,00;8;1;2;2
1099;DEATH;Suicide;2;4;-302,38;0,0500;0,00;11;0;2;2
1100;DEATH;Suicide;2;8;-297,77;0,0500;0,00;9;1;2;4
1101;DEATH;Suicide;2;9;-291,23;0,0500;0,11;17;2;2;4
1102;DEATH;Suicide;2;36;-342,40;0,0500;0,03;9;1;1;2
1103;DEATH;Suicide;2;8;-296,92;0,0500;0,13;11;1;1;2
1104;DEATH;Suicide;2;77;-520,16;0,0500;0,05;12;1;2;2
1105;DEATH;Suicide;2;5;-295,44;0,0500;0,20;12;1;1;2
1106;DEATH;Suicide;2;8;-290,72;0,0500;0,00;13;2;2;4
1107;DEATH;Suicide;2;14;-292,88;0,0500;0,07;15;2;2;4
1108;DEATH;Suicide;2;65;-297,29;0,0500;0,06;11;2;3;6
1109;DEATH;Suicide;2;7;-296,01;0,0500;0,14;12;1;1;2
1110;DEATH;Suicide;2;20;-305,84;0,0500;0,10;9;1;3;4
1111;DEATH;Suicide;2;8;-290,72;0,0500;0,00;16;2;2;4
1112;DEATH;Suicide;2;48;-309,12;0,0500;0,04;13;3;4;8
1113;DEATH;Suicide;2;4;-302,38;0,0500;0,00;10;0;1;2
1114;DEATH;Suicide;2;10;-290,94;0,0500;0,00;14;2;3;4
1115;DEATH;Suicide;2;14;-301,38;0,0500;0,07;7;1;2;4
1116;DEATH;Suicide;2;5;-295,39;0,0500;0,00;10;1;1;2
1117;DEATH;Suicide;2;52;-300,46;0,0500;0,02;12;1;2;4
1118;DEATH;Suicide;2;10;-293,29;0,0500;0,10;13;2;2;4
1119;WIN;None;2;97;193,34;0,0500;0,10;7;1;3;4
1120;DEATH;Suicide;2;11;-297,95;0,0500;0,09;10;1;3;4
1121;DEATH;Suicide;2;5;-302,49;0,0500;0,00;12;0;2;2
1122;DEATH;Suicide;2;32;-302,21;0,0500;0,03;9;1;3;6
1123;DEATH;Suicide;2;5;-295,39;0,0500;0,00;12;1;1;2
1124;DEATH;Suicide;2;19;-286,53;0,0500;0,21;12;3;3;6
1125;DEATH;Suicide;2;22;-310,96;0,0500;0,05;15;1;1;2
1126;DEATH;Suicide;2;8;-296,92;0,0500;0,00;13;1;1;2
1127;DEATH;Suicide;2;5;-295,39;0,0500;0,00;9;1;1;2
1128;DEATH;Suicide;2;5;-302,44;0,0500;0,20;7;0;1;2
1129;DEATH;Suicide;2;19;-291,08;0,0500;0,11;14;3;2;4
1130;DEATH;Suicide;2;14;-291,98;0,0500;0,07;13;2;2;4
1131;DEATH;Suicide;2;23;-303,67;0,0500;0,00;13;2;3;6
1132;DEATH;Suicide;2;9;-285,78;0,0500;0,00;10;3;2;4
1133;DEATH;Suicide;2;4;-302,38;0,0500;0,25;8;0;1;2
1134;DEATH;Suicide;2;11;-293,15;0,0500;0,00;15;2;4;6
1135;DEATH;Suicide;2;9;-291,23;0,0500;0,11;10;2;3;4
1136;DEATH;Suicide;2;9;-302,73;0,0500;0,00;9;0;2;2
1137;DEATH;Suicide;2;15;-296,89;0,0500;0,07;14;1;1;2
1138;DEATH;Suicide;2;16;-293,40;0,0500;0,00;9;2;3;6
1139;DEATH;Suicide;2;11;-293,10;0,0500;0,00;11;2;3;6
1140;DEATH;Suicide;2;11;-299,30;0,0500;0,00;11;1;2;4
1141;DEATH;Suicide;2;5;-302,49;0,0500;0,20;16;0;2;2
1142;DEATH;Suicide;2;5;-302,49;0,0500;0,00;11;0;1;2
1143;DEATH;Suicide;2;92;-304,26;0,0500;0,04;15;2;3;4
1144;DEATH;Suicide;2;10;-290,89;0,0500;0,00;11;2;2;4
1145;DEATH;Suicide;2;28;-314,92;0,0500;0,11;17;1;2;4
1146;DEATH;Suicide;2;21;-302,85;0,0500;0,00;15;2;2;4
1147;DEATH;Suicide;2;4;-302,38;0,0500;0,00;11;0;1;2
1148;DEATH;Suicide;2;41;-299,40;0,0500;0,02;12;1;1;2
1149;DEATH;Suicide;2;11;-293,35;0,0500;0,09;11;2;1;2
1150;DEATH;Suicide;2;14;-296,13;0,0500;0,00;15;2;1;2
1151;DEATH;Suicide;2;41;-294,90;0,0500;0,05;12;2;4;6
1152;DEATH;Suicide;2;6;-295,50;0,0500;0,00;11;1;2;2
1153;DEATH;Suicide;2;5;-302,44;0,0500;0,20;10;0;1;2
1154;DEATH;Suicide;2;7;-302,61;0,0500;0,14;9;0;2;2
1155;DEATH;Suicide;2;5;-302,49;0,0500;0,20;12;0;1;2
1156;DEATH;Suicide;2;20;-299,79;0,0500;0,05;12;2;3;6
1157;DEATH;Suicide;2;98;-530,97;0,0500;0,05;15;2;1;2
1158;DEATH;Suicide;2;5;-302,39;0,0500;0,00;10;0;2;2
1159;DEATH;Suicide;2;5;-295,39;0,0500;0,00;9;1;2;2
1160;DEATH;Suicide;2;28;-294,32;0,0500;0,11;13;3;4;8
1161;DEATH;Suicide;2;10;-290,84;0,0500;0,00;12;2;3;4
1162;DEATH;Suicide;2;8;-290,72;0,0500;0,00;10;2;3;4
1163;WIN;None;2;116;-282,65;0,0500;0,03;9;2;2;4
1164;DEATH;Suicide;2;5;-295,39;0,0500;0,00;9;1;2;2
1165;DEATH;Suicide;2;5;-302,44;0,0500;0,00;10;0;2;2
1166;DEATH;Suicide;2;6;-290,45;0,0500;0,00;13;2;1;2
1167;DEATH;Suicide;2;5;-295,44;0,0500;0,00;9;1;1;2
1168;DEATH;Suicide;2;9;-297,58;0,0500;0,11;13;1;1;2
1169;DEATH;Suicide;2;6;-295,50;0,0500;0,00;9;1;1;2
1170;DEATH;Suicide;2;6;-290,45;0,0500;0,00;14;2;2;2
1171;DEATH;Suicide;2;5;-302,44;0,0500;0,00;17;0;1;2
1172;DEATH;Suicide;2;7;-295,61;0,0500;0,29;16;1;1;2
1173;DEATH;Suicide;2;9;-292,78;0,0500;0,00;11;2;2;4
1174;DEATH;Suicide;2;42;-337,06;0,0500;0,02;9;2;4;6
1175;DEATH;Suicide;2;5;-295,39;0,0500;0,20;17;1;1;2
1176;DEATH;Suicide;2;5;-295,39;0,0500;0,00;10;1;1;2
1177;DEATH;Suicide;2;5;-302,44;0,0500;0,00;12;0;1;2
1178;DEATH;Suicide;2;5;-302,39;0,0500;0,00;16;0;2;2
1179;DEATH;Suicide;2;6;-295,90;0,0500;0,17;9;1;1;2
1180;DEATH;Suicide;2;5;-295,39;0,0500;0,00;14;1;1;2
1181;DEATH;Suicide;2;17;-299,76;0,0500;0,00;14;2;1;2
1182;DEATH;Suicide;2;5;-295,39;0,0500;0,20;13;1;1;2
1183;DEATH;Suicide;2;11;-299,05;0,0500;0,09;13;1;1;2
1184;DEATH;Suicide;2;11;-298,75;0,0500;0,00;10;1;1;2
1185;DEATH;Suicide;2;264;-1059,53;0,0500;0,03;13;2;1;2
1186;DEATH;Suicide;2;6;-290,55;0,0500;0,17;12;2;1;2
1187;DEATH;Suicide;2;7;-295,61;0,0500;0,00;11;1;1;2
1188;DEATH;Suicide;2;9;-292,08;0,0500;0,00;10;2;2;2
1189;DEATH;Suicide;2;8;-297,77;0,0500;0,00;16;1;3;4
1190;DEATH;Suicide;2;8;-297,77;0,0500;0,00;11;1;3;4
1191;DEATH;Suicide;2;5;-295,44;0,0500;0,40;16;1;1;2
1192;DEATH;Suicide;2;5;-302,44;0,0500;0,20;11;0;1;2
1193;DEATH;Suicide;2;5;-295,39;0,0500;0,20;14;1;1;2
1194;DEATH;Suicide;2;41;-338,75;0,0500;0,07;10;1;1;2
1195;DEATH;Suicide;2;5;-295,39;0,0500;0,00;8;1;2;2
1196;DEATH;Suicide;2;5;-295,39;0,0500;0,00;10;1;1;2
1197;DEATH;Suicide;2;5;-295,44;0,0500;0,20;13;1;1;2
1198;DEATH;Suicide;2;77;-438,26;0,0500;0,05;9;1;2;4
1199;DEATH;Suicide;2;21;-292,95;0,0500;0,05;12;2;2;4
1200;DEATH;Suicide;2;5;-302,44;0,0500;0,00;14;0;1;2
1201;DEATH;Suicide;2;7;-295,56;0,0500;0,14;9;1;1;2
1202;DEATH;Suicide;2;13;-293,27;0,0500;0,00;14;2;2;4
1203;DEATH;Suicide;2;13;-295,07;0,0500;0,08;10;2;1;2
1204;DEATH;Suicide;2;12;-297,16;0,0500;0,17;13;1;1;2
1205;DEATH;Suicide;2;47;-352,96;0,0500;0,02;15;3;2;4
1206;DEATH;Suicide;2;99;-415,18;0,0500;0,05;9;0;2;2
1207;DEATH;Suicide;2;6;-290,50;0,0500;0,00;11;2;1;2
1208;DEATH;Suicide;2;58;-369,22;0,0500;0,03;12;2;2;2
1209;DEATH;Suicide;2;55;-322,24;0,0500;0,04;10;3;2;4
1210;DEATH;Suicide;2;4;-302,43;0,0500;0,00;14;0;1;2
1211;DEATH;Suicide;2;44;-372,93;0,0500;0,07;9;2;1;2
1212;DEATH;Suicide;2;11;-292,25;0,0500;0,09;13;2;2;4
1213;DEATH;Suicide;2;5;-295,49;0,0500;0,00;11;1;1;2
1214;DEATH;Suicide;2;45;-377,04;0,0500;0,02;11;2;1;2
1215;DEATH;Suicide;2;6;-295,50;0,0500;0,00;11;1;1;2
1216;DEATH;Suicide;2;75;-346,84;0,0500;0,05;8;2;3;6
1217;DEATH;Suicide;2;23;-316,67;0,0500;0,00;10;1;1;2
1218;DEATH;Suicide;2;8;-290,82;0,0500;0,00;14;2;2;4
1219;DEATH;Suicide;2;15;-296,04;0,0500;0,00;11;1;2;2
1220;DEATH;Suicide;2;5;-302,44;0,0500;0,40;15;0;1;2
1221;DEATH;Suicide;2;5;-295,39;0,0500;0,00;11;1;1;2
1222;DEATH;Suicide;2;24;-312,08;0,0500;0,00;7;1;1;2
1223;DEATH;Suicide;2;7;-296,01;0,0500;0,00;12;1;1;2
1224;DEATH;Suicide;2;50;-360,64;0,0500;0,06;16;2;1;2
1225;DEATH;Suicide;2;46;-344,75;0,0500;0,07;14;3;3;6
1226;DEATH;Suicide;2;22;-306,41;0,0500;0,05;9;1;1;2
1227;DEATH;Suicide;2;7;-295,51;0,0500;0,29;14;1;1;2
1228;DEATH;Suicide;2;7;-295,51;0,0500;0,43;12;1;1;2
1229;DEATH;Suicide;2;87;-453,66;0,0500;0,05;12;2;3;6
1230;DEATH;Suicide;2;32;-331,36;0,0500;0,13;16;1;2;2
1231;DEATH;Suicide;2;14;-301,08;0,0500;0,00;8;1;2;2
1232;DEATH;Suicide;2;13;-293,57;0,0500;0,08;13;2;2;4
1233;DEATH;Suicide;2;15;-302,19;0,0500;0,07;9;1;1;2
1234;DEATH;Suicide;2;31;-304,50;0,0500;0,13;14;0;1;2
1235;DEATH;Suicide;2;160;-640,24;0,0500;0,05;7;2;2;4
1236;DEATH;Suicide;2;95;-354,29;0,0500;0,01;11;2;3;4
1237;DEATH;Suicide;2;14;-300,13;0,0500;0,07;8;1;1;2
1238;DEATH;Suicide;2;26;-299,70;0,0500;0,04;14;1;3;4
1239;DEATH;Suicide;2;5;-302,49;0,0500;0,00;11;0;1;2
1240;DEATH;Suicide;2;80;-383,34;0,0500;0,05;10;3;3;4
1241;DEATH;Suicide;2;17;-296,16;0,0500;0,00;12;1;1;2
1242;DEATH;Suicide;2;8;-297,82;0,0500;0,00;13;1;2;4
1243;DEATH;Suicide;2;4;-302,43;0,0500;0,25;10;0;1;2
1244;DEATH;Suicide;2;8;-297,77;0,0500;0,00;15;1;2;4
1245;DEATH;Suicide;2;8;-290,72;0,0500;0,00;11;2;3;4
1246;DEATH;Suicide;2;5;-295,44;0,0500;0,20;12;1;2;2
1247;DEATH;Suicide;2;34;-299,48;0,0500;0,06;12;2;3;6
1248;DEATH;Suicide;2;8;-297,77;0,0500;0,00;9;1;2;4
1249;DEATH;Suicide;2;5;-295,39;0,0500;0,00;12;1;1;2
1250;DEATH;Suicide;2;5;-295,44;0,0500;0,20;13;1;1;2
1251;DEATH;Suicide;2;5;-295,39;0,0500;0,00;15;1;1;2
1252;DEATH;Suicide;2;37;-346,86;0,0500;0,03;12;2;2;2
1253;DEATH;Suicide;2;6;-296,00;0,0500;0,33;11;1;1;2
1254;DEATH;Suicide;2;39;-307,38;0,0500;0,08;17;1;2;4
1255;DEATH;Suicide;2;6;-295,55;0,0500;0,00;13;1;1;2
1256;DEATH;Suicide;2;5;-295,44;0,0500;0,00;11;1;1;2
1257;WIN;None;2;32;-271,56;0,0500;0,03;10;1;4;6
1258;DEATH;Suicide;2;30;-323,79;0,0500;0,03;13;2;1;2
1259;WIN;None;2;60;186,91;0,0500;0,05;6;3;3;6
1260;DEATH;Suicide;2;5;-295,39;0,0500;0,00;11;1;2;2
1261;DEATH;Suicide;2;69;-334,93;0,0500;0,03;8;3;4;6
1262;DEATH;Suicide;2;52;-332,11;0,0500;0,12;15;2;1;2
1263;DEATH;Suicide;2;6;-302,50;0,0500;0,17;8;0;2;2
1264;DEATH;Suicide;2;6;-295,90;0,0500;0,00;11;1;1;2
1265;DEATH;Suicide;2;5;-295,39;0,0500;0,00;12;1;1;2
1266;DEATH;Suicide;2;7;-295,56;0,0500;0,00;10;1;2;2
1267;DEATH;Suicide;2;11;-306,15;0,0500;0,09;9;0;2;2
1268;DEATH;Suicide;2;7;-295,96;0,0500;0,00;12;1;1;2
1269;DEATH;Suicide;2;28;-300,27;0,0500;0,07;12;1;1;2
1270;DEATH;Suicide;2;43;-308,72;0,0500;0,14;13;2;3;6
1271;DEATH;Suicide;2;74;-374,38;0,0500;0,05;10;1;2;4
1272;DEATH;Suicide;2;5;-295,44;0,0500;0,00;10;1;1;2
1273;DEATH;Suicide;2;5;-295,39;0,0500;0,00;16;1;1;2
1274;DEATH;Suicide;2;98;-520,22;0,0500;0,03;12;3;7;14
1275;DEATH;Suicide;2;5;-295,44;0,0500;0,00;13;1;1;2
1276;DEATH;Suicide;2;6;-295,50;0,0500;0,00;10;1;2;2
1277;DEATH;Suicide;2;156;-1454,85;0,0500;0,06;12;2;1;2
1278;DEATH;Suicide;2;8;-297,77;0,0500;0,00;12;1;3;4
1279;DEATH;Suicide;2;11;-296,25;0,0500;0,09;8;1;2;2
1280;DEATH;Suicide;2;40;-335,14;0,0500;0,03;7;2;1;2
1281;DEATH;Suicide;2;5;-295,39;0,0500;0,00;8;1;2;2
1282;DEATH;Suicide;2;5;-295,39;0,0500;0,00;15;1;1;2
1283;DEATH;Suicide;2;23;-316,62;0,0500;0,00;10;1;1;2
1284;DEATH;Suicide;2;22;-307,76;0,0500;0,05;12;2;1;2
1285;DEATH;Suicide;2;13;-300,12;0,0500;0,00;10;1;1;2
1286;DEATH;Suicide;2;11;-293,10;0,0500;0,00;13;2;3;6
1287;DEATH;Suicide;2;13;-295,92;0,0500;0,00;14;1;1;2
1288;DEATH;Suicide;2;16;-296,15;0,0500;0,06;13;1;1;2
1289;DEATH;Suicide;2;105;-599,14;0,0500;0,04;14;4;4;6
1290;DEATH;Suicide;2;73;-430,37;0,0500;0,03;10;1;2;4
1291;DEATH;Suicide;2;8;-290,72;0,0500;0,00;11;2;3;4
1292;DEATH;Suicide;2;5;-295,44;0,0500;0,20;13;1;1;2
1293;DEATH;Suicide;2;9;-292,08;0,0500;0,00;10;2;1;2
1294;DEATH;Suicide;2;358;-441,22;0,0500;0,05;11;6;9;18
1295;DEATH;Suicide;2;67;-399,76;0,0500;0,03;13;2;5;8
1296;DEATH;Suicide;2;42;-352,46;0,0500;0,05;10;1;2;4
1297;DEATH;Suicide;2;163;-472,12;0,0500;0,07;18;3;5;10
1298;DEATH;Suicide;2;52;-312,56;0,0500;0,04;13;2;3;6
1299;DEATH;Suicide;2;112;-412,66;0,0500;0,05;17;3;6;10
1300;DEATH;Suicide;2;76;-490,85;0,0500;0,05;14;0;2;4
1301;DEATH;Suicide;2;24;-302,38;0,0500;0,04;12;2;5;10
1302;DEATH;Suicide;2;13;-293,17;0,0500;0,00;8;2;4;6
1303;DEATH;Suicide;2;8;-304,77;0,0500;0,00;9;0;3;4
1304;DEATH;Suicide;2;24;-314,78;0,0500;0,00;8;0;6;12
1305;DEATH;Suicide;2;10;-292,94;0,0500;0,10;10;2;2;4
1306;DEATH;Suicide;2;18;-296,67;0,0500;0,00;15;1;1;2
1307;DEATH;Suicide;2;67;-317,36;0,0500;0,01;12;1;1;2
1308;DEATH;Suicide;2;22;-299,91;0,0500;0,00;13;1;1;2
1309;DEATH;Suicide;2;5;-295,44;0,0500;0,00;13;1;1;2
1310;DEATH;Suicide;2;15;-295,94;0,0500;0,00;16;2;5;8
1311;DEATH;Suicide;2;5;-302,44;0,0500;0,00;11;0;2;2
1312;DEATH;Suicide;2;24;-294,23;0,0500;0,08;11;3;5;10
1313;DEATH;Suicide;2;41;-301,85;0,0500;0,05;11;3;6;12
1314;DEATH;Suicide;2;12;-300,66;0,0500;0,08;9;1;3;6
1315;DEATH;Suicide;2;74;-354,23;0,0500;0,03;16;6;7;14
1316;DEATH;Suicide;2;12;-291,86;0,0500;0,00;13;2;3;4
1317;DEATH;Suicide;2;50;-352,69;0,0500;0,04;11;5;3;6
1318;DEATH;Suicide;2;5;-295,39;0,0500;0,00;10;1;2;2
1319;DEATH;Suicide;2;19;-297,18;0,0500;0,00;15;1;1;2
1320;DEATH;Suicide;2;19;-306,93;0,0500;0,00;10;1;3;4
1321;DEATH;Suicide;2;104;-477,48;0,0500;0,06;15;3;3;6
1322;DEATH;Suicide;2;29;-310,63;0,0500;0,07;12;2;3;4
1323;DEATH;Suicide;2;52;-320,91;0,0500;0,02;12;4;9;16
1324;DEATH;Suicide;2;20;-298,39;0,0500;0,05;15;2;5;10
1325;DEATH;Suicide;2;14;-302,43;0,0500;0,00;12;1;4;8
1326;DEATH;Suicide;2;9;-295,68;0,0500;0,00;11;1;1;2
1327;DEATH;Suicide;2;327;-430,96;0,0500;0,05;5;1;6;12
1328;DEATH;Suicide;2;111;-587,05;0,0500;0,02;12;1;3;4
1329;DEATH;Suicide;2;4;-302,43;0,0500;0,00;13;0;1;2
1330;DEATH;Suicide;2;20;-298,59;0,0500;0,10;15;1;1;2
1331;DEATH;Suicide;2;349;-543,58;0,0500;0,05;10;6;8;16
1332;DEATH;Suicide;2;109;-706,53;0,0500;0,02;13;2;3;4
1333;DEATH;Suicide;2;64;-343,18;0,0500;0,02;14;4;6;10
1334;DEATH;Suicide;2;24;-293,93;0,0500;0,13;8;2;3;6
1335;DEATH;Suicide;2;17;-304,06;0,0500;0,06;15;0;2;2
1336;DEATH;Suicide;2;62;-300,26;0,0500;0,06;9;3;5;10
1337;DEATH;Suicide;2;43;-351,12;0,0500;0,05;10;1;3;6
1338;DEATH;Suicide;2;15;-288,29;0,0500;0,07;11;3;4;6
1339;DEATH;Suicide;2;9;-292,83;0,0500;0,00;15;2;3;4
1340;DEATH;Suicide;2;5;-295,49;0,0500;0,00;12;1;2;2
1341;DEATH;Suicide;2;8;-297,72;0,0500;0,00;15;1;3;4
1342;DEATH;Suicide;2;39;-310,88;0,0500;0,03;9;1;1;2
1343;DEATH;Suicide;2;6;-302,50;0,0500;0,17;14;0;1;2
1344;DEATH;Suicide;2;7;-303,06;0,0500;0,29;8;0;1;2
1345;DEATH;Suicide;2;5;-302,49;0,0500;0,20;13;0;2;2
1346;DEATH;Suicide;2;56;-369,45;0,0500;0,05;17;2;3;6
1347;DEATH;Suicide;2;20;-297,94;0,0500;0,10;9;2;4;6
1348;DEATH;Suicide;2;8;-296,97;0,0500;0,13;14;1;1;2
1349;DEATH;Suicide;2;20;-306,09;0,0500;0,05;12;1;4;8
1350;DEATH;Suicide;2;21;-300,60;0,0500;0,05;14;2;7;12
1351;DEATH;Suicide;2;55;-318,84;0,0500;0,02;11;2;11;20
1352;DEATH;Suicide;2;117;-294,01;0,0500;0,06;11;4;7;14
1353;DEATH;Suicide;2;18;-302,72;0,0500;0,11;10;1;4;8
1354;DEATH;Suicide;2;146;-697,85;0,0500;0,02;13;4;6;12
1355;DEATH;Suicide;2;90;-307,34;0,0500;0,08;12;2;8;14
1356;DEATH;Suicide;2;10;-298,34;0,0500;0,20;11;1;1;2
1357;DEATH;Suicide;2;31;-337,50;0,0500;0,00;12;0;3;4
1358;DEATH;Suicide;2;94;-456,13;0,0500;0,02;13;2;5;8
1359;DEATH;Suicide;2;6;-290,45;0,0500;0,00;12;2;2;2
1360;DEATH;Suicide;2;9;-292,88;0,0500;0,11;14;2;2;4
1361;DEATH;Suicide;2;38;-299,57;0,0500;0,03;12;1;3;4
1362;DEATH;Suicide;2;121;-311,65;0,0500;0,07;8;2;4;8
1363;DEATH;Suicide;2;7;-295,56;0,0500;0,00;11;1;1;2
1364;DEATH;Suicide;2;12;-281,16;0,0500;0,08;14;4;3;6
1365;DEATH;Suicide;2;5;-295,49;0,0500;0,00;14;1;1;2
1366;DEATH;Suicide;2;7;-292,76;0,0500;0,14;11;2;2;4
1367;DEATH;Suicide;2;31;-324,95;0,0500;0,00;12;1;1;2
1368;DEATH;Suicide;2;6;-295,55;0,0500;0,00;12;1;1;2
1369;DEATH;Suicide;2;35;-321,54;0,0500;0,06;10;2;4;6
1370;DEATH;Suicide;2;6;-295,55;0,0500;0,00;11;1;1;2
1371;DEATH;Suicide;2;5;-302,49;0,0500;0,20;10;0;2;2
1372;DEATH;Suicide;2;8;-297,02;0,0500;0,00;13;1;2;2
1373;DEATH;Suicide;2;6;-290,50;0,0500;0,00;11;2;2;2
1374;DEATH;Suicide;2;5;-302,44;0,0500;0,00;13;0;2;2
1375;DEATH;Suicide;2;161;-423,10;0,0500;0,04;11;2;5;10
1376;DEATH;Suicide;2;26;-308,60;0,0500;0,08;10;2;4;6
1377;DEATH;Suicide;2;28;-305,52;0,0500;0,04;17;2;4;6
1378;DEATH;Suicide;2;51;-295,65;0,0500;0,00;7;3;5;8
1379;DEATH;Suicide;2;7;-291,06;0,0500;0,14;13;2;1;2
1380;DEATH;Suicide;2;72;-404,86;0,0500;0,04;13;0;2;2
1381;DEATH;Suicide;2;49;-319,78;0,0500;0,06;13;0;1;2
1382;DEATH;Suicide;2;148;-437,17;0,0500;0,03;9;2;7;12
1383;DEATH;Suicide;2;71;-353,80;0,0500;0,01;10;0;1;2
1384;DEATH;Suicide;2;6;-295,55;0,0500;0,17;11;1;1;2
1385;DEATH;Suicide;2;16;-283,60;0,0500;0,06;11;4;5;8
1386;DEATH;Suicide;2;56;-333,55;0,0500;0,07;11;2;11;22
1387;DEATH;Suicide;2;4;-302,43;0,0500;0,25;11;0;1;2
1388;DEATH;Suicide;2;100;-769,04;0,0500;0,03;9;0;1;2
1389;DEATH;Suicide;2;9;-298,23;0,0500;0,00;10;1;3;4
1390;DEATH;Suicide;2;65;-443,14;0,0500;0,05;7;2;3;6
1391;DEATH;Suicide;2;114;-323,68;0,0500;0,07;11;5;5;10
1392;DEATH;Suicide;2;35;-317,99;0,0500;0,06;12;2;3;4
1393;DEATH;Suicide;2;38;-314,17;0,0500;0,05;11;1;4;8
1394;DEATH;Suicide;2;72;-307,96;0,0500;0,03;8;1;1;2
1395;DEATH;Suicide;2;14;-300,08;0,0500;0,07;11;1;3;4
1396;DEATH;Suicide;2;22;-272,51;0,0500;0,09;10;3;3;4
1397;DEATH;Suicide;2;9;-298,28;0,0500;0,00;9;1;3;4
1398;DEATH;Suicide;2;25;-303,69;0,0500;0,00;12;2;3;4
1399;DEATH;Suicide;2;98;-309,82;0,0500;0,04;10;4;7;14
1400;DEATH;Suicide;2;113;-610,77;0,0500;0,03;10;0;3;4
1401;DEATH;Suicide;2;6;-290,50;0,0500;0,00;13;2;1;2
1402;DEATH;Suicide;2;45;-369,09;0,0500;0,02;10;2;2;4
1403;DEATH;Suicide;2;65;-401,54;0,0500;0,03;11;2;5;8
1404;DEATH;Suicide;2;58;-356,72;0,0500;0,05;18;1;1;2
1405;DEATH;Suicide;2;39;-328,68;0,0500;0,05;11;2;4;6
1406;DEATH;Suicide;2;59;-371,33;0,0500;0,02;11;3;4;6
1407;DEATH;Suicide;2;12;-295,16;0,0500;0,00;12;2;3;6
1408;DEATH;Suicide;2;297;-1439,21;0,0500;0,03;11;2;3;4
1409;DEATH;Suicide;2;91;-348,80;0,0500;0,02;8;2;2;4
1410;DEATH;Suicide;2;190;-1296,14;0,0500;0,02;11;3;5;8
1411;DEATH;Suicide;2;120;-456,14;0,0500;0,05;16;3;3;6
1412;DEATH;Suicide;2;19;-316,18;0,0500;0,00;13;0;2;2
1413;DEATH;Suicide;2;12;-287,31;0,0500;0,00;10;3;2;4
1414;DEATH;Suicide;2;86;-402,50;0,0500;0,07;13;1;1;2
1415;DEATH;Suicide;2;23;-314,12;0,0500;0,00;11;0;2;2
1416;DEATH;Suicide;2;13;-308,17;0,0500;0,00;10;0;4;6
1417;DEATH;Suicide;2;60;-389,19;0,0500;0,07;11;1;1;2
1418;DEATH;Suicide;2;30;-315,54;0,0500;0,07;9;1;1;2
1419;DEATH;Suicide;2;25;-316,04;0,0500;0,08;9;0;2;2
1420;DEATH;Suicide;2;5;-295,39;0,0500;0,20;10;1;1;2
1421;DEATH;Suicide;2;8;-304,52;0,0500;0,13;10;0;1;2
1422;DEATH;Suicide;2;63;-380,17;0,0500;0,08;10;1;1;2
1423;DEATH;Suicide;2;60;-327,44;0,0500;0,03;13;3;4;8
1424;DEATH;Suicide;2;35;-322,49;0,0500;0,03;14;1;1;2
1425;DEATH;Suicide;2;13;-299,37;0,0500;0,00;10;1;3;4
1426;DEATH;Suicide;2;5;-295,39;0,0500;0,20;12;1;1;2
1427;DEATH;Suicide;2;22;-306,81;0,0500;0,14;11;1;2;4
1428;DEATH;Suicide;2;7;-296,41;0,0500;0,14;14;1;2;2
1429;DEATH;Suicide;2;15;-303,29;0,0500;0,07;12;1;1;2
1430;DEATH;Suicide;2;6;-290,45;0,0500;0,00;15;2;1;2
1431;DEATH;Suicide;2;5;-302,44;0,0500;0,00;13;0;1;2
1432;DEATH;Suicide;2;10;-298,24;0,0500;0,10;15;1;1;2
1433;DEATH;Suicide;2;39;-343,73;0,0500;0,03;12;1;1;2
1434;DEATH;Suicide;2;9;-297,78;0,0500;0,00;12;1;3;4
1435;DEATH;Suicide;2;16;-304,60;0,0500;0,00;12;1;1;2
1436;DEATH;Suicide;2;31;-330,45;0,0500;0,03;14;1;2;4
1437;DEATH;Suicide;2;6;-290,55;0,0500;0,00;9;2;1;2
1438;DEATH;Suicide;2;9;-297,78;0,0500;0,00;9;1;2;4
1439;DEATH;Suicide;2;27;-295,86;0,0500;0,11;12;3;3;4
1440;DEATH;Suicide;2;6;-295,50;0,0500;0,00;12;1;1;2
1441;DEATH;Suicide;2;17;-306,01;0,0500;0,00;15;1;1;2
1442;DEATH;Suicide;2;6;-290,45;0,0500;0,00;13;2;1;2
1443;DEATH;Suicide;2;5;-295,39;0,0500;0,00;12;1;1;2
1444;DEATH;Suicide;2;10;-298,24;0,0500;0,00;9;1;1;2
1445;DEATH;Suicide;2;31;-307,25;0,0500;0,10;8;0;1;2
1446;DEATH;Suicide;2;10;-298,24;0,0500;0,00;7;1;1;2
1447;DEATH;Suicide;2;72;-394,96;0,0500;0,04;11;1;1;2
1448;DEATH;Suicide;2;48;-351,42;0,0500;0,04;11;2;3;4
1449;DEATH;Suicide;2;5;-302,44;0,0500;0,00;8;0;2;2
1450;DEATH;Suicide;2;9;-280,78;0,0500;0,00;11;4;2;4
1451;WIN;None;2;227;15,64;0,0500;0,04;12;6;9;18
1452;DEATH;Suicide;2;97;-466,11;0,0500;0,04;15;1;1;2
1453;DEATH;Suicide;2;4;-302,38;0,0500;0,25;11;0;1;2
1454;WIN;None;2;103;-432,02;0,0500;0,04;7;1;3;4
1455;DEATH;Suicide;2;5;-295,39;0,0500;0,00;13;1;2;2
1456;DEATH;Suicide;2;22;-305,26;0,0500;0,05;10;1;3;4
1457;DEATH;Suicide;2;58;-359,32;0,0500;0,05;12;1;1;2
1458;DEATH;Suicide;2;6;-295,45;0,0500;0,17;11;1;2;2
1459;WIN;None;2;85;-354,29;0,0500;0,02;6;0;1;2
1460;DEATH;Suicide;2;5;-302,44;0,0500;0,00;9;0;2;2
1461;DEATH;Suicide;2;58;-375,02;0,0500;0,02;17;1;1;2
1462;DEATH;Suicide;2;35;-345,89;0,0500;0,03;13;1;1;2
1463;DEATH;Suicide;2;40;-330,14;0,0500;0,05;11;2;3;6
1464;WIN;None;2;16;-287,00;0,0500;0,13;8;1;2;4
1465;DEATH;Suicide;2;66;-361,70;0,0500;0,05;12;1;1;2
1466;DEATH;Suicide;2;61;-397,45;0,0500;0,03;14;1;1;2
1467;DEATH;Suicide;2;6;-290,45;0,0500;0,00;12;2;1;2
1468;DEATH;Suicide;2;6;-290,50;0,0500;0,17;12;2;1;2
1469;DEATH;Suicide;2;9;-290,78;0,0500;0,00;14;2;2;4
1470;DEATH;Suicide;2;24;-304,58;0,0500;0,08;11;2;3;4
1471;DEATH;Suicide;2;69;-362,43;0,0500;0,03;13;1;1;2
1472;DEATH;Suicide;2;21;-300,15;0,0500;0,00;12;2;2;4
1473;DEATH;Suicide;2;11;-299,15;0,0500;0,09;10;1;1;2
1474;DEATH;Suicide;2;147;-499,66;0,0500;0,05;10;1;3;6
1475;DEATH;Suicide;2;9;-297,53;0,0500;0,00;12;1;1;2
1476;DEATH;Suicide;2;6;-290,45;0,0500;0,00;9;2;1;2
1477;DEATH;Suicide;2;5;-295,39;0,0500;0,00;12;1;1;2
1478;DEATH;Suicide;2;6;-295,45;0,0500;0,00;9;1;1;2
1479;WIN;None;2;38;-296,47;0,0500;0,03;8;1;3;6
1480;DEATH;Suicide;2;74;-309,73;0,0500;0,05;8;0;4;8
1481;DEATH;Suicide;2;5;-302,44;0,0500;0,00;10;0;1;2
1482;DEATH;Suicide;2;6;-290,50;0,0500;0,17;14;2;2;2
1483;DEATH;Suicide;2;55;-345,79;0,0500;0,07;14;1;1;2
1484;DEATH;Suicide;2;6;-295,45;0,0500;0,00;10;1;1;2
1485;DEATH;Suicide;2;5;-295,39;0,0500;0,00;11;1;1;2
1486;DEATH;Suicide;2;54;-349,18;0,0500;0,07;14;2;3;4
1487;DEATH;Suicide;2;72;-391,46;0,0500;0,04;11;2;4;6
1488;DEATH;Suicide;2;5;-302,44;0,0500;0,00;12;0;1;2
1489;DEATH;Suicide;2;28;-323,42;0,0500;0,00;15;1;1;2
1490;DEATH;Suicide;2;109;-493,83;0,0500;0,05;11;2;3;4
1491;DEATH;Suicide;2;30;-309,29;0,0500;0,00;14;1;3;6
1492;DEATH;Suicide;2;44;-303,33;0,0500;0,05;13;5;3;6
1493;DEATH;Suicide;2;59;-434,33;0,0500;0,05;12;2;3;4
1494;DEATH;Suicide;2;333;-1768,82;0,0500;0,05;13;1;3;4
1495;DEATH;Suicide;2;13;-301,07;0,0500;0,00;11;1;2;2
1496;DEATH;Suicide;2;39;-319,43;0,0500;0,05;12;2;4;6
1497;DEATH;Suicide;2;21;-307,25;0,0500;0,05;11;1;1;2
1498;DEATH;Suicide;3;54;-375,48;0,0500;0,00;9;1;1;2
1499;DEATH;Suicide;3;26;-301,10;0,6000;0,69;14;5;3;4
1500;DEATH;Suicide;3;9;-303,13;0,5994;0,67;10;1;1;2
1501;DEATH;Suicide;3;22;-297,16;0,5988;0,68;10;2;3;6
1502;DEATH;Suicide;3;5;-295,39;0,5982;0,60;12;1;1;2
1503;DEATH;Suicide;3;23;-308,02;0,5976;0,78;10;3;1;2
1504;DEATH;Suicide;3;5;-295,49;0,5970;0,60;15;1;1;2
1505;DEATH;Suicide;3;22;-307,26;0,5964;0,45;7;1;2;4
1506;DEATH;Suicide;3;5;-302,44;0,5958;0,60;16;0;1;2
1507;DEATH;Suicide;3;28;-300,02;0,5952;0,50;8;3;4;8
1508;DEATH;Suicide;3;16;-302,15;0,5946;0,56;11;3;3;6
1509;DEATH;Suicide;3;20;-294,14;0,5940;0,75;11;4;2;4
1510;DEATH;Suicide;3;11;-299,90;0,5934;0,73;10;1;2;4
1511;DEATH;Suicide;3;16;-300,55;0,5928;0,69;12;3;2;4
1512;DEATH;Suicide;3;4;-302,38;0,5922;0,50;14;0;1;2
1513;DEATH;Suicide;3;11;-298,75;0,5917;0,45;13;1;1;2
1514;DEATH;Suicide;3;9;-296,53;0,5911;0,56;12;2;1;2
1515;DEATH;Suicide;3;15;-306,84;0,5905;0,73;12;1;1;2
1516;DEATH;Suicide;3;10;-304,59;0,5899;0,90;11;1;1;2
1517;DEATH;Suicide;3;10;-298,29;0,5893;0,70;13;2;1;2
1518;DEATH;Suicide;3;4;-302,43;0,5887;0,75;12;0;1;2
1519;DEATH;Suicide;3;12;-302,71;0,5881;0,58;6;0;1;2
1520;DEATH;Suicide;3;4;-302,38;0,5875;1,00;8;0;2;2
1521;DEATH;Suicide;3;14;-293,53;0,5869;0,50;13;3;2;4
1522;DEATH;Suicide;3;23;-311,07;0,5864;0,52;8;2;3;6
1523;DEATH;Suicide;3;11;-297,60;0,5858;0,64;10;2;1;2
1524;DEATH;Suicide;3;5;-302,44;0,5852;0,80;10;0;1;2
1525;DEATH;Suicide;3;15;-292,39;0,5846;0,53;13;4;1;2
1526;DEATH;Suicide;3;11;-297,55;0,5840;0,45;12;2;1;2
1527;DEATH;Suicide;3;6;-290,50;0,5834;0,33;11;2;1;2
1528;DEATH;Suicide;3;17;-306,31;0,5828;0,59;12;2;2;2
1529;DEATH;Suicide;3;10;-304,54;0,5823;0,80;13;1;1;2
1530;DEATH;Suicide;3;35;-307,69;0,5817;0,63;12;5;5;8
1531;DEATH;Suicide;3;15;-297,79;0,5811;0,80;11;1;1;2
1532;DEATH;Suicide;3;6;-290,55;0,5805;0,33;12;2;1;2
1533;DEATH;Suicide;3;6;-296,00;0,5799;0,83;15;1;1;2
1534;DEATH;Suicide;3;20;-289,69;0,5794;0,50;16;6;2;4
1535;DEATH;Suicide;3;10;-302,74;0,5788;0,60;12;1;1;2
1536;DEATH;Suicide;3;9;-305,73;0,5782;0,78;9;0;2;4
1537;DEATH;Suicide;3;5;-302,49;0,5776;0,80;9;0;1;2
1538;DEATH;Suicide;3;5;-302,89;0,5770;0,60;8;0;2;2
1539;DEATH;Suicide;3;10;-304,89;0,5765;0,90;13;0;2;4
1540;DEATH;Suicide;3;11;-292,30;0,5759;0,36;11;2;3;4
1541;DEATH;Suicide;3;4;-302,38;0,5753;0,50;12;0;2;2
1542;DEATH;Suicide;3;22;-293,86;0,5747;0,68;10;2;2;4
1543;DEATH;Suicide;3;9;-292,83;0,5742;0,67;12;3;2;4
1544;DEATH;Suicide;3;7;-297,71;0,5736;0,71;10;1;2;4
1545;DEATH;Suicide;3;24;-308,33;0,5730;0,71;10;3;2;4
1546;DEATH;Suicide;3;29;-315,48;0,5724;0,52;13;3;2;4
1547;DEATH;Suicide;3;29;-297,73;0,5719;0,48;13;4;3;4
1548;DEATH;Suicide;3;21;-301,15;0,5713;0,57;11;3;2;2
1549;DEATH;Suicide;3;16;-292,85;0,5707;0,56;11;3;1;2
1550;DEATH;Suicide;3;10;-297,04;0,5702;0,60;10;2;1;2
1551;DEATH;Suicide;3;8;-295,67;0,5696;0,63;10;1;1;2
1552;DEATH;Suicide;3;9;-303,53;0,5690;0,67;13;0;2;2
1553;DEATH;Suicide;3;4;-302,38;0,5684;0,75;7;0;1;2
1554;DEATH;Suicide;3;9;-296,58;0,5679;0,78;14;1;1;2
1555;DEATH;Suicide;3;5;-295,44;0,5673;0,60;12;1;1;2
1556;DEATH;Suicide;3;4;-302,38;0,5667;0,75;11;0;1;2
1557;DEATH;Suicide;3;6;-290,50;0,5662;0,50;16;2;1;2
1558;DEATH;Suicide;3;5;-302,44;0,5656;1,00;9;0;1;2
1559;DEATH;Suicide;3;12;-293,66;0,5650;0,58;12;2;3;6
1560;DEATH;Suicide;3;17;-300,06;0,5645;0,53;12;3;1;2
1561;DEATH;Suicide;3;6;-302,55;0,5639;0,50;10;0;2;2
1562;DEATH;Suicide;3;5;-295,44;0,5633;0,80;13;1;1;2
1563;DEATH;Suicide;3;16;-304,60;0,5628;0,56;11;2;1;2
1564;DEATH;Suicide;3;4;-302,33;0,5622;1,00;13;0;1;2
1565;DEATH;Suicide;3;14;-304,38;0,5617;0,57;13;1;2;2
1566;DEATH;Suicide;3;4;-302,38;0,5611;1,00;17;0;1;2
1567;DEATH;Suicide;3;4;-302,43;0,5605;0,50;13;0;1;2
1568;DEATH;Suicide;3;6;-302,95;0,5600;0,83;11;0;1;2
1569;DEATH;Suicide;3;8;-297,82;0,5594;0,38;10;1;2;4
1570;DEATH;Suicide;3;5;-295,44;0,5589;0,80;14;1;1;2
1571;DEATH;Suicide;3;5;-295,44;0,5583;1,00;18;1;1;2
1572;DEATH;Suicide;3;20;-301,84;0,5577;0,40;10;2;1;2
1573;DEATH;Suicide;3;14;-299,18;0,5572;0,43;15;2;1;2
1574;DEATH;Suicide;3;9;-297,63;0,5566;0,22;10;1;2;2
1575;DEATH;Suicide;3;19;-306,98;0,5561;0,53;11;2;1;2
1576;DEATH;Suicide;3;10;-297,09;0,5555;0,40;14;2;1;2
1577;DEATH;Suicide;3;7;-295,51;0,5550;0,71;16;1;2;2
1578;DEATH;Suicide;3;4;-302,43;0,5544;0,75;15;0;1;2
1579;DEATH;Suicide;3;38;-298,77;0,5538;0,47;14;5;3;6
1580;DEATH;Suicide;3;32;-302,76;0,5533;0,47;13;3;2;4
1581;DEATH;Suicide;3;5;-302,39;0,5527;0,60;9;0;1;2
1582;DEATH;Suicide;3;13;-292,32;0,5522;0,62;9;3;1;2
1583;DEATH;Suicide;3;16;-308,30;0,5516;0,25;13;0;3;6
1584;DEATH;Suicide;3;39;-318,43;0,5511;0,46;10;2;1;2
1585;DEATH;Suicide;3;19;-289,98;0,5505;0,74;8;4;3;6
1586;DEATH;Suicide;3;13;-298,97;0,5500;0,31;13;2;1;2
1587;DEATH;Suicide;3;16;-300,45;0,5494;0,44;10;2;2;4
1588;DEATH;Suicide;3;20;-294,19;0,5489;0,45;12;2;2;4
1589;DEATH;Suicide;3;5;-295,44;0,5483;0,60;18;1;2;2
1590;DEATH;Suicide;3;4;-302,38;0,5478;0,50;13;0;1;2
1591;DEATH;Suicide;3;24;-295,33;0,5472;0,42;10;3;2;4
1592;DEATH;Suicide;3;13;-292,02;0,5467;0,69;12;2;2;4
1593;DEATH;Suicide;3;5;-302,89;0,5461;0,80;10;0;1;2
1594;DEATH;Suicide;3;10;-305,74;0,5456;0,40;11;2;3;4
1595;DEATH;Suicide;3;4;-302,43;0,5451;0,50;14;0;1;2
1596;DEATH;Suicide;3;15;-293,39;0,5445;0,60;17;4;2;4
1597;DEATH;Suicide;3;12;-297,71;0,5440;0,75;12;2;1;2
1598;DEATH;Suicide;3;5;-295,39;0,5434;0,60;11;1;2;2
1599;DEATH;Suicide;3;31;-311,60;0,5429;0,65;11;3;1;2
1600;DEATH;Suicide;3;10;-290,94;0,5423;0,50;8;2;2;4
1601;DEATH;Suicide;3;4;-302,38;0,5418;0,50;13;0;1;2
1602;DEATH;Suicide;3;12;-300,21;0,5412;0,42;11;1;3;6
1603;DEATH;Suicide;3;21;-310,20;0,5407;0,52;13;2;2;2
1604;DEATH;Suicide;3;7;-295,56;0,5402;0,57;14;1;1;2
1605;DEATH;Suicide;3;20;-313,24;0,5396;0,25;9;2;1;2
1606;DEATH;Suicide;3;17;-293,61;0,5391;0,47;17;2;2;4
1607;DEATH;Suicide;3;14;-306,48;0,5385;0,86;15;1;2;4
1608;DEATH;Suicide;3;4;-302,38;0,5380;0,25;12;0;1;2
1609;DEATH;Suicide;3;5;-302,49;0,5375;0,60;13;0;1;2
1610;DEATH;Suicide;3;7;-295,61;0,5369;0,29;11;1;1;2
1611;DEATH;Suicide;3;9;-291,13;0,5364;0,56;9;3;1;2
1612;DEATH;Suicide;3;5;-302,44;0,5359;0,60;13;0;1;2
1613;DEATH;Suicide;3;10;-303,64;0,5353;0,60;11;0;2;2
1614;DEATH;Suicide;3;9;-303,13;0,5348;0,44;7;1;1;2
1615;DEATH;Suicide;3;4;-302,43;0,5343;0,75;11;0;1;2
1616;DEATH;Suicide;3;17;-297,06;0,5337;0,47;12;2;2;2
1617;DEATH;Suicide;3;5;-295,49;0,5332;0,60;13;1;1;2
1618;DEATH;Suicide;3;21;-308,35;0,5327;0,62;9;2;1;2
1619;DEATH;Suicide;3;4;-302,38;0,5321;0,50;11;0;1;2
1620;DEATH;Suicide;3;4;-302,43;0,5316;0,75;10;0;1;2
1621;DEATH;Suicide;3;5;-302,49;0,5311;0,80;11;0;1;2
1622;DEATH;Suicide;3;4;-302,38;0,5305;0,75;11;0;1;2
1623;DEATH;Suicide;3;8;-303,57;0,5300;0,38;10;0;1;2
1624;DEATH;Suicide;3;24;-304,83;0,5295;0,58;13;3;4;8
1625;DEATH;Suicide;3;11;-297,65;0,5289;0,45;9;2;1;2
1626;DEATH;Suicide;3;13;-305,17;0,5284;0,62;13;0;1;2
1627;DEATH;Suicide;3;18;-297,57;0,5279;0,39;12;3;1;2
1628;DEATH;Suicide;3;7;-290,96;0,5274;0,57;9;2;1;2
1629;DEATH;Suicide;3;5;-302,44;0,5268;0,60;8;0;1;2
1630;DEATH;Suicide;3;8;-296,12;0,5263;0,63;11;1;1;2
1631;DEATH;Suicide;3;42;-310,16;0,5258;0,45;7;3;1;2
1632;DEATH;Suicide;3;21;-290,15;0,5252;0,43;14;4;2;4
1633;DEATH;Suicide;3;6;-295,50;0,5247;0,17;12;1;1;2
1634;DEATH;Suicide;3;7;-291,06;0,5242;0,43;10;2;1;2
1635;DEATH;Suicide;3;20;-299,44;0,5237;0,55;11;3;2;4
1636;DEATH;Suicide;3;21;-296,25;0,5231;0,43;7;3;2;4
1637;WIN;None;3;34;-304,98;0,5226;0,50;11;4;4;8
1638;DEATH;Suicide;3;4;-302,43;0,5221;0,75;11;0;2;2
1639;DEATH;Suicide;3;5;-302,89;0,5216;0,60;9;0;1;2
1640;DEATH;Suicide;3;11;-292,95;0,5211;0,55;10;2;2;4
1641;DEATH;Suicide;3;23;-303,82;0,5205;0,57;9;4;2;4
1642;DEATH;Suicide;3;6;-296,00;0,5200;0,67;11;1;1;2
1643;DEATH;Suicide;3;6;-302,95;0,5195;0,67;18;0;2;2
1644;DEATH;Suicide;3;5;-302,49;0,5190;0,40;8;0;1;2
1645;DEATH;Suicide;3;5;-302,44;0,5185;0,60;13;0;2;2
1646;DEATH;Suicide;3;10;-295,79;0,5179;0,50;9;1;1;2
1647;DEATH;Suicide;3;7;-295,56;0,5174;0,29;11;1;1;2
1648;DEATH;Suicide;3;4;-302,33;0,5169;0,75;8;0;1;2
1649;DEATH;Suicide;3;4;-302,38;0,5164;0,75;8;0;2;2
1650;DEATH;Suicide;3;7;-302,56;0,5159;0,71;9;0;1;2
1651;DEATH;Suicide;3;8;-295,67;0,5154;0,38;13;1;1;2
1652;DEATH;Suicide;3;6;-302,55;0,5148;0,33;10;0;1;2
1653;DEATH;Suicide;3;5;-295,44;0,5143;0,60;14;1;1;2
1654;DEATH;Suicide;3;8;-296,97;0,5138;0,50;14;1;1;2
1655;DEATH;Suicide;3;5;-302,39;0,5133;0,60;10;0;2;2
1656;DEATH;Suicide;3;6;-296,00;0,5128;0,33;12;1;2;2
1657;DEATH;Suicide;3;10;-305,74;0,5123;0,60;10;0;2;4
1658;DEATH;Suicide;3;12;-303,31;0,5118;0,67;11;1;1;2
1659;DEATH;Suicide;3;9;-303,53;0,5112;0,67;11;1;1;2
1660;DEATH;Suicide;3;7;-296,01;0,5107;0,86;15;1;2;2
1661;DEATH;Suicide;3;7;-292,76;0,5102;0,43;13;2;2;4
1662;DEATH;Suicide;3;25;-300,69;0,5097;0,48;9;2;1;2
1663;DEATH;Suicide;3;7;-295,61;0,5092;0,43;16;1;1;2
1664;DEATH;Suicide;3;5;-295,44;0,5087;0,40;15;1;1;2
1665;DEATH;Suicide;3;5;-295,44;0,5082;0,60;14;1;1;2
1666;DEATH;Suicide;3;7;-296,51;0,5077;0,29;13;1;2;2
1667;DEATH;Suicide;3;4;-302,38;0,5072;0,75;12;0;1;2
1668;DEATH;Suicide;3;11;-305,85;0,5067;0,64;12;1;3;4
1669;DEATH;Suicide;3;5;-295,49;0,5062;0,60;14;1;1;2
1670;DEATH;Suicide;3;13;-286,72;0,5057;0,38;11;3;4;6
1671;DEATH;Suicide;3;15;-299,49;0,5051;0,53;14;2;2;4
1672;DEATH;Suicide;3;11;-291,25;0,5046;0,73;14;3;1;2
1673;DEATH;Suicide;3;11;-296,25;0,5041;0,45;10;1;1;2
1674;DEATH;Suicide;3;5;-302,89;0,5036;0,40;16;0;1;2
1675;DEATH;Suicide;3;17;-300,61;0,5031;0,65;14;2;3;4
1676;DEATH;Suicide;3;6;-290,50;0,5026;0,33;13;2;1;2
1677;DEATH;Suicide;3;9;-298,73;0,5021;0,44;10;2;2;4
1678;DEATH;Suicide;3;8;-296,12;0,5016;0,75;15;1;1;2
1679;DEATH;Suicide;3;9;-303,98;0,5011;0,89;15;1;1;2
1680;DEATH;Suicide;3;15;-292,59;0,5006;0,53;11;3;2;4
1681;DEATH;Suicide;3;5;-295,49;0,5001;1,00;14;1;1;2
1682;DEATH;Suicide;3;35;-307,99;0,4996;0,57;11;4;3;6
1683;DEATH;Suicide;3;4;-302,38;0,4991;0,75;12;0;1;2
1684;DEATH;Suicide;3;4;-302,43;0,4986;0,75;8;0;1;2
1685;DEATH;Suicide;3;11;-299,30;0,4981;0,55;12;1;3;4
1686;DEATH;Suicide;3;9;-297,83;0,4976;0,44;11;1;2;4
1687;DEATH;Suicide;3;23;-305,72;0,4971;0,48;16;3;4;6
1688;DEATH;Suicide;3;4;-302,38;0,4966;0,75;14;0;1;2
1689;DEATH;KilledByTarget;3;40;-108,69;0,4961;0,45;8;3;2;4
1690;DEATH;Suicide;3;25;-302,54;0,4956;0,52;11;2;2;4
1691;DEATH;Suicide;3;7;-291,01;0,4951;0,71;10;2;1;2
1692;DEATH;Suicide;3;6;-290,50;0,4946;0,50;12;2;1;2
1693;DEATH;Suicide;3;12;-304,71;0,4941;0,50;8;1;1;2
1694;DEATH;Suicide;3;7;-302,51;0,4937;0,43;7;0;2;2
1695;DEATH;Suicide;3;5;-302,44;0,4932;0,60;10;0;1;2
1696;DEATH;Suicide;3;4;-302,38;0,4927;0,75;12;0;1;2
1697;DEATH;Suicide;3;6;-302,55;0,4922;0,50;9;0;1;2
1698;DEATH;Suicide;3;6;-295,50;0,4917;0,50;13;1;2;2
1699;DEATH;Suicide;3;12;-298,01;0,4912;0,50;8;2;2;4
1700;DEATH;Suicide;3;7;-296,46;0,4907;0,29;7;1;2;2
1701;DEATH;Suicide;3;7;-303,01;0,4902;0,71;7;0;2;2
1702;DEATH;Suicide;3;28;-313,67;0,4897;0,46;12;5;3;6
1703;DEATH;Suicide;3;8;-296,02;0,4892;0,63;14;1;1;2
1704;DEATH;KilledByTarget;3;30;-97,39;0,4887;0,47;11;5;2;7
1705;DEATH;Suicide;3;20;-293,39;0,4883;0,25;9;4;2;4
1706;DEATH;Suicide;3;7;-304,76;0,4878;0,14;8;0;2;4
1707;DEATH;KilledByTarget;3;28;-96,32;0,4873;0,57;9;4;2;5
1708;DEATH;Suicide;3;28;-311,22;0,4868;0,43;13;3;3;4
1709;DEATH;Suicide;3;6;-295,55;0,4863;0,17;6;1;1;2
1710;DEATH;Suicide;3;17;-288,61;0,4858;0,35;11;4;5;8
1711;DEATH;Suicide;3;14;-294,03;0,4853;0,21;9;2;2;2
1712;DEATH;Suicide;3;5;-295,49;0,4848;0,40;13;1;1;2
1713;DEATH;Suicide;3;27;-312,31;0,4844;0,48;10;3;3;4
1714;DEATH;Suicide;3;4;-302,43;0,4839;1,00;13;0;1;2
1715;DEATH;Suicide;3;8;-303,57;0,4834;0,63;12;0;1;2
1716;DEATH;Suicide;3;10;-297,64;0,4829;0,20;9;2;1;2
1717;DEATH;Suicide;3;6;-295,55;0,4824;0,17;13;1;1;2
1718;DEATH;Suicide;3;5;-302,89;0,4819;0,40;11;0;1;2
1719;DEATH;Suicide;3;15;-298,74;0,4815;0,40;13;2;1;2
1720;DEATH;Suicide;3;5;-302,44;0,4810;0,60;11;0;1;2
1721;DEATH;Suicide;3;6;-302,95;0,4805;0,67;10;0;2;2
1722;DEATH;Suicide;3;20;-303,44;0,4800;0,50;12;3;2;4
1723;DEATH;Suicide;3;13;-292,47;0,4795;0,31;8;3;3;4
1724;DEATH;Suicide;3;4;-302,38;0,4791;0,50;12;0;1;2
1725;DEATH;Suicide;3;7;-296,41;0,4786;0,57;8;1;1;2
1726;DEATH;Suicide;3;8;-304,57;0,4781;0,50;12;0;2;2
1727;DEATH;Suicide;3;12;-291,81;0,4776;0,33;13;2;1;2
1728;DEATH;Suicide;3;5;-295,44;0,4771;0,40;12;1;1;2
1729;DEATH;Suicide;3;6;-302,95;0,4767;0,67;10;0;1;2
1730;DEATH;Suicide;3;28;-294,67;0,4762;0,39;14;5;4;8
1731;DEATH;Suicide;3;10;-303,19;0,4757;0,50;11;0;2;2
1732;DEATH;Suicide;3;9;-295,63;0,4752;0,67;14;2;1;2
1733;DEATH;Suicide;3;14;-286,58;0,4748;0,64;11;4;2;4
1734;DEATH;Suicide;3;5;-295,49;0,4743;0,60;12;1;1;2
1735;DEATH;Suicide;3;9;-296,53;0,4738;0,33;8;2;2;2
1736;DEATH;Suicide;3;7;-296,06;0,4733;0,14;11;1;1;2
1737;DEATH;Suicide;3;10;-291,64;0,4729;0,40;11;2;1;2
1738;DEATH;Suicide;3;32;-304,01;0,4724;0,34;8;3;2;4
1739;DEATH;Suicide;3;11;-293,85;0,4719;0,64;9;2;2;4
1740;DEATH;Suicide;3;6;-290,50;0,4714;0,17;11;2;1;2
1741;DEATH;Suicide;3;14;-296,43;0,4710;0,43;10;3;2;2
1742;DEATH;Suicide;3;9;-296,58;0,4705;0,67;14;2;1;2
1743;DEATH;Suicide;3;12;-290,96;0,4700;0,42;11;3;3;4
1744;DEATH;Suicide;3;16;-299,20;0,4696;0,63;13;2;2;2
1745;DEATH;Suicide;3;19;-295,78;0,4691;0,42;7;3;2;4
1746;DEATH;Suicide;3;7;-296,06;0,4686;0,57;13;1;1;2
1747;DEATH;Suicide;3;8;-290,77;0,4682;0,50;9;2;2;4
1748;DEATH;Suicide;3;15;-289,34;0,4677;0,47;7;3;1;2
1749;DEATH;Suicide;3;17;-298,86;0,4672;0,47;13;2;1;2
1750;DEATH;Suicide;3;4;-302,38;0,4668;1,00;12;0;1;2
1751;DEATH;Suicide;3;13;-299,47;0,4663;0,62;12;2;3;4
1752;DEATH;Suicide;3;5;-302,49;0,4658;0,60;13;0;2;2
1753;DEATH;Suicide;3;13;-295,12;0,4654;0,38;13;3;1;2
1754;DEATH;Suicide;3;17;-292,71;0,4649;0,53;13;4;2;4
1755;DEATH;Suicide;3;12;-299,41;0,4644;0,50;9;1;2;4
1756;DEATH;Suicide;3;22;-300,91;0,4640;0,50;12;2;2;4
1757;DEATH;Suicide;3;8;-297,77;0,4635;0,50;11;1;2;4
1758;DEATH;Suicide;3;8;-303,07;0,4630;0,38;18;0;1;2
1759;DEATH;Suicide;3;23;-304,12;0,4626;0,43;13;4;3;6
1760;DEATH;Suicide;3;7;-303,96;0,4621;0,57;14;0;1;2
1761;DEATH;Suicide;3;6;-290,50;0,4616;0,50;15;2;1;2
1762;DEATH;Suicide;3;13;-294,07;0,4612;0,31;13;3;3;6
1763;DEATH;Suicide;3;25;-300,54;0,4607;0,44;10;2;3;6
1764;DEATH;Suicide;3;22;-289,61;0,4603;0,41;11;5;3;6
1765;DEATH;Suicide;3;5;-295,39;0,4598;0,80;16;1;1;2
1766;DEATH;Suicide;3;9;-292,08;0,4593;0,33;15;3;1;2
1767;DEATH;Suicide;3;22;-297,56;0,4589;0,36;9;3;3;6
1768;DEATH;Suicide;3;6;-295,90;0,4584;0,83;12;1;1;2
1769;DEATH;Suicide;3;17;-302,31;0,4580;0,35;10;2;3;6
1770;DEATH;Suicide;3;18;-295,87;0,4575;0,50;11;3;2;2
1771;DEATH;Suicide;3;4;-302,43;0,4571;0,50;13;0;1;2
1772;DEATH;Suicide;3;17;-297,56;0,4566;0,29;9;3;1;2
1773;DEATH;Suicide;3;6;-295,55;0,4561;0,50;15;1;1;2
1774;DEATH;Suicide;3;19;-308,93;0,4557;0,42;14;3;3;4
1775;DEATH;Suicide;3;20;-311,89;0,4552;0,50;9;2;4;6
1776;DEATH;Suicide;3;4;-302,38;0,4548;0,50;11;0;1;2
1777;DEATH;Suicide;3;9;-298,33;0,4543;0,33;15;1;3;4
1778;DEATH;Suicide;3;4;-302,38;0,4539;0,75;12;0;1;2
1779;DEATH;Suicide;3;10;-306,04;0,4534;0,30;15;1;1;2
1780;DEATH;Suicide;3;4;-302,43;0,4530;0,25;8;0;1;2
1781;DEATH;Suicide;3;5;-302,49;0,4525;0,60;14;0;1;2
1782;DEATH;Suicide;3;4;-302,38;0,4520;0,50;16;0;1;2
1783;DEATH;Suicide;3;4;-302,38;0,4516;0,50;15;0;2;2
1784;DEATH;Suicide;3;4;-302,43;0,4511;0,75;11;0;2;2
1785;DEATH;Suicide;3;7;-302,56;0,4507;0,57;12;0;1;2
1786;DEATH;Suicide;3;17;-296,06;0,4502;0,47;11;3;2;4
1787;DEATH;Suicide;3;5;-295,49;0,4498;0,80;12;1;2;2
1788;DEATH;Suicide;3;4;-302,33;0,4493;0,75;9;0;2;2
1789;DEATH;Suicide;3;4;-302,38;0,4489;0,25;10;0;1;2
1790;DEATH;Suicide;3;15;-300,24;0,4484;0,60;13;3;1;2
1791;DEATH;Suicide;3;7;-296,46;0,4480;0,57;16;1;1;2
1792;DEATH;Suicide;3;5;-295,49;0,4475;1,00;12;1;1;2
1793;DEATH;Suicide;3;9;-297,83;0,4471;0,44;9;1;2;4
1794;DEATH;Suicide;3;23;-299,72;0,4467;0,48;11;3;2;2
1795;DEATH;Suicide;3;5;-302,89;0,4462;0,60;7;0;2;2
1796;DEATH;Suicide;3;29;-302,28;0,4458;0,31;13;3;5;10
1797;DEATH;Suicide;3;4;-302,38;0,4453;0,50;8;0;2;2
1798;DEATH;Suicide;3;5;-295,49;0,4449;0,80;10;1;1;2
1799;DEATH;Suicide;3;5;-302,44;0,4444;0,60;10;0;2;2
1800;DEATH;Suicide;3;20;-297,84;0,4440;0,40;14;4;3;6
1801;DEATH;Suicide;3;7;-303,96;0,4435;0,71;6;0;1;2
1802;DEATH;Suicide;3;25;-298,69;0,4431;0,40;12;4;2;4
1803;DEATH;Suicide;3;7;-297,66;0,4427;0,29;10;1;3;4
1804;DEATH;Suicide;3;14;-307,23;0,4422;0,43;7;1;2;2
1805;DEATH;Suicide;3;5;-302,49;0,4418;0,60;11;0;2;2
1806;DEATH;Suicide;3;5;-302,44;0,4413;0,60;14;0;1;2
1807;DEATH;Suicide;3;11;-297,95;0,4409;0,55;12;1;3;4
1808;DEATH;Suicide;3;7;-297,71;0,4404;0,29;12;1;2;4
1809;DEATH;Suicide;3;7;-297,71;0,4400;0,14;9;1;2;4
1810;DEATH;Suicide;3;5;-302,89;0,4396;0,60;11;0;1;2
1811;DEATH;Suicide;3;5;-295,39;0,4391;0,40;12;1;1;2
1812;DEATH;Suicide;3;19;-299,93;0,4387;0,26;12;4;2;4
1813;DEATH;Suicide;3;5;-295,44;0,4382;0,20;10;1;1;2
1814;DEATH;Suicide;3;19;-302,58;0,4378;0,58;16;3;1;2
1815;DEATH;Suicide;3;5;-302,94;0,4374;0,80;9;0;1;2
1816;DEATH;Suicide;3;17;-301,76;0,4369;0,59;15;3;3;4
1817;DEATH;Suicide;3;20;-298,59;0,4365;0,40;15;3;4;8
1818;DEATH;Suicide;3;7;-303,91;0,4361;0,14;11;0;1;2
1819;DEATH;Suicide;3;8;-291,52;0,4356;0,75;12;2;1;2
1820;DEATH;Suicide;3;9;-302,68;0,4352;0,56;14;0;1;2
1821;DEATH;Suicide;3;5;-302,44;0,4348;0,20;14;0;1;2
1822;DEATH;Suicide;3;23;-305,72;0,4343;0,35;11;3;2;4
1823;DEATH;Suicide;3;26;-305,70;0,4339;0,35;13;2;3;6
1824;DEATH;Suicide;3;7;-295,51;0,4334;0,29;12;1;1;2
1825;DEATH;Suicide;3;5;-302,44;0,4330;0,40;13;0;2;2
1826;DEATH;Suicide;3;9;-305,28;0,4326;0,44;14;0;2;4
1827;DEATH;Suicide;3;6;-302,90;0,4321;0,67;9;0;1;2
1828;DEATH;Suicide;3;35;-313,44;0,4317;0,37;12;4;3;4
1829;DEATH;Suicide;3;6;-296,00;0,4313;0,67;12;1;1;2
1830;DEATH;Suicide;3;18;-295,47;0,4309;0,33;10;3;3;6
1831;DEATH;Suicide;3;8;-297,82;0,4304;0,50;11;1;3;4
1832;DEATH;Suicide;3;31;-289,60;0,4300;0,48;16;6;6;12
1833;DEATH;Suicide;3;6;-302,50;0,4296;0,33;16;0;1;2
1834;DEATH;Suicide;3;4;-302,38;0,4291;0,50;10;0;1;2
1835;DEATH;Suicide;3;10;-298,34;0,4287;0,20;9;1;2;4
1836;DEATH;Suicide;3;11;-296,70;0,4283;0,64;11;1;1;2
1837;DEATH;Suicide;3;7;-302,56;0,4278;0,57;11;0;2;2
1838;DEATH;Suicide;3;8;-303,07;0,4274;0,75;12;0;1;2
1839;DEATH;Suicide;3;4;-302,43;0,4270;0,50;13;0;1;2
1840;DEATH;Suicide;3;52;-302,11;0,4266;0,38;9;5;3;9
1841;DEATH;Suicide;3;12;-293,86;0,4261;0,50;16;2;1;2
1842;DEATH;Suicide;3;38;-278,62;0,4257;0,47;12;5;3;6
1843;DEATH;Suicide;3;16;-295,75;0,4253;0,25;12;4;2;2
1844;DEATH;Suicide;3;21;-293,80;0,4249;0,52;7;3;2;4
1845;DEATH;Suicide;3;14;-294,48;0,4244;0,36;13;3;3;4
1846;DEATH;Suicide;3;13;-293,27;0,4240;0,31;12;3;4;6
1847;DEATH;Suicide;3;19;-302,18;0,4236;0,42;15;3;3;4
1848;DEATH;Suicide;3;5;-302,39;0,4232;0,60;11;0;1;2
1849;DEATH;Suicide;3;7;-296,51;0,4227;0,43;15;1;1;2
1850;DEATH;Suicide;3;5;-302,39;0,4223;0,20;9;0;2;2
1851;DEATH;Suicide;3;31;-317,25;0,4219;0,32;12;2;3;4
1852;DEATH;Suicide;3;18;-306,32;0,4215;0,44;6;1;1;2
1853;DEATH;Suicide;3;12;-297,71;0,4211;0,33;13;3;1;2
1854;DEATH;Suicide;3;8;-296,97;0,4206;0,50;10;1;1;2
1855;DEATH;Suicide;3;13;-299,47;0,4202;0,31;11;1;3;4
1856;DEATH;Suicide;3;15;-301,69;0,4198;0,53;8;2;3;6
1857;DEATH;Suicide;3;5;-302,44;0,4194;0,00;11;0;1;2
1858;DEATH;Suicide;3;14;-296,88;0,4190;0,50;10;2;1;2
1859;DEATH;Suicide;3;5;-302,44;0,4185;0,60;10;0;1;2
1860;DEATH;Suicide;3;5;-302,89;0,4181;0,80;11;0;2;2
1861;DEATH;Suicide;3;7;-302,56;0,4177;0,43;17;0;1;2
1862;DEATH;Suicide;3;5;-295,39;0,4173;0,60;13;1;1;2
1863;DEATH;Suicide;3;15;-299,99;0,4169;0,47;9;2;3;4
1864;DEATH;Suicide;3;27;-291,31;0,4164;0,52;17;5;3;6
1865;DEATH;Suicide;3;8;-305,27;0,4160;0,50;10;0;3;4
1866;DEATH;Suicide;3;8;-290,82;0,4156;0,13;18;2;3;4
1867;DEATH;Suicide;3;4;-302,38;0,4152;0,50;12;0;2;2
1868;DEATH;Suicide;3;17;-299,11;0,4148;0,41;12;2;2;2
1869;DEATH;Suicide;3;4;-302,38;0,4144;0,50;11;0;2;2
1870;DEATH;Suicide;3;5;-295,39;0,4140;0,20;12;1;1;2
1871;DEATH;Suicide;3;4;-302,38;0,4135;0,00;15;0;1;2
1872;DEATH;Suicide;3;22;-297,01;0,4131;0,36;13;4;4;6
1873;DEATH;Suicide;3;6;-302,50;0,4127;0,33;12;0;1;2
1874;DEATH;Suicide;3;10;-298,39;0,4123;0,60;13;1;3;4
1875;DEATH;Suicide;3;25;-299,44;0,4119;0,36;11;4;3;6
1876;DEATH;Suicide;3;18;-299,27;0,4115;0,44;9;4;3;4
1877;DEATH;Suicide;3;9;-305,28;0,4111;0,33;9;0;2;4
1878;DEATH;Suicide;3;29;-294,78;0,4107;0,41;14;4;3;6
1879;DEATH;Suicide;3;13;-301,17;0,4102;0,23;11;1;3;6
1880;DEATH;Suicide;3;9;-296,63;0,4098;0,56;13;1;2;2
1881;DEATH;Suicide;3;5;-295,44;0,4094;0,60;8;1;1;2
1882;DEATH;Suicide;3;4;-302,38;0,4090;0,75;16;0;1;2
1883;DEATH;Suicide;3;13;-297,77;0,4086;0,31;11;1;1;2
1884;DEATH;Suicide;3;18;-295,12;0,4082;0,33;13;3;2;4
1885;DEATH;Suicide;3;17;-302,16;0,4078;0,41;14;3;2;2
1886;DEATH;Suicide;3;16;-293,75;0,4074;0,56;17;4;1;2
1887;DEATH;Suicide;3;4;-302,38;0,4070;0,25;12;0;2;2
1888;DEATH;Suicide;3;4;-302,43;0,4066;0,25;11;0;2;2
1889;DEATH;Suicide;3;5;-295,39;0,4062;0,40;14;1;1;2
1890;DEATH;Suicide;3;6;-295,95;0,4058;0,50;6;1;1;2
1891;DEATH;Suicide;3;4;-302,33;0,4053;0,75;12;0;1;2
1892;DEATH;Suicide;3;20;-316,24;0,4049;0,35;11;1;1;2
1893;DEATH;Suicide;3;6;-295,90;0,4045;0,83;11;1;2;2
1894;DEATH;Suicide;3;4;-302,38;0,4041;0,25;12;0;2;2
1895;DEATH;Suicide;3;4;-302,38;0,4037;0,25;14;0;1;2
1896;DEATH;Suicide;3;15;-299,84;0,4033;0,33;14;2;1;2
1897;DEATH;Suicide;3;4;-302,38;0,4029;0,25;10;0;1;2
1898;DEATH;Suicide;3;13;-287,82;0,4025;0,46;12;4;3;4
1899;DEATH;Suicide;3;9;-303,63;0,4021;0,44;14;1;1;2
1900;DEATH;Suicide;3;16;-293,05;0,4017;0,25;10;3;2;4
1901;DEATH;Suicide;3;5;-295,44;0,4013;0,60;11;1;1;2
1902;DEATH;Suicide;3;15;-299,99;0,4009;0,40;14;1;1;2
1903;DEATH;Suicide;3;5;-302,44;0,4005;0,40;10;0;1;2
1904;DEATH;Suicide;3;36;-294,05;0,4001;0,39;14;6;4;8
1905;DEATH;Suicide;3;13;-281,67;0,3997;0,31;11;5;4;6
1906;DEATH;Suicide;3;4;-302,38;0,3993;0,75;12;0;1;2
1907;DEATH;Suicide;3;18;-293,67;0,3989;0,56;14;3;3;4
1908;DEATH;Suicide;3;16;-299,60;0,3985;0,56;9;2;2;2
1909;DEATH;Suicide;3;4;-302,38;0,3981;0,00;12;0;1;2
1910;DEATH;Suicide;3;25;-305,39;0,3977;0,44;8;3;3;6
1911;DEATH;Suicide;3;5;-302,89;0,3973;0,40;7;0;2;2
1912;DEATH;Suicide;3;9;-305,23;0,3969;0,22;8;0;1;2
1913;DEATH;Suicide;3;13;-306,87;0,3965;0,23;9;0;2;4
1914;DEATH;Suicide;3;6;-295,90;0,3961;0,33;10;1;1;2
1915;DEATH;Suicide;3;8;-297,02;0,3957;0,63;10;1;1;2
1916;DEATH;Suicide;3;33;-318,97;0,3953;0,30;13;2;3;4
1917;DEATH;Suicide;3;4;-302,38;0,3949;0,75;14;0;1;2
1918;DEATH;Suicide;3;17;-309,31;0,3945;0,29;14;1;1;2
1919;DEATH;Suicide;3;4;-302,38;0,3941;0,75;10;0;1;2
1920;DEATH;Suicide;3;29;-310,43;0,3938;0,34;12;3;3;6
1921;DEATH;Suicide;3;7;-296,46;0,3934;0,43;10;1;1;2
1922;DEATH;Suicide;3;15;-295,14;0,3930;0,27;11;3;4;6
1923;DEATH;Suicide;3;24;-298,33;0,3926;0,42;11;3;4;8
1924;DEATH;Suicide;3;23;-308,62;0,3922;0,43;8;2;6;12
1925;DEATH;Suicide;3;4;-302,33;0,3918;1,00;14;0;1;2
1926;DEATH;Suicide;3;54;-311,48;0,3914;0,39;14;7;6;12
1927;DEATH;Suicide;3;5;-302,89;0,3910;0,00;15;0;1;2
1928;DEATH;Suicide;3;7;-292,71;0,3906;0,43;9;2;2;4
1929;DEATH;Suicide;3;5;-295,49;0,3902;0,20;10;1;2;2
1930;DEATH;Suicide;3;36;-310,25;0,3898;0,31;9;3;3;4
1931;DEATH;Suicide;3;7;-297,71;0,3894;0,14;9;1;2;4
1932;DEATH;Suicide;3;44;-296,18;0,3891;0,50;6;5;6;12
1933;DEATH;Suicide;3;5;-295,39;0,3887;0,40;14;1;1;2
1934;DEATH;Suicide;3;7;-303,01;0,3883;0,57;12;0;1;2
1935;DEATH;Suicide;3;7;-292,71;0,3879;0,29;15;2;3;4
1936;DEATH;Suicide;3;6;-296,00;0,3875;0,50;13;1;1;2
1937;DEATH;Suicide;3;7;-292,76;0,3871;0,43;12;2;2;4
1938;DEATH;Suicide;3;12;-307,66;0,3867;0,33;12;0;4;6
1939;DEATH;Suicide;3;4;-302,43;0,3863;0,50;8;0;1;2
1940;DEATH;Suicide;3;4;-302,43;0,3860;0,75;10;0;1;2
1941;DEATH;Suicide;3;20;-284,39;0,3856;0,35;13;6;4;6
1942;DEATH;Suicide;3;5;-295,44;0,3852;0,60;10;1;1;2
1943;DEATH;Suicide;3;10;-303,64;0,3848;0,30;9;0;1;2
1944;DEATH;Suicide;3;11;-292,25;0,3844;0,55;15;2;2;4
1945;DEATH;Suicide;3;17;-294,61;0,3840;0,41;9;2;2;4
1946;DEATH;Suicide;3;4;-302,43;0,3836;0,50;11;0;2;2
1947;DEATH;Suicide;3;6;-303,00;0,3833;0,50;9;0;1;2
1948;DEATH;Suicide;3;17;-295,86;0,3829;0,41;6;3;3;6
1949;DEATH;Suicide;3;10;-298,34;0,3825;0,30;10;2;3;4
1950;DEATH;Suicide;3;18;-301,07;0,3821;0,44;14;2;2;4
1951;DEATH;Suicide;3;55;-313,19;0,3817;0,38;13;6;6;12
1952;DEATH;Suicide;3;10;-304,54;0,3813;0,60;11;0;2;2
1953;DEATH;Suicide;3;7;-303,06;0,3810;0,57;7;0;2;2
1954;DEATH;Suicide;3;7;-303,01;0,3806;0,43;12;0;1;2
1955;DEATH;Suicide;3;4;-302,38;0,3802;0,25;14;0;1;2
1956;DEATH;Suicide;3;15;-298,69;0,3798;0,27;11;3;2;2
1957;DEATH;Suicide;3;7;-303,91;0,3794;0,14;16;0;1;2
1958;DEATH;Suicide;3;9;-298,23;0,3791;0,44;13;2;3;4
1959;DEATH;Suicide;3;15;-296,04;0,3787;0,47;14;2;2;2
1960;DEATH;Suicide;3;16;-294,80;0,3783;0,63;10;3;3;6
1961;DEATH;Suicide;3;8;-297,77;0,3779;0,50;12;1;3;4
1962;DEATH;Suicide;3;8;-297,77;0,3776;0,50;12;1;3;4
1963;DEATH;Suicide;3;4;-302,38;0,3772;0,75;8;0;1;2
1964;DEATH;Suicide;3;5;-295,39;0,3768;0,20;17;1;2;2
1965;DEATH;Suicide;3;8;-296,07;0,3764;0,38;10;1;1;2
1966;DEATH;Suicide;3;9;-297,63;0,3760;0,33;9;2;2;2
1967;DEATH;Suicide;3;15;-308,54;0,3757;0,13;12;1;3;4
1968;DEATH;Suicide;3;4;-302,38;0,3753;0,00;12;0;1;2
1969;DEATH;Suicide;3;7;-295,51;0,3749;0,43;10;1;2;2
1970;DEATH;Suicide;3;4;-302,43;0,3745;0,50;10;0;1;2
1971;DEATH;Suicide;3;4;-302,38;0,3742;0,00;12;0;1;2
1972;DEATH;Suicide;3;4;-302,38;0,3738;0,00;16;0;1;2
1973;DEATH;Suicide;3;7;-297,76;0,3734;0,43;8;1;2;4
1974;DEATH;Suicide;3;25;-299,89;0,3730;0,40;13;3;4;8
1975;DEATH;Suicide;3;19;-302,58;0,3727;0,47;17;4;2;4
1976;DEATH;Suicide;3;4;-302,38;0,3723;0,25;7;0;2;2
1977;DEATH;Suicide;3;4;-302,38;0,3719;0,50;13;0;2;2
1978;DEATH;Suicide;3;18;-302,67;0,3716;0,28;10;2;1;2
1979;DEATH;Suicide;3;45;-304,94;0,3712;0,38;7;4;4;8
1980;DEATH;Suicide;3;12;-292,86;0,3708;0,50;15;3;3;4
1981;DEATH;Suicide;3;16;-295,50;0,3704;0,25;12;3;4;8
1982;DEATH;Suicide;3;9;-298,33;0,3701;0,33;12;1;2;4
1983;DEATH;Suicide;3;4;-302,38;0,3697;0,50;11;0;2;2
1984;DEATH;Suicide;3;5;-295,39;0,3693;0,20;16;1;2;2
1985;DEATH;Suicide;3;4;-302,38;0,3690;0,50;9;0;2;2
1986;DEATH;Suicide;3;5;-302,44;0,3686;0,20;11;0;1;2
1987;DEATH;Suicide;3;12;-307,66;0,3682;0,50;15;0;3;6
1988;DEATH;Suicide;3;9;-297,88;0,3679;0,67;14;1;2;4
1989;DEATH;Suicide;3;49;-309,93;0,3675;0,29;13;7;2;4
1990;DEATH;Suicide;3;9;-304,03;0,3671;0,33;12;0;1;2
1991;DEATH;Suicide;3;37;-309,81;0,3668;0,32;12;4;2;4
1992;DEATH;Suicide;3;5;-295,39;0,3664;0,20;12;1;2;2
1993;DEATH;Suicide;3;7;-303,91;0,3660;0,14;13;0;1;2
1994;DEATH;Suicide;3;5;-295,49;0,3657;0,40;11;1;1;2
1995;DEATH;Suicide;3;4;-302,38;0,3653;0,50;12;0;1;2
1996;DEATH;Suicide;3;18;-289,07;0,3649;0,44;11;4;4;8
1997;DEATH;Suicide;3;23;-312,32;0,3646;0,35;9;2;4;8
1998;DEATH;Suicide;3;32;-305,26;0,3642;0,31;9;5;5;10
1999;DEATH;Suicide;3;22;-304,66;0,3638;0,50;10;3;3;6
2000;DEATH;Suicide;3;9;-298,28;0,3635;0,44;10;2;2;4
2001;DEATH;Suicide;3;4;-302,43;0,3631;0,00;11;0;2;2
2002;DEATH;Suicide;3;14;-299,38;0,3627;0,50;11;3;2;2
2003;DEATH;Suicide;3;4;-302,38;0,3624;0,25;12;0;1;2
2004;DEATH;Suicide;3;32;-311,66;0,3620;0,31;9;2;5;10
2005;DEATH;Suicide;3;4;-302,38;0,3617;0,75;10;0;1;2
2006;DEATH;Suicide;3;15;-301,94;0,3613;0,47;9;1;2;4
2007;DEATH;Suicide;3;9;-291,28;0,3609;0,44;11;2;2;4
2008;WIN;None;3;76;210,35;0,3606;0,37;13;10;9;16
2009;DEATH;Suicide;3;27;-297,16;0,3602;0,37;12;5;2;4
2010;DEATH;Suicide;3;10;-293,34;0,3598;0,50;13;3;2;4
2011;DEATH;Suicide;3;28;-293,67;0,3595;0,39;10;4;5;10
2012;DEATH;Suicide;3;5;-302,49;0,3591;0,20;9;0;2;2
2013;DEATH;Suicide;3;9;-293,78;0,3588;0,44;12;3;2;4
2014;DEATH;Suicide;3;5;-302,44;0,3584;0,20;14;0;2;2
2015;DEATH;Suicide;3;10;-295,04;0,3581;0,40;13;2;3;6
2016;DEATH;Suicide;3;4;-302,33;0,3577;0,50;8;0;2;2
2017;DEATH;Suicide;3;18;-295,02;0,3573;0,50;8;3;3;7
2018;DEATH;Suicide;3;6;-295,90;0,3570;0,50;10;1;1;2
2019;DEATH;Suicide;3;4;-302,38;0,3566;0,50;11;0;2;2
2020;DEATH;Suicide;3;4;-302,38;0,3563;0,50;10;0;1;2
2021;DEATH;Suicide;3;15;-298,39;0,3559;0,27;15;3;4;8
2022;DEATH;Suicide;3;16;-300,75;0,3556;0,38;13;2;1;2
2023;DEATH;Suicide;3;4;-302,43;0,3552;0,00;11;0;2;2
2024;DEATH;Suicide;3;4;-302,43;0,3548;0,00;13;0;2;2
2025;DEATH;Suicide;3;4;-302,43;0,3545;0,50;11;0;2;2
2026;DEATH;Suicide;3;17;-296,71;0,3541;0,35;13;2;3;6
2027;DEATH;Suicide;3;17;-300,76;0,3538;0,29;16;3;2;2
2028;DEATH;Suicide;3;16;-299,25;0,3534;0,56;7;3;1;2
2029;DEATH;Suicide;3;4;-302,38;0,3531;0,25;14;0;2;2
2030;DEATH;Suicide;3;23;-301,37;0,3527;0,30;11;2;2;2
2031;DEATH;Suicide;3;20;-296,94;0,3524;0,50;12;4;3;4
2032;DEATH;Suicide;3;8;-293,17;0,3520;0,63;15;2;2;4
2033;DEATH;Suicide;3;5;-295,49;0,3517;0,20;11;1;2;2
2034;DEATH;Suicide;3;7;-297,71;0,3513;0,43;12;1;3;4
2035;DEATH;Suicide;3;19;-304,13;0,3510;0,32;7;2;5;8
2036;DEATH;Suicide;3;23;-294,97;0,3506;0,48;11;4;6;10
2037;DEATH;Suicide;3;22;-292,41;0,3503;0,18;15;4;4;8
2038;DEATH;Suicide;3;4;-302,38;0,3499;0,50;9;0;2;2
2039;DEATH;Suicide;3;14;-299,98;0,3496;0,64;16;3;2;4
2040;DEATH;Suicide;3;15;-295,34;0,3492;0,33;16;3;2;4
2041;DEATH;Suicide;3;23;-286,17;0,3489;0,52;14;7;5;8
2042;DEATH;Suicide;3;30;-303,59;0,3485;0,37;9;5;2;4
2043;DEATH;Suicide;3;7;-303,01;0,3482;0,29;14;0;1;2
2044;DEATH;Suicide;3;9;-297,88;0,3478;0,56;12;1;2;4
2045;DEATH;Suicide;3;4;-302,43;0,3475;0,25;13;0;2;2
2046;DEATH;Suicide;3;10;-297,14;0,3471;0,40;10;1;2;2
2047;DEATH;Suicide;3;4;-302,38;0,3468;0,25;10;0;2;2
2048;DEATH;Suicide;3;13;-300,22;0,3464;0,23;10;2;3;6
2049;DEATH;Suicide;3;4;-302,38;0,3461;0,25;15;0;1;2
2050;DEATH;Suicide;3;8;-298,27;0,3457;0,50;9;1;2;4
2051;DEATH;Suicide;3;4;-302,43;0,3454;0,50;14;0;2;2
2052;DEATH;Suicide;3;7;-303,06;0,3450;0,71;14;0;1;2
2053;DEATH;Suicide;3;14;-289,23;0,3447;0,29;12;3;4;6
2054;DEATH;Suicide;3;4;-302,43;0,3444;0,25;14;0;1;2
2055;DEATH;Suicide;3;15;-300,19;0,3440;0,40;16;4;2;2
2056;DEATH;Suicide;3;38;-318,07;0,3437;0,29;12;5;3;6
2057;DEATH;Suicide;3;5;-295,49;0,3433;1,00;12;1;1;2
2058;DEATH;Suicide;3;6;-295,95;0,3430;0,50;12;1;1;2
2059;DEATH;Suicide;3;5;-302,44;0,3426;0,60;10;0;1;2
2060;DEATH;Suicide;3;4;-302,38;0,3423;0,00;10;0;1;2
2061;DEATH;Suicide;3;12;-305,66;0,3419;0,42;16;0;1;2
2062;DEATH;Suicide;3;21;-302,70;0,3416;0,29;10;3;1;2
2063;DEATH;Suicide;3;31;-307,10;0,3413;0,23;11;3;2;4
2064;DEATH;Suicide;3;13;-299,47;0,3409;0,62;11;2;2;4
2065;DEATH;Suicide;3;11;-299,10;0,3406;0,36;10;1;2;2
2066;DEATH;Suicide;3;10;-298,84;0,3402;0,00;8;2;2;4
2067;DEATH;Suicide;3;4;-302,38;0,3399;0,25;7;0;2;2
2068;DEATH;Suicide;3;24;-298,83;0,3396;0,21;12;4;2;4
2069;DEATH;Suicide;3;7;-292,76;0,3392;0,00;8;2;2;4
2070;DEATH;Suicide;3;14;-297,13;0,3389;0,36;9;3;3;6
2071;DEATH;Suicide;3;5;-302,89;0,3385;0,20;14;0;2;2
2072;DEATH;Suicide;3;24;-309,13;0,3382;0,21;11;2;3;4
2073;DEATH;Suicide;3;7;-303,06;0,3379;0,43;7;0;1;2
2074;DEATH;Suicide;3;12;-287,31;0,3375;0,33;13;4;3;4
2075;DEATH;Suicide;3;4;-302,43;0,3372;0,50;6;0;1;2
2076;DEATH;Suicide;3;21;-296,90;0,3369;0,38;11;5;4;6
2077;DEATH;Suicide;3;4;-302,38;0,3365;0,50;11;0;1;2
2078;DEATH;Suicide;3;11;-304,15;0,3362;0,36;9;1;2;2
2079;DEATH;Suicide;3;5;-302,44;0,3358;0,40;8;0;2;2
2080;DEATH;Suicide;3;7;-303,51;0,3355;0,43;10;0;2;2
2081;DEATH;Suicide;3;11;-305,85;0,3352;0,64;7;1;2;4
2082;DEATH;Suicide;3;5;-302,44;0,3348;0,20;12;0;1;2
2083;DEATH;Suicide;3;18;-298,67;0,3345;0,17;12;2;2;4
2084;DEATH;Suicide;3;4;-302,38;0,3342;0,00;14;0;2;2
2085;DEATH;Suicide;3;21;-296,40;0,3338;0,38;12;4;4;6
2086;DEATH;Suicide;3;4;-302,38;0,3335;0,25;12;0;1;2
2087;DEATH;Suicide;3;4;-302,38;0,3332;0,25;11;0;1;2
2088;DEATH;Suicide;3;4;-302,43;0,3328;1,00;11;0;1;2
2089;DEATH;Suicide;3;22;-291,21;0,3325;0,36;15;5;5;8
2090;DEATH;Suicide;3;4;-302,43;0,3322;0,75;10;0;1;2
2091;DEATH;Suicide;3;20;-295,44;0,3318;0,40;13;4;4;6
2092;DEATH;Suicide;3;7;-297,71;0,3315;0,29;11;1;3;4
2093;DEATH;Suicide;3;13;-307,72;0,3312;0,15;6;1;3;6
2094;DEATH;Suicide;3;4;-302,38;0,3308;0,00;13;0;1;2
2095;DEATH;Suicide;3;4;-302,38;0,3305;0,25;8;0;1;2
2096;DEATH;Suicide;3;22;-299,01;0,3302;0,27;11;4;6;10
2097;DEATH;Suicide;3;7;-296,51;0,3299;0,29;11;1;1;2
2098;DEATH;Suicide;3;11;-299,35;0,3295;0,45;9;1;2;4
2099;DEATH;Suicide;3;9;-292,08;0,3292;0,33;12;3;1;2
2100;DEATH;Suicide;3;27;-311,71;0,3289;0,37;9;2;1;2
2101;DEATH;Suicide;3;4;-302,43;0,3285;0,25;15;0;1;2
2102;DEATH;Suicide;3;4;-302,43;0,3282;0,00;9;0;2;2
2103;DEATH;Suicide;3;4;-302,43;0,3279;0,25;15;0;2;2
2104;DEATH;Suicide;3;4;-302,38;0,3275;0,25;11;0;2;2
2105;DEATH;Suicide;3;4;-302,38;0,3272;0,50;13;0;2;2
2106;DEATH;Suicide;3;11;-295,55;0,3269;0,45;13;2;3;6
2107;DEATH;Suicide;3;4;-302,38;0,3266;0,50;9;0;2;2
2108;DEATH;Suicide;3;4;-302,43;0,3262;0,50;7;0;2;2
2109;DEATH;Suicide;3;7;-297,76;0,3259;0,14;8;1;3;4
2110;DEATH;Suicide;3;19;-307,58;0,3256;0,47;14;2;1;2
2111;DEATH;Suicide;3;12;-286,46;0,3253;0,33;12;4;3;4
2112;DEATH;Suicide;3;11;-299,15;0,3249;0,36;16;2;2;2
2113;DEATH;Suicide;3;23;-305,57;0,3246;0,35;7;3;5;10
2114;DEATH;Suicide;3;31;-309,30;0,3243;0,23;8;2;3;6
2115;DEATH;Suicide;3;20;-310,89;0,3240;0,10;10;2;2;2
2116;DEATH;Suicide;3;4;-302,38;0,3236;0,25;13;0;1;2
2117;DEATH;Suicide;3;4;-302,43;0,3233;0,00;7;0;2;2
2118;DEATH;Suicide;3;12;-304,71;0,3230;0,33;9;1;1;2
2119;DEATH;Suicide;3;7;-296,46;0,3227;0,71;15;1;2;2
2120;DEATH;Suicide;3;8;-297,72;0,3223;0,13;11;1;3;4
2121;DEATH;Suicide;3;17;-296,11;0,3220;0,35;13;3;5;8
2122;DEATH;Suicide;3;4;-302,43;0,3217;0,25;11;0;1;2
2123;DEATH;Suicide;3;5;-295,39;0,3214;0,20;15;1;2;2
2124;DEATH;Suicide;3;31;-305,35;0,3211;0,26;13;5;3;4
2125;DEATH;Suicide;3;4;-302,43;0,3207;0,25;10;0;2;2
2126;DEATH;Suicide;3;7;-297,76;0,3204;0,29;15;1;2;4
2127;DEATH;Suicide;3;4;-302,33;0,3201;0,50;12;0;1;2
2128;DEATH;Suicide;3;12;-295,16;0,3198;0,25;7;2;3;6
2129;DEATH;Suicide;3;8;-297,02;0,3195;0,25;12;1;1;2
2130;DEATH;Suicide;3;5;-302,49;0,3191;0,60;14;0;2;2
2131;DEATH;Suicide;3;14;-298,23;0,3188;0,43;10;1;1;2
2132;DEATH;Suicide;3;26;-300,75;0,3185;0,27;8;4;2;4
2133;DEATH;Suicide;3;6;-302,95;0,3182;0,33;13;0;2;2
2134;DEATH;Suicide;3;4;-302,38;0,3179;0,50;7;0;2;2
2135;DEATH;Suicide;3;11;-288,80;0,3175;0,27;11;4;2;4
2136;DEATH;Suicide;3;5;-295,49;0,3172;0,80;12;1;1;2
2137;DEATH;Suicide;3;8;-297,77;0,3169;0,38;10;1;3;4
2138;DEATH;Suicide;3;28;-306,27;0,3166;0,32;9;2;3;4
2139;DEATH;Suicide;3;15;-295,54;0,3163;0,27;13;2;5;8
2140;DEATH;Suicide;3;9;-297,83;0,3160;0,22;10;2;2;4
2141;DEATH;Suicide;3;17;-300,01;0,3156;0,47;13;3;1;2
2142;DEATH;Suicide;3;4;-302,38;0,3153;0,25;10;0;1;2
2143;DEATH;Suicide;3;4;-302,43;0,3150;0,25;9;0;1;2
2144;DEATH;Suicide;3;4;-302,38;0,3147;0,75;11;0;2;2
2145;DEATH;Suicide;3;4;-302,38;0,3144;0,25;12;0;1;2
2146;DEATH;Suicide;3;11;-292,20;0,3141;0,45;11;3;1;2
2147;DEATH;Suicide;3;4;-302,38;0,3138;0,75;7;0;1;2
2148;DEATH;Suicide;3;16;-309,40;0,3134;0,25;13;1;2;4
2149;DEATH;Suicide;3;25;-311,49;0,3131;0,28;17;3;1;2
2150;DEATH;Suicide;3;7;-296,46;0,3128;0,43;10;1;2;2
2151;DEATH;Suicide;3;8;-297,82;0,3125;0,38;12;1;3;4
2152;DEATH;Suicide;3;5;-295,49;0,3122;0,20;15;1;2;2
2153;DEATH;Suicide;3;4;-302,38;0,3119;0,75;10;0;1;2
2154;DEATH;Suicide;3;30;-300,44;0,3116;0,17;12;3;2;4
2155;DEATH;Suicide;3;4;-302,43;0,3113;0,50;10;0;1;2
2156;DEATH;Suicide;3;18;-307,57;0,3109;0,22;13;2;1;2
2157;DEATH;Suicide;3;28;-302,32;0,3106;0,29;14;4;2;4
2158;DEATH;Suicide;3;10;-297,94;0,3103;0,50;12;1;2;4
2159;DEATH;Suicide;3;24;-292,33;0,3100;0,21;14;5;5;8
2160;DEATH;Suicide;3;13;-289,17;0,3097;0,08;12;4;4;6
2161;DEATH;Suicide;3;14;-301,23;0,3094;0,29;10;2;3;6
2162;DEATH;Suicide;3;26;-298,35;0,3091;0,27;8;3;3;6
2163;DEATH;Suicide;3;5;-302,84;0,3088;0,40;9;0;2;2
2164;DEATH;Suicide;3;4;-302,43;0,3085;0,25;9;0;1;2
2165;DEATH;Suicide;3;4;-302,38;0,3082;0,25;7;0;2;2
2166;DEATH;Suicide;3;4;-302,38;0,3078;0,50;13;0;2;2
2167;DEATH;Suicide;3;10;-298,34;0,3075;0,20;9;1;2;2
2168;DEATH;Suicide;3;33;-319,27;0,3072;0,27;10;2;5;8
2169;DEATH;Suicide;3;40;-297,99;0,3069;0,25;11;8;7;12
2170;DEATH;Suicide;3;38;-313,82;0,3066;0,24;11;5;2;4
2171;DEATH;Suicide;3;44;-300,63;0,3063;0,30;13;9;4;6
2172;DEATH;Suicide;3;4;-302,38;0,3060;0,25;12;0;1;2
2173;DEATH;Suicide;3;15;-293,39;0,3057;0,33;9;2;3;6
2174;DEATH;Suicide;3;7;-297,76;0,3054;0,00;9;1;3;4
2175;DEATH;Suicide;3;9;-296,58;0,3051;0,56;14;1;1;2
2176;DEATH;Suicide;3;4;-302,38;0,3048;0,50;10;0;1;2
2177;DEATH;Suicide;3;4;-302,43;0,3045;0,25;8;0;2;2
2178;DEATH;Suicide;3;9;-305,28;0,3042;0,56;10;1;2;4
2179;DEATH;Suicide;3;4;-302,38;0,3039;0,50;9;0;1;2
2180;DEATH;Suicide;3;7;-303,06;0,3036;0,57;12;0;1;2
2181;DEATH;Suicide;3;4;-302,38;0,3033;0,25;9;0;1;2
2182;DEATH;Suicide;3;7;-292,76;0,3030;0,00;14;2;3;4
2183;DEATH;Suicide;3;6;-302,50;0,3027;0,50;12;0;2;2
2184;DEATH;Suicide;3;5;-302,44;0,3024;0,60;13;0;2;2
2185;DEATH;Suicide;3;4;-302,38;0,3021;0,50;13;0;1;2
2186;DEATH;Suicide;3;4;-302,38;0,3017;0,25;10;0;2;2
2187;DEATH;Suicide;3;27;-301,86;0,3014;0,19;9;6;5;10
2188;DEATH;Suicide;3;13;-300,67;0,3011;0,46;13;2;3;4
2189;DEATH;Suicide;3;35;-301,84;0,3008;0,29;10;4;4;6
2190;DEATH;Suicide;3;28;-298,72;0,3005;0,14;12;3;3;4
2191;DEATH;Suicide;3;39;-311,88;0,3002;0,36;10;4;2;2
2192;DEATH;Suicide;3;41;-306,95;0,2999;0,29;9;5;3;4
2193;DEATH;Suicide;3;13;-298,52;0,2996;0,38;14;2;2;4
2194;DEATH;Suicide;3;9;-293,68;0,2993;0,22;11;3;3;4
2195;DEATH;Suicide;3;5;-302,94;0,2990;0,40;11;0;2;2
2196;DEATH;Suicide;3;4;-302,43;0,2987;0,25;14;0;2;2
2197;DEATH;Suicide;3;19;-296,98;0,2984;0,53;14;4;2;4
2198;DEATH;Suicide;3;7;-292,76;0,2981;0,14;11;2;2;4
2199;DEATH;Suicide;3;6;-295,50;0,2978;0,17;10;1;1;2
2200;DEATH;Suicide;3;7;-304,76;0,2976;0,43;13;0;2;4
2201;DEATH;Suicide;3;12;-300,16;0,2973;0,17;8;2;4;6
2202;DEATH;Suicide;3;19;-296,28;0,2970;0,16;10;3;3;6
2203;DEATH;Suicide;3;14;-292,03;0,2967;0,43;12;3;2;4
2204;DEATH;Suicide;3;4;-302,38;0,2964;0,50;16;0;1;2
2205;DEATH;Suicide;3;8;-304,52;0,2961;0,25;11;0;1;2
2206;DEATH;Suicide;3;15;-300,84;0,2958;0,73;14;2;3;6
2207;DEATH;KilledByTarget;3;14;-107,63;0,2955;0,21;10;0;2;7
2208;DEATH;Suicide;3;9;-297,88;0,2952;0,11;9;1;3;4
2209;DEATH;Suicide;3;4;-302,43;0,2949;0,25;13;0;1;2
2210;DEATH;Suicide;3;47;-322,91;0,2946;0,26;11;5;3;6
2211;DEATH;Suicide;3;20;-299,89;0,2943;0,40;12;3;2;4
2212;DEATH;Suicide;3;17;-306,06;0,2940;0,41;12;2;1;2
2213;DEATH;Suicide;3;4;-302,43;0,2937;0,50;13;0;1;2
2214;DEATH;Suicide;3;26;-293,15;0,2934;0,19;10;5;5;10
2215;DEATH;Suicide;3;7;-292,76;0,2931;0,57;10;2;3;4
2216;DEATH;Suicide;3;21;-303,15;0,2928;0,29;13;1;2;4
2217;DEATH;Suicide;3;17;-294,36;0,2925;0,24;12;3;4;6
2218;DEATH;Suicide;3;4;-302,38;0,2922;0,75;14;0;1;2
2219;DEATH;Suicide;3;4;-302,38;0,2919;0,25;10;0;1;2
2220;DEATH;Suicide;3;19;-296,43;0,2917;0,37;15;3;4;6
2221;DEATH;Suicide;3;27;-305,16;0,2914;0,52;12;3;1;2
2222;DEATH;Suicide;3;16;-302,25;0,2911;0,13;14;2;2;2
2223;DEATH;Suicide;3;34;-309,23;0,2908;0,32;13;4;3;4
2224;WIN;None;3;39;-300,13;0,2905;0,26;10;4;3;4
2225;DEATH;Suicide;3;6;-302,55;0,2902;0,33;11;0;1;2
2226;DEATH;Suicide;3;4;-302,38;0,2899;0,25;12;0;1;2
2227;DEATH;Suicide;3;5;-295,44;0,2896;0,60;10;1;1;2
2228;DEATH;Suicide;3;7;-297,71;0,2893;0,29;11;1;3;4
2229;DEATH;Suicide;3;32;-330,51;0,2890;0,19;11;3;4;6
2230;DEATH;Suicide;3;4;-302,38;0,2888;0,25;11;0;2;2
2231;DEATH;Suicide;3;40;-290,54;0,2885;0,33;12;7;7;12
2232;DEATH;Suicide;3;26;-309,85;0,2882;0,19;10;4;1;2
2233;DEATH;Suicide;3;11;-292,25;0,2879;0,18;15;3;2;4
2234;DEATH;Suicide;3;13;-295,67;0,2876;0,31;14;2;3;6
2235;DEATH;Suicide;3;11;-299,15;0,2873;0,27;9;1;1;2
2236;DEATH;Suicide;3;5;-295,49;0,2870;0,60;14;1;1;2
2237;DEATH;Suicide;3;9;-297,63;0,2867;0,22;13;1;1;2
2238;DEATH;Suicide;3;40;-317,34;0,2865;0,23;9;2;1;2
2239;DEATH;Suicide;3;15;-306,19;0,2862;0,33;13;1;1;2
2240;DEATH;Suicide;3;5;-302,49;0,2859;0,20;11;0;2;2
2241;DEATH;Suicide;3;5;-302,49;0,2856;0,40;14;0;2;2
2242;DEATH;Suicide;3;43;-310,42;0,2853;0,33;8;2;6;10
2243;DEATH;Suicide;3;4;-302,43;0,2850;0,25;12;0;1;2
2244;DEATH;Suicide;3;4;-302,38;0,2847;1,00;10;0;2;2
2245;DEATH;Suicide;3;5;-302,89;0,2845;0,40;18;0;1;2
2246;DEATH;Suicide;3;4;-302,33;0,2842;0,75;16;0;1;2
2247;DEATH;Suicide;3;7;-297,71;0,2839;0,29;12;1;2;4
2248;DEATH;Suicide;3;20;-301,94;0,2836;0,30;11;4;1;2
2249;DEATH;Suicide;3;27;-295,16;0,2833;0,37;15;4;3;4
2250;DEATH;Suicide;3;4;-302,43;0,2830;0,50;14;0;1;2
2251;DEATH;Suicide;3;8;-293,22;0,2828;0,25;12;2;2;4
2252;DEATH;Suicide;3;5;-302,44;0,2825;0,40;15;0;2;2
2253;DEATH;Suicide;3;9;-296,63;0,2822;0,44;13;1;2;2
2254;DEATH;Suicide;3;29;-301,58;0,2819;0,24;13;5;2;4
2255;DEATH;Suicide;3;11;-294,90;0,2816;0,18;14;3;2;4
2256;DEATH;Suicide;3;5;-302,94;0,2813;0,40;14;0;1;2
2257;DEATH;Suicide;3;19;-307,63;0,2811;0,26;7;0;1;2
2258;DEATH;Suicide;3;4;-302,38;0,2808;0,25;17;0;1;2
2259;DEATH;Suicide;3;4;-302,38;0,2805;0,25;9;0;2;2
2260;DEATH;Suicide;3;35;-302,29;0,2802;0,20;15;5;3;6
2261;DEATH;Suicide;3;18;-307,47;0,2799;0,33;9;1;1;2
2262;DEATH;Suicide;3;11;-300,55;0,2797;0,36;13;1;4;6
2263;DEATH;Suicide;3;9;-297,78;0,2794;0,11;7;1;2;4
2264;DEATH;Suicide;3;10;-300,09;0,2791;0,20;7;1;3;6
2265;DEATH;Suicide;3;14;-306,28;0,2788;0,21;15;2;1;2
2266;DEATH;Suicide;3;4;-302,38;0,2785;0,25;12;0;1;2
2267;DEATH;Suicide;3;16;-303,00;0,2783;0,38;14;2;5;8
2268;DEATH;Suicide;3;36;-300,65;0,2780;0,33;9;4;3;4
2269;DEATH;Suicide;3;9;-304,08;0,2777;0,56;19;1;1;2
2270;DEATH;Suicide;3;7;-292,76;0,2774;0,29;10;2;2;4
2271;DEATH;Suicide;3;12;-298,21;0,2771;0,33;14;2;1;2
2272;DEATH;Suicide;3;10;-297,14;0,2769;0,50;10;2;1;2
2273;DEATH;Suicide;3;7;-303,06;0,2766;0,43;11;0;1;2
2274;DEATH;Suicide;3;7;-297,76;0,2763;0,14;11;1;3;4
2275;DEATH;Suicide;3;5;-302,39;0,2760;0,80;14;0;1;2
2276;DEATH;Suicide;3;4;-302,38;0,2758;0,25;13;0;1;2
2277;DEATH;Suicide;3;9;-304,88;0,2755;0,22;11;1;3;4
2278;DEATH;Suicide;3;8;-296,92;0,2752;0,38;13;1;2;2
2279;DEATH;Suicide;3;4;-302,38;0,2749;0,50;7;0;1;2
2280;DEATH;Suicide;3;7;-292,76;0,2747;0,29;16;2;3;4
2281;DEATH;Suicide;3;4;-302,38;0,2744;0,00;11;0;1;2
2282;DEATH;Suicide;3;4;-302,38;0,2741;0,00;13;0;1;2
2283;DEATH;Suicide;3;4;-302,38;0,2738;0,25;15;0;1;2
2284;DEATH;Suicide;3;7;-304,71;0,2736;0,14;9;0;3;4
2285;DEATH;Suicide;3;4;-302,38;0,2733;0,25;11;0;1;2
2286;DEATH;Suicide;3;23;-282,42;0,2730;0,22;13;4;3;6
2287;DEATH;Suicide;3;18;-308,02;0,2727;0,33;13;0;1;2
2288;DEATH;Suicide;3;4;-302,38;0,2725;0,25;10;0;2;2
2289;DEATH;Suicide;3;41;-334,05;0,2722;0,15;13;4;3;4
2290;DEATH;Suicide;3;7;-297,71;0,2719;0,00;8;1;3;4
2291;DEATH;Suicide;3;66;-344,50;0,2717;0,27;14;7;2;4
2292;DEATH;Suicide;3;8;-293,27;0,2714;0,25;9;2;2;4
2293;DEATH;Suicide;3;5;-302,89;0,2711;0,80;9;0;1;2
2294;DEATH;Suicide;3;4;-302,38;0,2708;0,75;12;0;2;2
2295;DEATH;Suicide;3;24;-303,78;0,2706;0,21;12;4;2;4
2296;DEATH;Suicide;3;23;-299,62;0,2703;0,30;13;4;2;4
2297;DEATH;Suicide;3;15;-302,99;0,2700;0,13;9;1;5;8
2298;DEATH;Suicide;3;4;-302,38;0,2698;0,25;12;0;1;2
2299;DEATH;Suicide;3;20;-287,54;0,2695;0,45;11;5;3;6
2300;DEATH;Suicide;3;9;-303,58;0,2692;0,22;11;1;2;2
2301;DEATH;Suicide;3;25;-302,99;0,2690;0,20;13;4;2;4
2302;DEATH;Suicide;3;7;-304,71;0,2687;0,43;10;0;2;4
2303;DEATH;Suicide;3;7;-292,76;0,2684;0,00;12;2;3;4
2304;DEATH;Suicide;3;27;-304,26;0,2681;0,41;16;4;1;2
2305;DEATH;Suicide;3;20;-303,99;0,2679;0,35;11;2;3;4
2306;DEATH;Suicide;3;37;-325,96;0,2676;0,16;7;3;3;6
2307;DEATH;Suicide;3;9;-304,03;0,2673;0,33;10;1;1;2
2308;DEATH;Suicide;3;11;-298,85;0,2671;0,55;11;2;2;4
2309;DEATH;Suicide;3;4;-302,38;0,2668;0,25;10;0;2;2
2310;DEATH;Suicide;3;4;-302,43;0,2665;0,00;15;0;2;2
2311;DEATH;Suicide;3;4;-302,38;0,2663;0,25;10;0;1;2
2312;DEATH;Suicide;3;4;-302,43;0,2660;0,25;9;0;1;2
2313;DEATH;Suicide;3;7;-304,71;0,2657;0,29;5;0;2;4
2314;DEATH;Suicide;3;8;-298,22;0,2655;0,00;14;1;3;4
2315;DEATH;Suicide;3;13;-294,12;0,2652;0,23;13;2;3;6
2316;DEATH;Suicide;3;16;-296,50;0,2649;0,25;14;3;3;4
2317;DEATH;Suicide;3;4;-302,43;0,2647;0,25;7;0;2;2
2318;DEATH;Suicide;3;12;-294,36;0,2644;0,33;8;2;2;4
2319;DEATH;Suicide;3;8;-295,62;0,2642;0,50;11;1;1;2
2320;DEATH;Suicide;3;23;-304,37;0,2639;0,35;11;4;4;8
2321;DEATH;Suicide;3;8;-293,22;0,2636;0,50;11;2;2;4
2322;DEATH;Suicide;3;4;-302,43;0,2634;0,50;9;0;1;2
2323;DEATH;Suicide;3;4;-302,43;0,2631;0,50;9;0;2;2
2324;DEATH;Suicide;3;21;-302,90;0,2628;0,24;14;4;2;4
2325;DEATH;Suicide;3;4;-302,38;0,2626;0,25;10;0;2;2
2326;DEATH;Suicide;3;46;-316,45;0,2623;0,26;10;3;2;4
2327;DEATH;Suicide;3;7;-297,71;0,2620;0,14;11;1;2;4
2328;DEATH;Suicide;3;14;-306,68;0,2618;0,29;8;1;2;2
2329;DEATH;Suicide;3;4;-302,43;0,2615;0,25;12;0;2;2
2330;DEATH;Suicide;3;31;-298,20;0,2613;0,45;12;5;2;4
2331;DEATH;Suicide;3;57;-336,11;0,2610;0,19;10;5;1;2
2332;DEATH;Suicide;3;32;-311,96;0,2607;0,16;12;2;1;2
2333;DEATH;Suicide;3;14;-307,58;0,2605;0,36;11;1;1;2
2334;DEATH;Suicide;3;5;-295,39;0,2602;0,40;14;1;1;2
2335;DEATH;Suicide;3;14;-301,53;0,2600;0,21;13;1;1;2
2336;DEATH;Suicide;3;10;-305,79;0,2597;0,50;9;0;3;4
2337;DEATH;Suicide;3;7;-292,71;0,2594;0,14;18;2;3;4
2338;DEATH;Suicide;3;4;-302,38;0,2592;0,25;15;0;1;2
2339;DEATH;Suicide;3;6;-302,95;0,2589;0,33;10;0;1;2
2340;DEATH;Suicide;3;5;-295,44;0,2587;0,40;11;1;1;2
2341;DEATH;Suicide;3;15;-301,19;0,2584;0,20;7;2;2;4
2342;DEATH;Suicide;3;9;-291,98;0,2581;0,44;14;3;2;2
2343;DEATH;Suicide;3;4;-302,38;0,2579;0,25;8;0;1;2
2344;DEATH;Suicide;3;10;-286,34;0,2576;0,40;10;3;3;4
2345;DEATH;Suicide;3;24;-306,43;0,2574;0,17;17;3;1;2
2346;DEATH;Suicide;3;7;-292,76;0,2571;0,14;14;2;3;4
2347;DEATH;Suicide;3;7;-297,71;0,2569;0,29;12;1;2;4
2348;DEATH;Suicide;3;11;-300,05;0,2566;0,27;9;1;3;6
2349;DEATH;Suicide;3;9;-304,83;0,2563;0,22;10;1;2;4
2350;DEATH;Suicide;3;9;-292,78;0,2561;0,33;13;2;2;4
2351;DEATH;Suicide;3;7;-297,66;0,2558;0,14;14;1;3;4
2352;DEATH;Suicide;3;7;-292,71;0,2556;0,14;10;2;2;4
2353;DEATH;Suicide;3;8;-290,62;0,2553;0,25;11;2;1;2
2354;DEATH;Suicide;3;7;-304,71;0,2551;0,14;8;0;3;4
2355;DEATH;Suicide;3;24;-311,93;0,2548;0,21;11;1;1;2
2356;DEATH;Suicide;3;9;-297,83;0,2546;0,22;7;1;3;4
2357;DEATH;Suicide;3;27;-308,91;0,2543;0,30;11;1;1;2
2358;DEATH;Suicide;3;10;-295,04;0,2540;0,10;10;2;4;6
2359;DEATH;Suicide;3;7;-303,01;0,2538;0,57;8;0;1;2
2360;DEATH;Suicide;3;4;-302,43;0,2535;0,50;12;0;1;2
2361;DEATH;Suicide;3;7;-297,71;0,2533;0,14;12;1;2;4
2362;DEATH;Suicide;3;6;-295,95;0,2530;0,67;13;1;1;2
2363;DEATH;Suicide;3;11;-297,95;0,2528;0,27;9;2;2;4
2364;DEATH;Suicide;3;10;-290,84;0,2525;0,30;15;2;3;4
2365;DEATH;Suicide;3;7;-304,71;0,2523;0,00;11;0;2;4
2366;DEATH;Suicide;3;6;-302,50;0,2520;0,17;11;0;1;2
2367;DEATH;Suicide;3;5;-295,44;0,2518;0,60;11;1;1;2
2368;DEATH;Suicide;3;5;-302,44;0,2515;0,20;11;0;2;2
2369;DEATH;Suicide;3;14;-298,28;0,2513;0,21;12;2;1;2
2370;DEATH;Suicide;3;19;-306,23;0,2510;0,26;15;2;1;2
2371;DEATH;Suicide;3;23;-300,52;0,2508;0,17;10;4;6;10
2372;DEATH;Suicide;3;14;-306,23;0,2505;0,14;15;1;1;2
2373;DEATH;Suicide;3;29;-314,03;0,2503;0,17;12;3;2;2
2374;DEATH;Suicide;3;4;-302,43;0,2500;0,50;8;0;1;2
2375;DEATH;Suicide;3;13;-305,17;0,2498;0,23;10;1;2;2
2376;DEATH;Suicide;3;9;-293,73;0,2495;0,11;18;3;3;4
2377;DEATH;Suicide;3;47;-307,11;0,2493;0,26;10;5;6;10
2378;DEATH;Suicide;3;6;-290,50;0,2490;0,17;9;2;1;2
2379;DEATH;Suicide;3;4;-302,38;0,2488;0,25;11;0;1;2
2380;DEATH;Suicide;3;8;-304,82;0,2485;0,13;10;0;2;4
2381;DEATH;Suicide;3;7;-292,71;0,2483;0,00;13;2;2;4
2382;DEATH;Suicide;3;14;-287,53;0,2480;0,29;14;3;3;4
2383;DEATH;Suicide;3;18;-278,02;0,2478;0,06;13;5;4;8
2384;DEATH;Suicide;3;18;-299,37;0,2475;0,39;13;4;2;2
2385;DEATH;Suicide;3;6;-296,00;0,2473;0,33;11;1;1;2
2386;DEATH;Suicide;3;6;-295,95;0,2470;0,50;10;1;2;2
2387;DEATH;Suicide;3;7;-297,71;0,2468;0,29;9;1;2;4
2388;DEATH;Suicide;3;4;-302,38;0,2465;0,50;10;0;2;2
2389;DEATH;Suicide;3;4;-302,38;0,2463;0,50;10;0;1;2
2390;DEATH;Suicide;3;7;-297,66;0,2460;0,00;15;1;2;4
2391;DEATH;Suicide;3;4;-302,38;0,2458;0,25;10;0;1;2
2392;DEATH;Suicide;3;11;-305,40;0,2455;0,45;11;1;1;2
2393;DEATH;Suicide;3;20;-310,84;0,2453;0,15;14;2;1;2
2394;DEATH;Suicide;3;30;-314,59;0,2451;0,10;9;3;2;4
2395;DEATH;Suicide;3;9;-293,73;0,2448;0,22;12;3;3;4
2396;DEATH;Suicide;3;14;-300,48;0,2446;0,29;12;3;2;4
2397;DEATH;Suicide;3;4;-302,38;0,2443;0,50;12;0;1;2
2398;DEATH;Suicide;3;12;-300,56;0,2441;0,17;9;2;2;4
2399;DEATH;Suicide;3;6;-303,40;0,2438;0,33;11;0;1;2
2400;DEATH;Suicide;3;4;-302,43;0,2436;0,25;12;0;2;2
2401;DEATH;Suicide;3;4;-302,38;0,2433;0,50;11;0;1;2
2402;DEATH;Suicide;3;27;-300,91;0,2431;0,11;13;4;5;8
2403;DEATH;Suicide;3;13;-293,32;0,2429;0,54;7;3;1;2
2404;DEATH;Suicide;3;20;-309,34;0,2426;0,25;17;2;1;2
2405;DEATH;Suicide;3;59;-325,98;0,2424;0,17;15;7;3;4
2406;DEATH;Suicide;3;5;-302,89;0,2421;0,60;17;0;1;2
2407;DEATH;Suicide;3;8;-304,77;0,2419;0,25;11;0;2;4
2408;DEATH;Suicide;3;8;-296,92;0,2416;0,25;15;1;1;2
2409;DEATH;Suicide;3;4;-302,38;0,2414;0,25;10;0;2;2
2410;DEATH;Suicide;3;41;-295,15;0,2412;0,34;13;5;3;6
2411;DEATH;Suicide;3;4;-302,38;0,2409;0,25;15;0;2;2
2412;DEATH;Suicide;3;5;-302,49;0,2407;0,40;13;0;2;2
2413;DEATH;Suicide;3;5;-302,44;0,2404;0,60;13;0;1;2
2414;DEATH;Suicide;3;4;-302,38;0,2402;0,25;10;0;1;2
2415;DEATH;Suicide;3;10;-302,74;0,2400;0,30;13;0;1;2
2416;DEATH;Suicide;3;12;-295,56;0,2397;0,25;12;3;2;4
2417;DEATH;Suicide;3;7;-297,76;0,2395;0,29;11;1;3;4
2418;DEATH;Suicide;3;4;-302,43;0,2392;0,00;8;0;2;2
2419;DEATH;Suicide;3;7;-296,01;0,2390;0,29;9;1;1;2
2420;DEATH;Suicide;3;33;-325,07;0,2388;0,09;8;2;2;2
2421;DEATH;Suicide;3;11;-299,25;0,2385;0,27;10;2;2;4
2422;DEATH;Suicide;3;14;-292,78;0,2383;0,36;13;4;1;2
2423;DEATH;Suicide;3;9;-297,53;0,2380;0,22;14;1;1;2
2424;DEATH;Suicide;3;4;-302,43;0,2378;0,50;14;0;1;2
2425;DEATH;Suicide;3;22;-319,76;0,2376;0,27;14;3;2;2
2426;DEATH;Suicide;3;4;-302,38;0,2373;0,25;11;0;2;2
2427;DEATH;Suicide;3;10;-293,04;0,2371;0,10;9;2;3;6
2428;DEATH;Suicide;3;8;-304,02;0,2369;0,38;16;0;1;2
2429;DEATH;Suicide;3;6;-290,50;0,2366;0,33;14;2;2;2
2430;DEATH;Suicide;3;19;-309,23;0,2364;0,11;13;3;1;2
2431;DEATH;Suicide;3;33;-300,07;0,2362;0,24;15;6;3;6
2432;DEATH;Suicide;3;21;-291,65;0,2359;0,19;11;5;2;4
2433;DEATH;Suicide;3;4;-302,38;0,2357;0,00;13;0;1;2
2434;DEATH;Suicide;3;4;-302,38;0,2354;0,00;9;0;2;2
2435;DEATH;Suicide;3;7;-292,71;0,2352;0,00;13;2;2;4
2436;DEATH;Suicide;3;13;-298,97;0,2350;0,23;11;2;1;2
2437;DEATH;Suicide;3;9;-303,18;0,2347;0,56;9;1;1;2
2438;DEATH;Suicide;3;10;-299,24;0,2345;0,20;15;3;2;4
2439;DEATH;Suicide;3;6;-290,50;0,2343;0,17;10;2;1;2
2440;DEATH;Suicide;3;4;-302,43;0,2340;0,00;14;0;2;2
2441;DEATH;Suicide;3;4;-302,43;0,2338;0,50;11;0;2;2
2442;DEATH;Suicide;3;15;-286,79;0,2336;0,13;11;3;4;6
2443;DEATH;Suicide;3;16;-288,80;0,2333;0,13;13;4;3;4
2444;DEATH;Suicide;3;13;-296,82;0,2331;0,46;14;1;1;2
2445;DEATH;Suicide;3;25;-302,14;0,2329;0,24;12;6;2;2
2446;DEATH;Suicide;3;5;-302,89;0,2326;0,40;16;0;1;2
2447;DEATH;Suicide;3;6;-295,90;0,2324;0,33;8;1;2;2
2448;DEATH;Suicide;3;14;-299,13;0,2322;0,21;15;2;2;2
2449;DEATH;Suicide;3;5;-302,44;0,2319;0,40;7;0;1;2
2450;DEATH;Suicide;3;14;-292,08;0,2317;0,50;9;3;2;4
2451;DEATH;Suicide;3;28;-313,42;0,2315;0,25;18;2;1;2
2452;DEATH;Suicide;3;29;-322,93;0,2312;0,21;9;2;1;2
2453;DEATH;Suicide;3;4;-302,43;0,2310;0,25;13;0;2;2
2454;DEATH;Suicide;3;10;-298,39;0,2308;0,20;10;1;2;4
2455;DEATH;Suicide;3;9;-297,83;0,2305;0,22;11;1;2;4
2456;DEATH;Suicide;3;4;-302,38;0,2303;0,25;11;0;1;2
2457;DEATH;Suicide;3;4;-302,38;0,2301;0,00;11;0;1;2
2458;DEATH;Suicide;3;4;-302,38;0,2299;0,00;12;0;1;2
2459;DEATH;Suicide;3;9;-293,78;0,2296;0,22;11;3;3;4
2460;DEATH;Suicide;3;9;-292,03;0,2294;0,11;15;3;1;2
2461;DEATH;Suicide;3;6;-302,50;0,2292;0,33;13;0;2;2
2462;DEATH;Suicide;3;19;-303,58;0,2289;0,26;12;2;1;2
2463;DEATH;Suicide;3;6;-302,50;0,2287;0,17;10;0;1;2
2464;DEATH;Suicide;3;4;-302,38;0,2285;0,25;9;0;1;2
2465;DEATH;Suicide;3;7;-296,51;0,2283;0,43;16;1;2;2
2466;DEATH;Suicide;3;5;-302,94;0,2280;0,00;7;0;2;2
2467;DEATH;Suicide;3;21;-300,60;0,2278;0,38;12;3;1;2
2468;DEATH;Suicide;3;9;-296,53;0,2276;0,22;15;2;2;2
2469;DEATH;Suicide;3;14;-298,18;0,2273;0,29;12;1;2;2
2470;DEATH;Suicide;3;14;-293,73;0,2271;0,29;11;4;3;6
2471;DEATH;Suicide;3;13;-296,17;0,2269;0,15;11;3;2;4
2472;DEATH;Suicide;3;5;-302,44;0,2267;0,00;13;0;1;2
2473;DEATH;Suicide;3;6;-290,50;0,2264;0,50;15;2;1;2
2474;DEATH;Suicide;3;7;-296,01;0,2262;0,14;8;1;1;2
2475;DEATH;Suicide;3;5;-302,39;0,2260;0,00;10;0;2;2
2476;DEATH;Suicide;3;7;-296,01;0,2258;0,14;10;1;1;2
2477;DEATH;Suicide;3;6;-290,50;0,2255;0,17;17;2;1;2
2478;DEATH;Suicide;3;9;-304,83;0,2253;0,22;8;1;2;4
2479;DEATH;Suicide;3;7;-304,71;0,2251;0,14;10;0;3;4
2480;DEATH;Suicide;3;4;-302,38;0,2249;0,50;9;0;1;2
2481;DEATH;Suicide;3;4;-302,38;0,2246;0,00;13;0;2;2
2482;DEATH;Suicide;3;7;-296,01;0,2244;0,29;11;1;2;2
2483;DEATH;Suicide;3;11;-295,80;0,2242;0,36;9;2;1;2
2484;DEATH;Suicide;3;31;-309,25;0,2240;0,19;11;3;3;6
2485;DEATH;KilledByTarget;3;68;-111,82;0,2237;0,21;11;9;3;9
2486;DEATH;Suicide;3;11;-296,70;0,2235;0,27;8;2;2;2
2487;DEATH;Suicide;3;4;-302,43;0,2233;0,50;14;0;1;2
2488;DEATH;Suicide;3;9;-297,43;0,2231;0,22;14;1;1;2
2489;DEATH;Suicide;3;25;-307,89;0,2228;0,20;13;3;1;2
2490;DEATH;Suicide;3;21;-305,35;0,2226;0,19;12;3;1;2
2491;DEATH;Suicide;3;16;-303,40;0,2224;0,31;13;2;3;4
2492;DEATH;Suicide;3;7;-291,01;0,2222;0,43;10;2;1;2
2493;DEATH;Suicide;3;31;-323,95;0,2219;0,10;13;3;1;2
2494;DEATH;Suicide;3;8;-296,02;0,2217;0,13;11;1;1;2
2495;DEATH;Suicide;3;13;-301,02;0,2215;0,23;12;2;1;2
2496;DEATH;Suicide;3;7;-296,46;0,2213;0,43;16;1;2;2
2497;DEATH;Suicide;3;4;-302,38;0,2211;0,00;11;0;1;2
2498;DEATH;Suicide;3;4;-302,43;0,2208;0,75;13;0;1;2
2499;DEATH;Suicide;3;4;-302,38;0,2206;0,50;9;0;1;2
2500;DEATH;Suicide;3;19;-316,18;0,2204;0,11;9;0;2;2
2501;DEATH;Suicide;3;9;-292,03;0,2202;0,11;13;3;1;2
2502;DEATH;Suicide;3;4;-302,43;0,2200;0,00;13;0;2;2
2503;DEATH;Suicide;3;5;-302,89;0,2197;0,20;15;0;1;2
2504;DEATH;Suicide;3;20;-316,19;0,2195;0,45;14;2;1;2
2505;DEATH;Suicide;3;6;-295,50;0,2193;0,17;11;1;1;2
2506;DEATH;Suicide;3;14;-289,18;0,2191;0,29;11;5;3;6
2507;DEATH;Suicide;3;8;-304,82;0,2189;0,38;8;0;2;4
2508;DEATH;Suicide;3;36;-315,45;0,2186;0,19;16;4;1;2
2509;DEATH;Suicide;3;12;-291,91;0,2184;0,25;9;2;2;4
2510;DEATH;Suicide;3;16;-310,40;0,2182;0,19;7;1;1;2
2511;DEATH;Suicide;3;27;-317,06;0,2180;0,15;13;2;3;4
2512;DEATH;Suicide;3;8;-303,52;0,2178;0,13;8;0;1;2
2513;DEATH;Suicide;3;43;-307,92;0,2176;0,19;14;7;4;6
2514;DEATH;Suicide;3;6;-295,50;0,2173;0,00;11;1;1;2
2515;DEATH;Suicide;3;15;-306,49;0,2171;0,33;11;1;2;2
2516;DEATH;Suicide;3;9;-298,23;0,2169;0,22;15;2;2;4
2517;DEATH;Suicide;3;14;-294,23;0,2167;0,21;11;3;3;6
2518;DEATH;Suicide;3;32;-304,56;0,2165;0,31;13;5;3;4
2519;DEATH;Suicide;3;23;-303,42;0,2162;0,17;12;3;2;2
2520;DEATH;Suicide;3;4;-302,43;0,2160;0,25;13;0;1;2
2521;DEATH;Suicide;3;35;-321,19;0,2158;0,11;13;3;2;4
2522;DEATH;Suicide;3;63;-320,37;0,2156;0,21;13;7;3;6
2523;DEATH;Suicide;3;7;-303,01;0,2154;0,29;19;0;1;2
2524;DEATH;Suicide;3;7;-304,76;0,2152;0,43;9;0;2;4
2525;DEATH;Suicide;3;9;-297,83;0,2150;0,00;11;1;2;4
2526;DEATH;Suicide;3;12;-305,66;0,2147;0,08;10;2;1;2
2527;DEATH;Suicide;3;4;-302,38;0,2145;0,00;11;0;1;2
2528;DEATH;Suicide;3;4;-302,43;0,2143;0,50;15;0;1;2
2529;DEATH;Suicide;3;4;-302,38;0,2141;0,00;13;0;1;2
2530;DEATH;Suicide;3;7;-296,01;0,2139;0,14;13;1;1;2
2531;DEATH;Suicide;3;5;-302,89;0,2137;0,20;7;0;2;2
2532;DEATH;Suicide;3;4;-302,43;0,2135;0,50;11;0;1;2
2533;DEATH;Suicide;3;7;-304,76;0,2132;0,29;6;0;2;4
2534;DEATH;Suicide;3;28;-316,12;0,2130;0,21;9;3;2;4
2535;DEATH;Suicide;3;4;-302,43;0,2128;0,25;9;0;1;2
2536;DEATH;Suicide;3;23;-303,42;0,2126;0,17;9;5;3;4
2537;DEATH;Suicide;3;7;-296,06;0,2124;0,14;14;1;1;2
2538;DEATH;Suicide;3;10;-293,34;0,2122;0,20;12;3;3;4
2539;DEATH;Suicide;3;4;-302,38;0,2120;0,25;9;0;1;2
2540;DEATH;Suicide;3;4;-302,38;0,2118;0,00;9;0;1;2
2541;DEATH;Suicide;3;4;-302,43;0,2115;0,00;9;0;2;2
2542;DEATH;Suicide;3;4;-302,38;0,2113;0,50;12;0;1;2
2543;DEATH;Suicide;3;16;-296,05;0,2111;0,13;11;3;4;8
2544;DEATH;Suicide;3;5;-302,89;0,2109;0,40;13;0;1;2
2545;DEATH;Suicide;3;18;-300,87;0,2107;0,28;12;2;1;2
2546;DEATH;Suicide;3;4;-302,38;0,2105;0,25;16;0;1;2
2547;DEATH;Suicide;3;10;-293,04;0,2103;0,20;7;2;3;6
2548;DEATH;Suicide;3;33;-311,97;0,2101;0,21;15;3;3;4
2549;DEATH;Suicide;3;7;-292,71;0,2099;0,14;11;2;2;4
2550;DEATH;Suicide;3;16;-293,95;0,2096;0,13;14;4;2;4
2551;DEATH;Suicide;3;5;-302,39;0,2094;0,00;7;0;2;2
2552;DEATH;Suicide;3;10;-296,64;0,2092;0,30;11;2;1;2
2553;DEATH;Suicide;3;95;-332,04;0,2090;0,23;14;11;1;2
2554;DEATH;Suicide;3;97;-378,66;0,2088;0,22;12;8;2;2
2555;DEATH;Suicide;3;4;-302,38;0,2086;0,00;13;0;1;2
2556;DEATH;Suicide;3;7;-292,71;0,2084;0,00;10;2;2;4
2557;DEATH;Suicide;3;7;-292,71;0,2082;0,14;13;2;2;4
2558;DEATH;Suicide;3;4;-302,38;0,2080;0,25;15;0;1;2
2559;DEATH;Suicide;3;8;-297,02;0,2078;0,50;9;1;1;2
2560;DEATH;Suicide;3;5;-302,44;0,2076;0,00;7;0;2;2
2561;DEATH;Suicide;3;4;-302,38;0,2074;0,25;15;0;1;2
2562;DEATH;Suicide;3;4;-302,38;0,2071;0,25;5;0;1;2
2563;DEATH;Suicide;3;5;-302,89;0,2069;0,40;13;0;1;2
2564;DEATH;Suicide;3;18;-297,52;0,2067;0,17;9;2;2;4
2565;DEATH;Suicide;3;41;-296,85;0,2065;0,20;10;4;4;6
2566;DEATH;Suicide;3;4;-302,38;0,2063;0,00;15;0;1;2
2567;DEATH;Suicide;3;9;-304,03;0,2061;0,00;14;1;1;2
2568;DEATH;Suicide;3;7;-292,71;0,2059;0,29;16;2;2;4
2569;DEATH;Suicide;3;5;-295,39;0,2057;0,20;12;1;2;2
2570;DEATH;Suicide;3;11;-305,85;0,2055;0,18;8;0;2;2
2571;DEATH;Suicide;3;5;-302,44;0,2053;0,00;9;0;2;2
2572;DEATH;Suicide;3;5;-295,44;0,2051;0,60;13;1;1;2
2573;DEATH;Suicide;3;9;-297,03;0,2049;0,00;9;2;1;2
2574;DEATH;Suicide;3;8;-290,77;0,2047;0,38;13;2;2;4
2575;DEATH;Suicide;3;18;-301,72;0,2045;0,22;13;2;1;2
2576;DEATH;Suicide;3;8;-296,97;0,2043;0,50;13;1;1;2
2577;DEATH;Suicide;3;28;-312,42;0,2041;0,18;11;3;4;6
2578;DEATH;Suicide;3;7;-297,71;0,2039;0,29;7;1;2;4
2579;DEATH;Suicide;3;4;-302,38;0,2037;0,25;10;0;1;2
2580;DEATH;Suicide;3;6;-290,50;0,2034;0,00;10;2;1;2
2581;DEATH;Suicide;3;7;-297,71;0,2032;0,00;14;1;2;4
2582;DEATH;Suicide;3;5;-302,89;0,2030;0,40;11;0;1;2
2583;DEATH;Suicide;3;5;-302,89;0,2028;0,20;13;0;1;2
2584;DEATH;Suicide;3;16;-295,50;0,2026;0,13;12;4;2;4
2585;DEATH;Suicide;3;4;-302,43;0,2024;0,50;8;0;2;2
2586;DEATH;Suicide;3;5;-295,39;0,2022;0,20;19;1;1;2
2587;DEATH;Suicide;3;4;-302,38;0,2020;0,50;10;0;1;2
2588;DEATH;Suicide;3;4;-302,38;0,2018;0,00;13;0;2;2
2589;DEATH;Suicide;3;4;-302,38;0,2016;0,25;10;0;1;2
2590;DEATH;Suicide;3;5;-302,39;0,2014;0,40;11;0;1;2
2591;DEATH;Suicide;3;4;-302,38;0,2012;0,50;7;0;2;2
2592;DEATH;Suicide;3;4;-302,38;0,2010;0,50;12;0;2;2
2593;DEATH;Suicide;3;19;-302,63;0,2008;0,11;11;2;1;2
2594;DEATH;Suicide;3;13;-291,47;0,2006;0,15;12;3;2;4
2595;DEATH;Suicide;3;7;-297,71;0,2004;0,14;12;1;2;4
2596;DEATH;Suicide;3;17;-302,01;0,2002;0,18;12;2;2;4
2597;DEATH;Suicide;3;4;-302,43;0,2000;0,75;13;0;1;2
2598;DEATH;Suicide;3;4;-302,38;0,1998;0,00;10;0;1;2
2599;DEATH;Suicide;3;27;-294,71;0,1996;0,37;11;4;5;10
2600;DEATH;Suicide;3;10;-296,19;0,1994;0,20;13;1;2;2
2601;DEATH;Suicide;3;32;-305,56;0,1992;0,09;13;3;1;2
2602;DEATH;Suicide;3;9;-291,13;0,1990;0,11;13;3;1;2
2603;DEATH;Suicide;3;6;-290,50;0,1988;0,33;14;2;1;2
2604;DEATH;Suicide;3;6;-295,50;0,1986;0,00;13;1;1;2
2605;DEATH;Suicide;3;4;-302,38;0,1984;0,00;8;0;1;2
2606;DEATH;Suicide;3;4;-302,38;0,1982;0,25;13;0;2;2
2607;DEATH;Suicide;3;7;-297,71;0,1980;0,00;13;1;2;4
2608;DEATH;Suicide;3;48;-315,62;0,1978;0,21;12;7;2;4
2609;DEATH;Suicide;3;4;-302,38;0,1976;0,25;14;0;2;2
2610;DEATH;Suicide;3;4;-302,38;0,1974;0,25;12;0;2;2
2611;DEATH;Suicide;3;4;-302,38;0,1972;0,50;15;0;1;2
2612;DEATH;Suicide;3;10;-305,34;0,1970;0,40;4;0;2;4
2613;DEATH;Suicide;3;38;-323,07;0,1968;0,18;10;4;2;2
2614;DEATH;Suicide;3;11;-300,15;0,1966;0,09;8;1;3;6
2615;DEATH;Suicide;3;29;-294,93;0,1964;0,24;9;5;6;12
2616;DEATH;Suicide;3;100;-380,99;0,1962;0,14;9;7;2;4
2617;DEATH;Suicide;3;10;-304,54;0,1961;0,20;8;0;1;2
2618;DEATH;Suicide;3;11;-298,35;0,1959;0,09;9;2;1;2
2619;DEATH;Suicide;3;23;-307,62;0,1957;0,09;14;2;1;2
2620;WIN;None;3;47;-299,11;0,1955;0,23;10;7;4;8
2621;DEATH;Suicide;3;4;-302,43;0,1953;0,75;11;0;2;2
2622;DEATH;Suicide;3;9;-303,63;0,1951;0,44;13;0;2;2
2623;DEATH;Suicide;3;6;-303,40;0,1949;0,33;12;0;1;2
2624;DEATH;Suicide;3;57;-351,11;0,1947;0,14;13;4;1;2
2625;DEATH;Suicide;3;8;-304,72;0,1945;0,00;11;0;3;4
2626;DEATH;Suicide;3;7;-297,71;0,1943;0,00;11;1;2;4
2627;DEATH;Suicide;3;26;-297,15;0,1941;0,27;9;4;3;6
2628;DEATH;Suicide;3;16;-306,85;0,1939;0,00;10;1;2;2
2629;DEATH;Suicide;3;12;-298,46;0,1937;0,17;13;2;2;4
2630;DEATH;Suicide;3;34;-317,48;0,1935;0,18;16;4;1;2
2631;DEATH;Suicide;3;8;-298,22;0,1933;0,38;10;1;2;4
2632;DEATH;Suicide;3;7;-297,71;0,1931;0,00;13;1;2;4
2633;DEATH;Suicide;3;6;-302,55;0,1929;0,33;8;0;1;2
2634;DEATH;Suicide;3;6;-295,90;0,1927;0,17;13;1;1;2
2635;DEATH;Suicide;3;7;-292,71;0,1926;0,00;16;2;2;4
2636;WIN;None;3;68;-332,62;0,1924;0,10;11;6;1;2
2637;DEATH;Suicide;3;15;-298,19;0,1922;0,13;11;3;2;4
2638;DEATH;Suicide;3;5;-302,94;0,1920;0,40;14;0;1;2
2639;DEATH;Suicide;3;4;-302,38;0,1918;0,25;16;0;1;2
2640;DEATH;Suicide;3;4;-302,43;0,1916;0,25;14;0;2;2
2641;DEATH;Suicide;3;4;-302,43;0,1914;0,50;13;0;1;2
2642;DEATH;Suicide;3;4;-302,38;0,1912;0,00;10;0;1;2
2643;DEATH;Suicide;3;5;-295,44;0,1910;0,40;9;1;1;2
2644;DEATH;Suicide;3;10;-297,89;0,1908;0,30;9;1;2;4
2645;DEATH;Suicide;3;4;-302,38;0,1906;0,50;10;0;2;2
2646;DEATH;Suicide;3;7;-292,71;0,1904;0,00;7;2;2;4
2647;DEATH;Suicide;3;10;-293,09;0,1903;0,40;9;2;3;6
2648;DEATH;Suicide;3;30;-310,34;0,1901;0,23;13;1;1;2
2649;DEATH;Suicide;3;4;-302,38;0,1899;0,00;11;0;1;2
2650;DEATH;Suicide;3;5;-295,44;0,1897;0,40;13;1;1;2
2651;DEATH;Suicide;3;7;-292,71;0,1895;0,00;13;2;2;4
2652;DEATH;Suicide;3;23;-311,62;0,1893;0,09;12;1;1;2
2653;DEATH;Suicide;3;7;-297,71;0,1891;0,00;8;1;2;4
2654;DEATH;Suicide;3;15;-299,59;0,1889;0,33;12;3;2;4
2655;DEATH;Suicide;3;33;-342,17;0,1887;0,12;14;4;2;2
2656;DEATH;Suicide;3;7;-292,71;0,1886;0,00;15;2;2;4
2657;DEATH;Suicide;3;4;-302,38;0,1884;0,00;10;0;1;2
2658;DEATH;Suicide;3;6;-296,00;0,1882;0,33;10;1;1;2
2659;DEATH;Suicide;3;16;-305,80;0,1880;0,31;10;0;1;2
2660;DEATH;Suicide;3;5;-302,44;0,1878;0,40;10;0;1;2
2661;DEATH;Suicide;3;4;-302,38;0,1876;0,25;9;0;2;2
2662;DEATH;Suicide;3;15;-294,09;0,1874;0,27;13;4;2;4
2663;DEATH;Suicide;3;7;-297,71;0,1872;0,00;10;1;2;4
2664;DEATH;Suicide;3;9;-292,83;0,1870;0,22;11;2;3;4
2665;DEATH;Suicide;3;5;-302,89;0,1869;0,00;12;0;1;2
2666;DEATH;Suicide;3;4;-302,38;0,1867;0,00;11;0;1;2
2667;DEATH;Suicide;3;9;-304,08;0,1865;0,11;14;0;1;2
2668;DEATH;Suicide;3;7;-297,71;0,1863;0,00;8;1;2;4
2669;DEATH;Suicide;3;4;-302,38;0,1861;0,25;15;0;2;2
2670;DEATH;Suicide;3;7;-291,01;0,1859;0,14;9;2;1;2
2671;DEATH;Suicide;3;26;-299,15;0,1857;0,15;10;4;3;4
2672;DEATH;Suicide;3;4;-302,43;0,1856;0,25;11;0;1;2
2673;DEATH;Suicide;3;17;-301,11;0,1854;0,18;11;3;1;2
2674;DEATH;Suicide;3;4;-302,38;0,1852;0,25;11;0;2;2
2675;DEATH;Suicide;3;16;-308,05;0,1850;0,44;14;2;2;4
2676;DEATH;Suicide;3;4;-302,38;0,1848;0,50;5;0;2;2
2677;DEATH;Suicide;3;19;-291,43;0,1846;0,11;10;3;2;4
2678;DEATH;Suicide;3;43;-307,27;0,1844;0,23;12;4;3;6
2679;DEATH;Suicide;3;17;-288,91;0,1843;0,24;11;5;4;6
2680;DEATH;Suicide;3;39;-292,63;0,1841;0,10;9;5;5;12
2681;DEATH;Suicide;3;4;-302,38;0,1839;0,50;9;0;1;2
2682;DEATH;Suicide;3;6;-296,00;0,1837;0,17;10;1;1;2
2683;DEATH;Suicide;3;19;-301,13;0,1835;0,05;11;3;1;2
2684;DEATH;Suicide;3;4;-302,38;0,1833;0,25;13;0;1;2
2685;DEATH;Suicide;3;17;-307,86;0,1832;0,18;13;1;1;2
2686;DEATH;Suicide;3;4;-302,43;0,1830;0,25;10;0;1;2
2687;DEATH;Suicide;3;5;-302,89;0,1828;0,20;9;0;1;2
2688;DEATH;Suicide;3;4;-302,38;0,1826;0,00;19;0;1;2
2689;DEATH;Suicide;3;17;-294,86;0,1824;0,24;15;3;3;6
2690;DEATH;Suicide;3;4;-302,43;0,1822;0,25;13;0;1;2
2691;DEATH;Suicide;3;4;-302,38;0,1821;0,00;8;0;1;2
2692;DEATH;Suicide;3;4;-302,38;0,1819;0,00;9;0;1;2
2693;DEATH;Suicide;3;5;-302,84;0,1817;0,60;10;0;2;2
2694;DEATH;Suicide;3;4;-302,43;0,1815;0,50;13;0;2;2
2695;DEATH;Suicide;3;9;-297,83;0,1813;0,00;11;2;2;4
2696;DEATH;Suicide;3;7;-292,71;0,1812;0,00;14;2;2;4
2697;DEATH;Suicide;3;9;-297,83;0,1810;0,11;9;2;2;4
2698;DEATH;Suicide;3;4;-302,38;0,1808;0,25;14;0;1;2
2699;DEATH;Suicide;3;11;-292,35;0,1806;0,18;10;2;2;4
2700;DEATH;Suicide;3;9;-297,53;0,1804;0,22;12;2;1;2
2701;DEATH;Suicide;3;5;-302,89;0,1803;0,00;12;0;1;2
2702;DEATH;Suicide;3;14;-300,33;0,1801;0,21;12;1;3;6
2703;DEATH;Suicide;3;4;-302,43;0,1799;0,25;13;0;2;2
2704;DEATH;Suicide;3;4;-302,43;0,1797;0,25;12;0;1;2
2705;DEATH;Suicide;3;5;-295,39;0,1795;0,20;13;1;1;2
2706;DEATH;Suicide;3;4;-302,43;0,1794;0,25;11;0;2;2
2707;DEATH;Suicide;3;4;-302,43;0,1792;0,25;11;0;1;2
2708;DEATH;Suicide;3;5;-295,49;0,1790;0,40;11;1;1;2
2709;DEATH;Suicide;3;4;-302,43;0,1788;0,50;12;0;1;2
2710;DEATH;Suicide;3;4;-302,43;0,1786;0,25;10;0;1;2
2711;DEATH;Suicide;3;4;-302,38;0,1785;0,00;12;0;1;2
2712;DEATH;Suicide;3;5;-302,89;0,1783;0,00;11;0;1;2
2713;DEATH;Suicide;3;15;-298,39;0,1781;0,13;11;2;4;8
2714;DEATH;Suicide;3;10;-304,94;0,1779;0,10;8;1;2;4
2715;DEATH;Suicide;3;4;-302,38;0,1777;0,25;10;0;2;2
2716;DEATH;Suicide;3;9;-293,73;0,1776;0,11;15;3;2;4
2717;DEATH;Suicide;3;49;-304,43;0,1774;0,18;15;4;2;4
2718;DEATH;Suicide;3;4;-302,38;0,1772;0,00;13;0;1;2
2719;DEATH;Suicide;3;5;-302,49;0,1770;0,40;12;0;2;2
2720;DEATH;Suicide;3;27;-303,21;0,1769;0,19;7;4;5;8
2721;DEATH;Suicide;3;20;-290,44;0,1767;0,20;12;6;4;6
2722;DEATH;Suicide;3;34;-313,38;0,1765;0,18;13;3;3;4
2723;DEATH;Suicide;3;4;-302,38;0,1763;0,50;12;0;1;2
2724;DEATH;Suicide;3;8;-297,77;0,1761;0,25;16;1;2;4
2725;DEATH;Suicide;3;4;-302,38;0,1760;0,00;14;0;1;2
2726;DEATH;Suicide;3;12;-304,66;0,1758;0,17;9;1;1;2
2727;DEATH;Suicide;3;5;-302,49;0,1756;0,60;9;0;1;2
2728;DEATH;Suicide;3;26;-295,30;0,1754;0,15;12;4;3;6
2729;DEATH;Suicide;3;32;-315,16;0,1753;0,19;10;5;3;4
2730;DEATH;Suicide;3;4;-302,38;0,1751;0,25;11;0;1;2
2731;DEATH;Suicide;3;15;-299,59;0,1749;0,07;10;2;2;2
2732;DEATH;Suicide;3;33;-299,52;0,1747;0,24;12;3;3;6
2733;DEATH;Suicide;3;7;-304,71;0,1746;0,14;13;0;2;4
2734;DEATH;Suicide;3;9;-297,88;0,1744;0,11;10;2;3;4
2735;DEATH;Suicide;3;20;-296,14;0,1742;0,25;13;4;2;4
2736;DEATH;Suicide;3;4;-302,43;0,1740;0,25;12;0;1;2
2737;DEATH;Suicide;3;4;-302,38;0,1739;0,25;11;0;1;2
2738;DEATH;Suicide;3;9;-297,88;0,1737;0,11;13;2;3;4
2739;DEATH;Suicide;3;4;-302,38;0,1735;0,25;9;0;1;2
2740;DEATH;Suicide;3;4;-302,38;0,1734;0,25;14;0;2;2
2741;DEATH;Suicide;3;4;-302,38;0,1732;0,00;11;0;1;2
2742;DEATH;Suicide;3;4;-302,38;0,1730;0,00;9;0;1;2
2743;DEATH;Suicide;3;20;-306,99;0,1728;0,30;13;2;1;2
2744;DEATH;Suicide;3;4;-302,43;0,1727;0,50;7;0;1;2
2745;DEATH;Suicide;3;11;-299,25;0,1725;0,36;13;1;2;4
2746;DEATH;Suicide;3;4;-302,38;0,1723;0,25;7;0;2;2
2747;DEATH;Suicide;3;4;-302,38;0,1721;0,00;8;0;1;2
2748;DEATH;Suicide;3;9;-298,73;0,1720;0,33;11;2;2;4
2749;DEATH;Suicide;3;5;-295,44;0,1718;0,60;10;1;2;2
2750;DEATH;Suicide;3;5;-302,44;0,1716;0,20;14;0;1;2
2751;DEATH;Suicide;3;4;-302,43;0,1715;0,00;11;0;2;2
2752;DEATH;Suicide;3;4;-302,43;0,1713;0,00;17;0;2;2
2753;DEATH;Suicide;3;4;-302,38;0,1711;0,00;13;0;1;2
2754;DEATH;Suicide;3;5;-302,94;0,1709;0,20;9;0;1;2
2755;DEATH;Suicide;3;4;-302,38;0,1708;0,25;8;0;1;2
2756;DEATH;Suicide;3;4;-302,38;0,1706;0,00;12;0;2;2
2757;DEATH;Suicide;3;7;-304,71;0,1704;0,14;8;0;3;4
2758;DEATH;Suicide;3;4;-302,43;0,1703;0,25;11;0;1;2
2759;DEATH;Suicide;3;4;-302,38;0,1701;0,00;12;0;2;2
2760;DEATH;Suicide;3;18;-304,82;0,1699;0,28;16;3;1;2
2761;DEATH;Suicide;3;7;-296,51;0,1697;0,14;10;1;2;2
2762;DEATH;Suicide;3;7;-292,71;0,1696;0,00;14;2;3;4
2763;DEATH;Suicide;3;5;-302,39;0,1694;0,40;10;0;1;2
2764;DEATH;Suicide;3;4;-302,43;0,1692;0,00;10;0;1;2
2765;DEATH;Suicide;3;4;-302,43;0,1691;0,25;13;0;1;2
2766;DEATH;Suicide;3;11;-305,85;0,1689;0,27;10;2;3;4
2767;DEATH;Suicide;3;10;-298,34;0,1687;0,10;12;3;2;4
2768;DEATH;Suicide;3;24;-307,88;0,1686;0,21;9;2;1;2
2769;DEATH;Suicide;3;4;-302,43;0,1684;0,50;13;0;1;2
2770;DEATH;Suicide;3;4;-302,43;0,1682;0,25;13;0;1;2
2771;DEATH;Suicide;3;6;-295,90;0,1681;0,00;10;1;1;2
2772;DEATH;Suicide;3;7;-297,76;0,1679;0,14;10;1;2;4
2773;DEATH;Suicide;3;15;-294,39;0,1677;0,20;12;3;3;4
2774;DEATH;Suicide;3;13;-293,27;0,1676;0,15;15;2;2;4
2775;DEATH;Suicide;3;6;-295,50;0,1674;0,17;12;1;1;2
2776;DEATH;Suicide;3;7;-297,71;0,1672;0,00;14;1;2;4
2777;DEATH;Suicide;3;4;-302,38;0,1671;0,00;13;0;1;2
2778;DEATH;Suicide;3;4;-302,38;0,1669;0,00;12;0;1;2
2779;DEATH;Suicide;3;5;-302,94;0,1667;0,20;11;0;1;2
2780;DEATH;Suicide;3;30;-319,84;0,1666;0,03;10;3;2;4
2781;DEATH;Suicide;3;4;-302,38;0,1664;0,25;13;0;1;2
2782;DEATH;Suicide;3;4;-302,38;0,1662;0,25;16;0;1;2
2783;DEATH;Suicide;3;4;-302,38;0,1661;0,25;10;0;1;2
2784;DEATH;Suicide;3;9;-285,83;0,1659;0,00;10;3;3;4
2785;DEATH;Suicide;3;6;-303,00;0,1657;0,17;9;0;2;2
2786;DEATH;Suicide;3;26;-303,60;0,1656;0,15;6;2;5;10
2787;DEATH;Suicide;3;25;-303,49;0,1654;0,16;10;3;1;2
2788;DEATH;Suicide;3;4;-302,38;0,1652;0,50;15;0;1;2
2789;DEATH;Suicide;3;4;-302,38;0,1651;0,25;13;0;1;2
2790;DEATH;Suicide;3;5;-295,44;0,1649;0,20;12;1;1;2
2791;DEATH;Suicide;3;29;-307,63;0,1647;0,21;11;2;1;2
2792;DEATH;Suicide;3;4;-302,38;0,1646;0,25;10;0;1;2
2793;DEATH;Suicide;3;11;-290,95;0,1644;0,18;13;3;2;4
2794;DEATH;Suicide;3;4;-302,38;0,1642;0,50;10;0;2;2
2795;DEATH;Suicide;3;4;-302,38;0,1641;0,25;11;0;1;2
2796;DEATH;Suicide;3;14;-306,48;0,1639;0,21;12;1;2;4
2797;DEATH;Suicide;3;4;-302,38;0,1637;0,00;10;0;1;2
2798;DEATH;Suicide;3;7;-292,71;0,1636;0,00;8;2;2;4
2799;DEATH;Suicide;3;5;-302,94;0,1634;0,40;13;0;2;2
2800;DEATH;Suicide;3;7;-297,71;0,1633;0,00;10;1;2;4
2801;DEATH;Suicide;3;4;-302,38;0,1631;0,00;9;0;1;2
2802;DEATH;KilledByTarget;3;37;-119,66;0,1629;0,14;10;4;3;9
2803;DEATH;Suicide;3;7;-292,71;0,1628;0,00;14;2;2;4
2804;DEATH;Suicide;3;5;-302,39;0,1626;0,20;11;0;1;2
2805;DEATH;Suicide;3;23;-318,07;0,1624;0,09;12;2;1;2
2806;DEATH;Suicide;3;7;-292,71;0,1623;0,14;12;2;2;4
2807;DEATH;Suicide;3;4;-302,43;0,1621;0,25;11;0;2;2
2808;DEATH;Suicide;3;4;-302,38;0,1620;0,00;14;0;1;2
2809;DEATH;Suicide;3;18;-304,47;0,1618;0,28;11;2;5;8
2810;DEATH;Suicide;3;7;-292,71;0,1616;0,00;7;2;2;4
2811;DEATH;Suicide;3;4;-302,43;0,1615;0,25;14;0;2;2
2812;DEATH;Suicide;3;4;-302,38;0,1613;0,00;11;0;2;2
2813;DEATH;Suicide;3;25;-325,79;0,1611;0,08;10;4;1;2
2814;DEATH;Suicide;3;31;-307,45;0,1610;0,10;13;4;2;4
2815;DEATH;Suicide;3;7;-297,76;0,1608;0,14;10;1;2;4
2816;DEATH;Suicide;3;4;-302,43;0,1607;0,25;9;0;1;2
2817;DEATH;Suicide;3;4;-302,38;0,1605;0,25;10;0;1;2
2818;DEATH;Suicide;3;4;-302,38;0,1603;0,25;13;0;1;2
2819;DEATH;Suicide;3;33;-308,07;0,1602;0,09;11;5;3;4
2820;DEATH;Suicide;3;15;-301,19;0,1600;0,27;14;1;1;2
2821;DEATH;Suicide;3;14;-309,18;0,1599;0,14;8;1;1;2
2822;DEATH;Suicide;3;4;-302,38;0,1597;0,50;8;0;1;2
2823;DEATH;Suicide;3;4;-302,38;0,1595;0,25;10;0;2;2
2824;DEATH;Suicide;3;4;-302,38;0,1594;0,25;14;0;1;2
2825;DEATH;Suicide;3;4;-302,38;0,1592;0,50;10;0;2;2
2826;DEATH;Suicide;3;10;-298,24;0,1591;0,20;12;2;1;2
2827;DEATH;Suicide;3;4;-302,43;0,1589;0,25;11;0;2;2
2828;DEATH;Suicide;3;9;-297,53;0,1587;0,22;14;2;2;2
2829;DEATH;Suicide;3;9;-298,73;0,1586;0,11;9;1;2;4
2830;DEATH;Suicide;3;4;-302,43;0,1584;0,25;11;0;2;2
2831;DEATH;Suicide;3;4;-302,38;0,1583;0,00;8;0;1;2
2832;DEATH;Suicide;3;4;-302,38;0,1581;0,00;15;0;1;2
2833;DEATH;Suicide;3;4;-302,38;0,1580;0,25;15;0;1;2
2834;DEATH;Suicide;3;12;-291,86;0,1578;0,08;14;3;2;4
2835;DEATH;Suicide;3;14;-310,33;0,1576;0,07;11;1;2;2
2836;DEATH;Suicide;3;18;-303,82;0,1575;0,11;13;5;1;2
2837;DEATH;Suicide;3;19;-303,23;0,1573;0,16;15;3;1;2
2838;DEATH;Suicide;3;5;-295,49;0,1572;0,40;12;1;2;2
2839;DEATH;Suicide;3;7;-297,71;0,1570;0,14;12;1;2;4
2840;DEATH;Suicide;3;5;-295,44;0,1568;0,20;11;1;2;2
2841;DEATH;Suicide;3;5;-295,39;0,1567;0,20;10;1;1;2
2842;DEATH;Suicide;3;32;-293,46;0,1565;0,16;12;4;3;6
2843;DEATH;Suicide;3;9;-297,03;0,1564;0,22;11;2;1;2
2844;DEATH;Suicide;3;4;-302,38;0,1562;0,00;13;0;1;2
2845;DEATH;Suicide;3;4;-302,38;0,1561;0,25;13;0;1;2
2846;DEATH;Suicide;3;7;-296,01;0,1559;0,29;11;1;1;2
2847;DEATH;Suicide;3;7;-296,41;0,1558;0,00;12;1;1;2
2848;DEATH;Suicide;3;4;-302,38;0,1556;0,00;9;0;1;2
2849;DEATH;Suicide;3;11;-298,00;0,1554;0,27;12;2;3;4
2850;DEATH;Suicide;3;4;-302,43;0,1553;0,25;13;0;2;2
2851;DEATH;Suicide;3;9;-293,73;0,1551;0,11;14;2;2;4
2852;DEATH;Suicide;3;15;-298,29;0,1550;0,07;9;3;2;4
2853;DEATH;Suicide;3;5;-302,44;0,1548;0,40;10;0;1;2
2854;DEATH;Suicide;3;37;-356,11;0,1547;0,11;10;1;2;2
2855;DEATH;Suicide;3;4;-302,43;0,1545;0,25;14;0;1;2
2856;DEATH;Suicide;3;4;-302,38;0,1544;0,50;9;0;2;2
2857;DEATH;Suicide;3;4;-302,43;0,1542;0,50;9;0;1;2
2858;DEATH;Suicide;3;5;-302,39;0,1540;0,60;13;0;1;2
2859;DEATH;Suicide;3;26;-301,70;0,1539;0,15;11;3;6;10
2860;DEATH;Suicide;3;8;-298,22;0,1537;0,13;12;1;2;4
2861;DEATH;Suicide;3;39;-298,13;0,1536;0,15;15;6;4;8
2862;DEATH;Suicide;3;12;-298,36;0,1534;0,25;10;2;1;2
2863;DEATH;Suicide;3;4;-302,38;0,1533;0,25;12;0;1;2
2864;DEATH;Suicide;3;9;-298,73;0,1531;0,00;6;2;2;4
2865;DEATH;Suicide;3;9;-298,73;0,1530;0,11;8;2;3;4
2866;DEATH;Suicide;3;11;-304,15;0,1528;0,09;14;0;1;2
2867;DEATH;Suicide;3;4;-302,38;0,1527;0,00;14;0;2;2
2868;DEATH;Suicide;3;4;-302,38;0,1525;0,00;13;0;1;2
2869;DEATH;Suicide;3;4;-302,43;0,1524;0,25;11;0;2;2
2870;DEATH;Suicide;3;4;-302,38;0,1522;0,25;10;0;2;2
2871;DEATH;Suicide;3;4;-302,38;0,1521;0,00;14;0;1;2
2872;DEATH;Suicide;3;17;-311,01;0,1519;0,18;12;1;5;8
2873;DEATH;Suicide;3;4;-302,38;0,1518;0,00;14;0;1;2
2874;DEATH;Suicide;3;4;-302,38;0,1516;0,00;10;0;1;2
2875;DEATH;Suicide;3;10;-298,74;0,1515;0,10;12;1;3;4
2876;DEATH;Suicide;3;19;-313,68;0,1513;0,00;15;3;1;2
2877;DEATH;Suicide;3;4;-302,43;0,1511;0,25;17;0;2;2
2878;DEATH;Suicide;3;4;-302,43;0,1510;0,50;13;0;2;2
2879;DEATH;Suicide;3;4;-302,38;0,1508;0,00;13;0;1;2
2880;DEATH;Suicide;3;4;-302,43;0,1507;0,00;14;0;2;2
2881;DEATH;Suicide;3;4;-302,43;0,1505;0,00;14;0;2;2
2882;DEATH;Suicide;3;38;-312,32;0,1504;0,16;15;2;2;4
2883;DEATH;Suicide;3;7;-292,71;0,1502;0,29;12;2;2;4
2884;DEATH;Suicide;3;20;-304,94;0,1501;0,05;13;2;1;2
2885;DEATH;Suicide;3;7;-297,71;0,1499;0,00;9;1;2;4
2886;DEATH;Suicide;3;4;-302,38;0,1498;0,25;14;0;2;2
2887;DEATH;Suicide;3;28;-312,87;0,1496;0,14;16;1;1;2
2888;DEATH;Suicide;3;4;-302,43;0,1495;0,00;8;0;1;2
2889;DEATH;Suicide;3;4;-302,38;0,1493;0,25;11;0;2;2
2890;DEATH;Suicide;3;8;-303,52;0,1492;0,25;10;0;2;2
2891;DEATH;Suicide;3;9;-292,83;0,1490;0,11;6;2;2;4
2892;DEATH;Suicide;3;4;-302,43;0,1489;0,00;10;0;2;2
2893;DEATH;Suicide;3;17;-306,61;0,1487;0,00;9;1;1;2
2894;DEATH;Suicide;3;4;-302,43;0,1486;0,50;6;0;1;2
2895;DEATH;Suicide;3;4;-302,43;0,1485;0,50;16;0;2;2
2896;DEATH;Suicide;3;8;-293,22;0,1483;0,00;12;2;2;4
2897;DEATH;Suicide;3;4;-302,43;0,1482;0,00;13;0;2;2
2898;DEATH;Suicide;3;7;-292,71;0,1480;0,00;13;2;2;4
2899;DEATH;Suicide;3;4;-302,43;0,1479;0,00;6;0;1;2
2900;DEATH;Suicide;3;58;-321,67;0,1477;0,24;12;6;4;6
2901;DEATH;Suicide;3;5;-302,94;0,1476;0,40;11;0;1;2
2902;DEATH;Suicide;3;4;-302,38;0,1474;0,25;11;0;1;2
2903;DEATH;Suicide;3;69;-342,88;0,1473;0,13;14;5;4;6
2904;DEATH;Suicide;3;4;-302,43;0,1471;0,00;13;0;1;2
2905;DEATH;Suicide;3;30;-309,79;0,1470;0,23;15;4;3;6
2906;DEATH;Suicide;3;4;-302,43;0,1468;0,25;12;0;1;2
2907;DEATH;Suicide;3;50;-311,54;0,1467;0,16;12;7;3;6
2908;DEATH;Suicide;3;12;-304,76;0,1465;0,25;14;1;1;2
2909;DEATH;Suicide;3;40;-366,04;0,1464;0,08;13;4;1;2
2910;DEATH;Suicide;3;9;-293,68;0,1462;0,11;12;3;3;4
2911;DEATH;Suicide;3;4;-302,38;0,1461;0,25;11;0;1;2
2912;DEATH;Suicide;3;69;-338,93;0,1459;0,12;16;7;3;6
2913;DEATH;Suicide;3;11;-298,85;0,1458;0,18;9;1;2;4
2914;DEATH;Suicide;3;21;-306,45;0,1457;0,05;11;3;2;4
2915;DEATH;Suicide;3;13;-294,97;0,1455;0,08;16;3;2;4
2916;DEATH;Suicide;3;4;-302,38;0,1454;0,25;9;0;1;2
2917;DEATH;Suicide;3;10;-298,34;0,1452;0,20;9;2;2;4
2918;DEATH;Suicide;3;25;-296,19;0,1451;0,20;16;5;2;4
2919;DEATH;Suicide;3;5;-302,89;0,1449;0,20;11;0;1;2
2920;DEATH;Suicide;3;48;-318,37;0,1448;0,08;9;4;12;24
2921;DEATH;Suicide;3;4;-302,38;0,1446;0,25;9;0;1;2
2922;DEATH;Suicide;3;13;-308,17;0,1445;0,31;9;1;4;6
2923;DEATH;Suicide;3;4;-302,43;0,1443;0,50;15;0;1;2
2924;DEATH;Suicide;3;4;-302,38;0,1442;0,00;7;0;1;2
2925;DEATH;Suicide;3;5;-302,89;0,1441;0,00;10;0;1;2
2926;DEATH;Suicide;3;49;-315,33;0,1439;0,12;10;5;3;6
2927;DEATH;Suicide;3;5;-302,89;0,1438;0,00;10;0;1;2
2928;DEATH;Suicide;3;10;-291,79;0,1436;0,20;12;3;2;4
2929;DEATH;Suicide;3;4;-302,43;0,1435;0,00;11;0;1;2
2930;DEATH;Suicide;3;10;-293,34;0,1433;0,30;8;3;2;4
2931;DEATH;Suicide;3;4;-302,38;0,1432;0,25;10;0;2;2
2932;DEATH;Suicide;3;38;-347,92;0,1431;0,00;17;5;1;2
2933;DEATH;Suicide;3;4;-302,43;0,1429;0,50;9;0;1;2
2934;DEATH;Suicide;3;4;-302,38;0,1428;0,25;13;0;1;2
2935;DEATH;Suicide;3;4;-302,43;0,1426;0,25;13;0;1;2
2936;DEATH;Suicide;3;50;-326,29;0,1425;0,16;10;6;3;6
2937;DEATH;Suicide;3;4;-302,43;0,1423;0,25;9;0;2;2
2938;DEATH;Suicide;3;4;-302,38;0,1422;0,00;11;0;2;2
2939;DEATH;Suicide;3;4;-302,43;0,1421;0,00;9;0;2;2
2940;DEATH;Suicide;3;9;-295,68;0,1419;0,44;9;2;1;2
2941;DEATH;Suicide;3;8;-304,77;0,1418;0,25;11;0;2;4
2942;DEATH;Suicide;3;4;-302,38;0,1416;0,25;12;0;1;2
2943;DEATH;Suicide;3;6;-290,50;0,1415;0,17;13;2;1;2
2944;DEATH;Suicide;3;4;-302,38;0,1413;0,00;15;0;1;2
2945;DEATH;Suicide;3;7;-297,71;0,1412;0,00;9;1;2;4
2946;DEATH;Suicide;3;17;-306,66;0,1411;0,24;16;1;1;2
2947;DEATH;Suicide;3;29;-317,23;0,1409;0,14;7;3;3;4
2948;DEATH;Suicide;3;4;-302,38;0,1408;0,25;11;0;1;2
2949;DEATH;Suicide;3;4;-302,38;0,1406;0,25;13;0;1;2
2950;DEATH;Suicide;3;4;-302,38;0,1405;0,00;9;0;2;2
2951;DEATH;Suicide;3;20;-303,34;0,1404;0,15;18;1;1;2
2952;DEATH;Suicide;3;5;-295,49;0,1402;0,40;9;1;2;2
2953;DEATH;Suicide;3;10;-294,24;0,1401;0,10;13;3;2;4
2954;DEATH;Suicide;3;62;-354,16;0,1399;0,06;13;8;3;4
2955;DEATH;Suicide;3;4;-302,38;0,1398;0,25;10;0;1;2
2956;DEATH;Suicide;3;7;-297,71;0,1397;0,00;9;1;2;4
2957;DEATH;Suicide;3;4;-302,38;0,1395;0,00;13;0;1;2
2958;DEATH;Suicide;3;4;-302,38;0,1394;0,00;7;0;1;2
2959;DEATH;Suicide;3;4;-302,38;0,1392;0,00;10;0;1;2
2960;DEATH;Suicide;3;7;-291,01;0,1391;0,57;14;2;1;2
2961;DEATH;Suicide;3;5;-302,89;0,1390;0,40;12;0;2;2
2962;DEATH;Suicide;3;4;-302,43;0,1388;0,25;7;0;1;2
2963;DEATH;Suicide;3;7;-292,71;0,1387;0,00;11;2;2;4
2964;DEATH;Suicide;3;7;-292,71;0,1385;0,00;8;2;2;4
2965;DEATH;Suicide;3;7;-292,71;0,1384;0,29;15;2;2;4
2966;DEATH;Suicide;3;7;-292,71;0,1383;0,00;19;2;2;4
2967;DEATH;Suicide;3;9;-298,23;0,1381;0,00;11;2;2;4
2968;DEATH;Suicide;3;6;-290,55;0,1380;0,33;11;2;1;2
2969;DEATH;Suicide;3;11;-299,15;0,1379;0,27;13;2;1;2
2970;DEATH;Suicide;3;4;-302,38;0,1377;0,00;8;0;1;2
2971;DEATH;Suicide;3;4;-302,43;0,1376;0,00;11;0;2;2
2972;DEATH;Suicide;3;11;-304,60;0,1374;0,36;13;1;2;2
2973;DEATH;Suicide;3;13;-305,27;0,1373;0,08;13;1;1;2
2974;DEATH;Suicide;3;11;-299,15;0,1372;0,09;15;1;1;2
2975;DEATH;Suicide;3;6;-303,40;0,1370;0,00;15;0;1;2
2976;DEATH;Suicide;3;12;-299,36;0,1369;0,08;11;2;2;4
2977;DEATH;Suicide;3;9;-293,73;0,1368;0,22;11;3;2;4
2978;DEATH;Suicide;3;6;-295,90;0,1366;0,17;13;1;2;2
2979;DEATH;Suicide;3;45;-338,39;0,1365;0,20;8;4;2;4
2980;DEATH;Suicide;3;49;-315,63;0,1363;0,14;9;1;1;2
2981;DEATH;Suicide;3;11;-299,35;0,1362;0,18;13;2;2;4
2982;DEATH;Suicide;3;31;-313,85;0,1361;0,13;10;2;1;2
2983;DEATH;Suicide;3;37;-311,61;0,1359;0,19;10;3;3;6
2984;DEATH;Suicide;3;21;-283,35;0,1358;0,05;11;5;3;6
2985;DEATH;Suicide;3;10;-306,04;0,1357;0,10;11;0;1;2
2986;DEATH;Suicide;3;13;-294,97;0,1355;0,23;12;3;2;4
2987;DEATH;Suicide;3;7;-297,71;0,1354;0,00;10;1;2;4
2988;DEATH;Suicide;3;7;-297,71;0,1353;0,00;15;1;2;4
2989;DEATH;Suicide;3;14;-305,83;0,1351;0,07;8;1;1;2
2990;DEATH;Suicide;3;43;-308,97;0,1350;0,14;12;3;3;6
2991;DEATH;Suicide;3;4;-302,43;0,1349;0,00;11;0;2;2
2992;DEATH;Suicide;3;19;-285,73;0,1347;0,05;10;5;4;6
2993;DEATH;Suicide;3;9;-293,73;0,1346;0,00;10;3;3;4
2994;DEATH;Suicide;3;19;-303,83;0,1345;0,26;12;2;1;2
2995;DEATH;Suicide;3;7;-297,71;0,1343;0,00;10;1;2;4
2996;DEATH;Suicide;3;9;-305,73;0,1342;0,00;11;1;3;4
2997;DEATH;Suicide;3;5;-302,94;0,1340;0,20;14;0;2;2
2998;DEATH;Suicide;3;4;-302,38;0,1339;0,25;13;0;1;2
2999;DEATH;Suicide;3;24;-309,68;0,1338;0,21;13;3;1;2
3000;DEATH;Suicide;3;4;-302,38;0,1336;0,00;8;0;2;2
3001;DEATH;Suicide;3;24;-306,13;0,1335;0,13;15;3;6;10
3002;DEATH;Suicide;3;4;-302,38;0,1334;0,00;11;0;1;2
3003;DEATH;Suicide;3;33;-306,77;0,1332;0,12;10;5;1;2
3004;DEATH;Suicide;3;18;-300,92;0,1331;0,11;10;2;1;2
3005;DEATH;Suicide;3;6;-302,50;0,1330;0,00;9;0;1;2
3006;DEATH;Suicide;3;8;-293,27;0,1328;0,25;15;2;2;4
3007;DEATH;Suicide;3;5;-295,44;0,1327;0,20;15;1;2;2
3008;DEATH;Suicide;3;4;-302,33;0,1326;0,00;11;0;1;2
3009;DEATH;Suicide;3;9;-304,08;0,1324;0,11;11;0;2;2
3010;DEATH;Suicide;3;7;-292,71;0,1323;0,00;12;2;2;4
3011;DEATH;Suicide;3;4;-302,43;0,1322;0,25;8;0;1;2
3012;DEATH;Suicide;3;4;-302,38;0,1321;0,00;13;0;1;2
3013;DEATH;Suicide;3;54;-332,68;0,1319;0,15;13;6;3;6
3014;DEATH;Suicide;3;13;-298,12;0,1318;0,23;9;2;2;4
3015;DEATH;Suicide;3;4;-302,38;0,1317;0,25;8;0;1;2
3016;DEATH;Suicide;3;4;-302,43;0,1315;0,50;14;0;1;2
3017;DEATH;Suicide;3;20;-309,44;0,1314;0,10;13;1;1;2
3018;DEATH;Suicide;3;31;-289,75;0,1313;0,23;12;7;5;10
3019;DEATH;Suicide;3;11;-297,95;0,1311;0,00;13;3;2;4
3020;DEATH;Suicide;3;4;-302,38;0,1310;0,25;15;0;1;2
3021;DEATH;Suicide;3;4;-302,38;0,1309;0,25;13;0;1;2
3022;DEATH;Suicide;3;48;-392,72;0,1307;0,04;9;5;2;4
3023;DEATH;Suicide;3;60;-325,44;0,1306;0,07;11;6;3;6
3024;DEATH;Suicide;3;17;-300,16;0,1305;0,24;14;1;2;4
3025;DEATH;Suicide;3;4;-302,43;0,1303;0,25;13;0;2;2
3026;DEATH;Suicide;3;7;-292,71;0,1302;0,14;13;2;2;4
3027;DEATH;Suicide;3;4;-302,38;0,1301;0,25;8;0;2;2
3028;DEATH;Suicide;3;4;-302,43;0,1300;0,00;10;0;2;2
3029;DEATH;Suicide;3;8;-297,77;0,1298;0,25;10;1;2;4
3030;DEATH;Suicide;3;4;-302,43;0,1297;0,00;12;0;2;2
3031;DEATH;Suicide;3;23;-299,67;0,1296;0,09;14;4;3;6
3032;DEATH;Suicide;3;11;-307,00;0,1294;0,09;13;1;1;2
3033;DEATH;Suicide;3;4;-302,43;0,1293;0,00;9;0;1;2
3034;DEATH;Suicide;3;12;-299,06;0,1292;0,17;13;2;1;2
3035;DEATH;Suicide;3;53;-354,22;0,1290;0,11;11;5;4;8
3036;DEATH;Suicide;3;5;-302,89;0,1289;0,00;11;0;1;2
3037;DEATH;Suicide;3;82;-367,31;0,1288;0,15;11;6;2;2
3038;DEATH;Suicide;3;17;-293,91;0,1287;0,06;13;3;3;6
3039;DEATH;Suicide;3;4;-302,43;0,1285;0,25;12;0;2;2
3040;DEATH;Suicide;3;8;-304,77;0,1284;0,13;11;0;3;4
3041;DEATH;Suicide;3;35;-303,34;0,1283;0,09;12;3;1;2
3042;DEATH;Suicide;3;7;-303,01;0,1281;0,00;12;0;1;2
3043;DEATH;Suicide;3;12;-306,91;0,1280;0,08;9;0;2;4
3044;DEATH;Suicide;3;7;-292,71;0,1279;0,14;13;2;2;4
3045;DEATH;Suicide;3;4;-302,38;0,1278;0,00;9;0;1;2
3046;DEATH;Suicide;3;4;-302,38;0,1276;0,25;7;0;1;2
3047;DEATH;Suicide;3;8;-303,52;0,1275;0,13;14;0;1;2
3048;DEATH;Suicide;3;4;-302,43;0,1274;0,00;8;0;1;2
3049;DEATH;Suicide;3;14;-295,38;0,1273;0,14;11;3;3;4
3050;DEATH;Suicide;3;19;-297,38;0,1271;0,21;12;4;2;4
3051;DEATH;Suicide;3;22;-299,26;0,1270;0,09;7;3;3;4
3052;DEATH;Suicide;3;9;-297,83;0,1269;0,22;13;1;2;4
3053;DEATH;Suicide;3;12;-305,86;0,1267;0,08;10;0;1;2
3054;DEATH;Suicide;3;4;-302,43;0,1266;0,00;11;0;2;2
3055;DEATH;Suicide;3;15;-303,29;0,1265;0,00;9;2;3;4
3056;DEATH;Suicide;3;31;-336,25;0,1264;0,06;13;2;1;2
3057;DEATH;Suicide;3;4;-302,38;0,1262;0,25;6;0;1;2
3058;DEATH;Suicide;3;8;-298,22;0,1261;0,13;14;1;2;4
3059;DEATH;Suicide;3;4;-302,38;0,1260;0,25;11;0;1;2
3060;DEATH;Suicide;3;6;-290,50;0,1259;0,17;12;2;1;2
3061;DEATH;Suicide;3;7;-292,71;0,1257;0,00;13;2;2;4
3062;DEATH;Suicide;3;4;-302,38;0,1256;0,00;10;0;1;2
3063;DEATH;Suicide;3;9;-298,73;0,1255;0,11;10;2;2;4
3064;DEATH;Suicide;3;9;-293,73;0,1254;0,00;13;3;2;4
3065;DEATH;Suicide;3;56;-320,10;0,1252;0,11;11;6;2;2
3066;DEATH;Suicide;3;6;-296,00;0,1251;0,17;11;1;1;2
3067;DEATH;Suicide;3;9;-304,83;0,1250;0,22;10;1;2;4
3068;DEATH;Suicide;3;8;-293,22;0,1249;0,25;10;2;2;4
3069;DEATH;Suicide;3;6;-290,55;0,1247;0,33;12;2;1;2
3070;DEATH;Suicide;3;4;-302,38;0,1246;0,25;14;0;2;2
3071;DEATH;Suicide;3;4;-302,38;0,1245;0,25;15;0;1;2
3072;DEATH;Suicide;3;4;-302,43;0,1244;0,00;12;0;1;2
3073;DEATH;Suicide;3;4;-302,33;0,1242;0,00;10;0;2;2
3074;DEATH;Suicide;3;10;-294,24;0,1241;0,00;16;3;2;4
3075;DEATH;Suicide;3;5;-302,89;0,1240;0,20;15;0;1;2
3076;DEATH;Suicide;3;9;-297,83;0,1239;0,11;12;1;3;4
3077;DEATH;Suicide;3;4;-302,43;0,1237;0,00;9;0;2;2
3078;DEATH;Suicide;3;4;-302,43;0,1236;0,00;15;0;2;2
3079;DEATH;Suicide;3;7;-292,71;0,1235;0,00;11;2;2;4
3080;DEATH;Suicide;3;4;-302,38;0,1234;0,25;11;0;1;2
3081;DEATH;Suicide;3;7;-297,71;0,1232;0,14;13;1;3;4
3082;DEATH;Suicide;3;4;-302,38;0,1231;0,00;9;0;1;2
3083;DEATH;Suicide;3;4;-302,43;0,1230;0,00;10;0;1;2
3084;DEATH;Suicide;3;7;-297,71;0,1229;0,14;11;1;2;4
3085;DEATH;Suicide;3;16;-297,25;0,1228;0,25;14;3;4;6
3086;DEATH;Suicide;3;4;-302,38;0,1226;0,00;9;0;1;2
3087;DEATH;Suicide;3;9;-298,23;0,1225;0,11;7;1;3;4
3088;DEATH;Suicide;3;4;-302,38;0,1224;0,00;13;0;1;2
3089;DEATH;Suicide;3;23;-300,82;0,1223;0,09;11;4;5;10
3090;DEATH;Suicide;3;6;-303,40;0,1221;0,00;13;0;1;2
3091;DEATH;Suicide;3;4;-302,43;0,1220;0,25;9;0;1;2
3092;DEATH;Suicide;3;14;-294,48;0,1219;0,21;11;3;2;4
3093;DEATH;Suicide;3;9;-293,73;0,1218;0,11;15;3;2;4
3094;DEATH;Suicide;3;19;-298,18;0,1217;0,05;7;3;4;6
3095;DEATH;Suicide;3;8;-298,22;0,1215;0,13;11;1;2;4
3096;DEATH;Suicide;3;5;-295,39;0,1214;0,00;11;1;2;2
3097;DEATH;Suicide;3;9;-304,08;0,1213;0,00;10;0;1;2
3098;DEATH;Suicide;3;4;-302,38;0,1212;0,25;12;0;1;2
3099;DEATH;Suicide;3;30;-307,64;0,1210;0,13;15;4;2;4
3100;DEATH;Suicide;3;4;-302,38;0,1209;0,00;7;0;1;2
3101;DEATH;Suicide;3;49;-356,93;0,1208;0,04;9;5;2;4
3102;DEATH;Suicide;3;4;-302,38;0,1207;0,25;6;0;1;2
3103;DEATH;Suicide;3;13;-300,57;0,1206;0,00;10;2;2;2
3104;DEATH;Suicide;3;29;-287,73;0,1204;0,10;10;7;4;6
3105;DEATH;Suicide;3;9;-293,73;0,1203;0,00;16;3;2;4
3106;DEATH;Suicide;3;9;-297,83;0,1202;0,00;10;2;3;4
3107;DEATH;Suicide;3;5;-295,39;0,1201;0,00;15;1;2;2
3108;DEATH;Suicide;3;10;-298,34;0,1200;0,20;13;3;2;4
3109;DEATH;Suicide;3;7;-297,71;0,1198;0,29;12;1;2;4
3110;DEATH;Suicide;3;42;-318,76;0,1197;0,10;15;5;1;2
3111;DEATH;Suicide;3;61;-291,85;0,1196;0,15;11;5;5;15
3112;DEATH;Suicide;3;50;-325,74;0,1195;0,12;11;5;1;2
3113;DEATH;Suicide;3;14;-295,38;0,1194;0,07;13;3;2;4
3114;DEATH;Suicide;3;7;-297,71;0,1192;0,14;13;1;2;4
3115;DEATH;Suicide;3;12;-289,06;0,1191;0,25;10;4;3;6
3116;DEATH;Suicide;3;56;-346,00;0,1190;0,05;9;4;4;8
3117;DEATH;Suicide;3;47;-357,61;0,1189;0,09;12;4;2;2
3118;DEATH;Suicide;3;4;-302,38;0,1188;0,00;11;0;2;2
3119;DEATH;Suicide;3;4;-302,38;0,1186;0,25;8;0;1;2
3120;DEATH;Suicide;3;28;-305,22;0,1185;0,00;13;2;1;2
3121;DEATH;Suicide;3;4;-302,38;0,1184;0,00;9;0;1;2
3122;DEATH;Suicide;3;4;-302,43;0,1183;0,25;13;0;2;2
3123;DEATH;KilledByTarget;3;39;-122,03;0,1182;0,15;11;3;2;5
3124;DEATH;Suicide;3;7;-296,46;0,1181;0,29;11;1;2;2
3125;DEATH;Suicide;3;8;-297,77;0,1179;0,13;12;1;3;4
3126;DEATH;Suicide;3;4;-302,43;0,1178;0,00;11;0;1;2
3127;DEATH;Suicide;3;7;-297,71;0,1177;0,00;13;1;2;4
3128;DEATH;Suicide;3;5;-295,49;0,1176;0,40;10;1;1;2
3129;DEATH;Suicide;3;7;-292,71;0,1175;0,00;13;2;2;4
3130;DEATH;Suicide;3;7;-292,71;0,1173;0,00;14;2;2;4
3131;DEATH;Suicide;3;4;-302,38;0,1172;0,00;10;0;1;2
3132;DEATH;Suicide;3;9;-293,73;0,1171;0,22;11;2;2;4
3133;DEATH;Suicide;3;29;-302,93;0,1170;0,14;11;3;3;6
3134;DEATH;Suicide;3;4;-302,38;0,1169;0,25;12;0;1;2
3135;DEATH;Suicide;3;7;-292,71;0,1168;0,00;14;2;2;4
3136;DEATH;Suicide;3;4;-302,38;0,1166;0,00;7;0;1;2
3137;DEATH;Suicide;3;4;-302,43;0,1165;0,00;11;0;1;2
3138;DEATH;Suicide;3;27;-312,31;0,1164;0,11;16;1;1;2
3139;DEATH;Suicide;3;36;-342,60;0,1163;0,06;13;4;3;4
3140;DEATH;Suicide;3;4;-302,38;0,1162;0,00;10;0;1;2
3141;DEATH;Suicide;3;21;-299,05;0,1161;0,14;10;3;3;4
3142;DEATH;Suicide;3;5;-302,94;0,1159;0,20;14;0;1;2
3143;DEATH;Suicide;3;12;-298,01;0,1158;0,08;12;3;3;4
3144;DEATH;Suicide;3;4;-302,38;0,1157;0,00;10;0;2;2
3145;DEATH;Suicide;3;9;-298,73;0,1156;0,00;11;2;2;4
3146;DEATH;Suicide;3;4;-302,43;0,1155;0,25;12;0;1;2
3147;DEATH;Suicide;3;4;-302,38;0,1154;0,00;17;0;2;2
3148;DEATH;Suicide;3;4;-302,43;0,1153;0,00;17;0;2;2
3149;DEATH;Suicide;3;4;-302,38;0,1151;0,00;12;0;2;2
3150;DEATH;Suicide;3;7;-297,71;0,1150;0,00;13;1;2;4
3151;DEATH;Suicide;3;4;-302,43;0,1149;0,50;12;0;2;2
3152;DEATH;Suicide;3;4;-302,38;0,1148;0,25;14;0;1;2
3153;DEATH;Suicide;3;4;-302,38;0,1147;0,25;11;0;2;2
3154;DEATH;Suicide;3;4;-302,43;0,1146;0,00;14;0;1;2
3155;DEATH;Suicide;3;4;-302,43;0,1144;0,00;9;0;2;2
3156;DEATH;Suicide;3;7;-292,71;0,1143;0,00;12;2;2;4
3157;DEATH;Suicide;3;23;-305,47;0,1142;0,22;14;3;2;4
3158;DEATH;Suicide;3;16;-304,90;0,1141;0,00;9;1;1;2
3159;DEATH;Suicide;3;6;-302,50;0,1140;0,00;12;0;1;2
3160;DEATH;Suicide;3;9;-293,73;0,1139;0,11;11;3;2;4
3161;DEATH;Suicide;3;4;-302,38;0,1138;0,25;11;0;1;2
3162;DEATH;Suicide;3;38;-324,52;0,1136;0,00;12;1;1;2
3163;DEATH;Suicide;3;10;-293,34;0,1135;0,30;10;3;3;4
3164;DEATH;Suicide;3;4;-302,43;0,1134;0,25;12;0;1;2
3165;DEATH;Suicide;3;9;-298,23;0,1133;0,00;12;2;3;4
3166;DEATH;Suicide;3;4;-302,38;0,1132;0,25;9;0;1;2
3167;DEATH;Suicide;3;9;-298,23;0,1131;0,11;12;2;3;4
3168;DEATH;Suicide;3;4;-302,43;0,1130;0,00;10;0;2;2
3169;DEATH;Suicide;3;4;-302,43;0,1129;0,25;16;0;2;2
3170;DEATH;Suicide;3;13;-301,62;0,1127;0,23;9;1;4;6
3171;DEATH;Suicide;3;5;-295,39;0,1126;0,00;11;1;1;2
3172;DEATH;Suicide;3;9;-304,83;0,1125;0,22;11;1;2;4
3173;DEATH;Suicide;3;8;-303,97;0,1124;0,38;12;0;2;2
3174;DEATH;Suicide;3;6;-295,95;0,1123;0,33;12;1;1;2
3175;DEATH;Suicide;3;4;-302,33;0,1122;0,00;16;0;2;2
3176;DEATH;Suicide;3;4;-302,38;0,1121;0,25;10;0;1;2
3177;DEATH;Suicide;3;12;-298,91;0,1120;0,17;9;1;3;4
3178;DEATH;Suicide;3;15;-294,69;0,1118;0,20;13;3;3;6
3179;DEATH;Suicide;3;4;-302,38;0,1117;0,00;9;0;1;2
3180;DEATH;Suicide;3;31;-312,35;0,1116;0,19;14;6;2;4
3181;DEATH;Suicide;3;26;-290,40;0,1115;0,08;14;5;3;6
3182;DEATH;Suicide;3;7;-292,71;0,1114;0,00;8;2;2;4
3183;DEATH;Suicide;3;10;-294,24;0,1113;0,20;14;4;3;4
3184;DEATH;Suicide;3;4;-302,43;0,1112;0,00;12;0;2;2
3185;DEATH;Suicide;3;4;-302,38;0,1111;0,00;10;0;2;2
3186;DEATH;Suicide;3;4;-302,38;0,1110;0,00;15;0;1;2
3187;DEATH;Suicide;3;4;-302,33;0,1108;0,50;12;0;1;2
3188;DEATH;Suicide;3;7;-296,51;0,1107;0,00;15;1;1;2
3189;DEATH;Suicide;3;14;-310,28;0,1106;0,00;13;0;1;2
3190;DEATH;Suicide;3;4;-302,43;0,1105;0,25;7;0;2;2
3191;DEATH;Suicide;3;4;-302,38;0,1104;0,25;12;0;2;2
3192;DEATH;Suicide;3;4;-302,38;0,1103;0,25;12;0;2;2
3193;DEATH;Suicide;3;4;-302,43;0,1102;0,00;8;0;1;2
3194;DEATH;Suicide;3;4;-302,43;0,1101;0,00;13;0;2;2
3195;DEATH;Suicide;3;14;-309,18;0,1100;0,21;9;1;2;2
3196;DEATH;Suicide;3;7;-297,71;0,1098;0,00;13;1;2;4
3197;DEATH;Suicide;3;12;-308,01;0,1097;0,00;14;2;2;2
3198;DEATH;Suicide;3;19;-312,73;0,1096;0,16;12;2;1;2
3199;DEATH;Suicide;3;4;-302,38;0,1095;0,00;12;0;2;2
3200;DEATH;Suicide;3;9;-298,23;0,1094;0,11;14;2;2;4
3201;DEATH;Suicide;3;4;-302,43;0,1093;0,00;13;0;2;2
3202;DEATH;Suicide;3;7;-297,71;0,1092;0,00;9;1;2;4
3203;DEATH;Suicide;3;4;-302,43;0,1091;0,00;16;0;2;2
3204;DEATH;Suicide;3;19;-295,98;0,1090;0,11;11;4;4;6
3205;DEATH;Suicide;3;18;-300,67;0,1089;0,00;13;4;4;6
3206;DEATH;Suicide;3;20;-304,24;0,1088;0,15;8;3;1;2
3207;DEATH;Suicide;3;11;-305,85;0,1086;0,27;11;1;2;4
3208;DEATH;Suicide;3;35;-301,19;0,1085;0,06;11;3;3;4
3209;DEATH;Suicide;3;20;-301,44;0,1084;0,05;11;2;2;4
3210;DEATH;Suicide;3;4;-302,38;0,1083;0,00;14;0;1;2
3211;DEATH;Suicide;3;9;-291,33;0,1082;0,22;14;3;2;4
3212;DEATH;Suicide;3;26;-310,20;0,1081;0,23;15;3;2;2
3213;DEATH;Suicide;3;4;-302,38;0,1080;0,00;9;0;2;2
3214;DEATH;Suicide;3;4;-302,38;0,1079;0,25;10;0;2;2
3215;DEATH;Suicide;3;4;-302,38;0,1078;0,25;11;0;2;2
3216;DEATH;Suicide;3;4;-302,38;0,1077;0,00;10;0;1;2
3217;DEATH;Suicide;3;6;-290,50;0,1076;0,17;15;2;1;2
3218;DEATH;Suicide;3;8;-290,82;0,1075;0,13;14;2;2;4
3219;DEATH;Suicide;3;10;-299,24;0,1073;0,10;14;2;2;4
3220;DEATH;Suicide;3;4;-302,43;0,1072;0,00;11;0;2;2
3221;DEATH;Suicide;3;7;-297,71;0,1071;0,00;11;1;2;4
3222;DEATH;Suicide;3;4;-302,43;0,1070;0,00;12;0;2;2
3223;DEATH;Suicide;3;4;-302,43;0,1069;0,25;11;0;2;2
3224;DEATH;Suicide;3;7;-297,71;0,1068;0,00;7;1;2;4
3225;DEATH;Suicide;3;4;-302,43;0,1067;0,00;15;0;2;2
3226;DEATH;Suicide;3;4;-302,43;0,1066;0,00;9;0;1;2
3227;DEATH;Suicide;3;4;-302,43;0,1065;0,00;8;0;2;2
3228;DEATH;Suicide;3;7;-292,71;0,1064;0,00;9;2;2;4
3229;DEATH;Suicide;3;4;-302,38;0,1063;0,25;15;0;2;2
3230;DEATH;Suicide;3;11;-300,10;0,1062;0,00;15;1;4;6
3231;DEATH;Suicide;3;16;-302,70;0,1061;0,13;9;2;3;6
3232;DEATH;Suicide;3;4;-302,43;0,1060;0,00;10;0;2;2
3233;DEATH;Suicide;3;4;-302,38;0,1059;0,25;9;0;2;2
3234;DEATH;Suicide;3;4;-302,43;0,1058;0,00;12;0;1;2
3235;DEATH;Suicide;3;24;-308,83;0,1056;0,13;14;3;4;6
3236;DEATH;Suicide;3;4;-302,43;0,1055;0,00;9;0;2;2
3237;DEATH;Suicide;3;4;-302,43;0,1054;0,00;13;0;2;2
3238;DEATH;Suicide;3;9;-297,83;0,1053;0,00;12;2;3;4
3239;DEATH;Suicide;3;15;-298,24;0,1052;0,00;12;2;2;4
3240;DEATH;Suicide;3;4;-302,43;0,1051;0,00;15;0;2;2
3241;DEATH;Suicide;3;4;-302,38;0,1050;0,00;13;0;2;2
3242;DEATH;Suicide;3;17;-305,96;0,1049;0,18;7;0;3;4
3243;DEATH;Suicide;3;4;-302,43;0,1048;0,00;8;0;1;2
3244;DEATH;Suicide;3;9;-298,73;0,1047;0,11;14;2;2;4
3245;DEATH;Suicide;3;16;-296,70;0,1046;0,06;11;3;2;4
3246;DEATH;Suicide;3;5;-295,39;0,1045;0,20;13;1;2;2
3247;DEATH;Suicide;3;7;-292,71;0,1044;0,00;8;2;2;4
3248;DEATH;Suicide;3;4;-302,43;0,1043;0,00;12;0;1;2
3249;DEATH;Suicide;3;4;-302,38;0,1042;0,00;11;0;2;2
3250;DEATH;Suicide;3;21;-299,85;0,1041;0,14;13;3;4;6
3251;DEATH;Suicide;3;4;-302,43;0,1040;0,00;7;0;1;2
3252;DEATH;Suicide;3;4;-302,43;0,1039;0,25;11;0;2;2
3253;DEATH;Suicide;3;4;-302,43;0,1038;0,00;10;0;2;2
3254;DEATH;Suicide;3;4;-302,43;0,1037;0,00;9;0;1;2
3255;DEATH;Suicide;3;24;-300,03;0,1036;0,21;11;6;6;10
3256;DEATH;Suicide;3;43;-335,17;0,1034;0,09;10;4;2;4
3257;DEATH;Suicide;3;4;-302,43;0,1033;0,00;14;0;2;2
3258;DEATH;Suicide;3;12;-297,96;0,1032;0,25;8;2;2;4
3259;DEATH;Suicide;3;13;-293,72;0,1031;0,08;15;2;3;6
3260;DEATH;Suicide;3;4;-302,43;0,1030;0,00;16;0;1;2
3261;DEATH;Suicide;3;10;-298,34;0,1029;0,20;9;2;2;4
3262;DEATH;Suicide;3;7;-297,71;0,1028;0,29;10;1;2;4
3263;DEATH;Suicide;3;4;-302,43;0,1027;0,00;12;0;1;2
3264;DEATH;Suicide;3;4;-302,38;0,1026;0,25;10;0;2;2
3265;DEATH;Suicide;3;5;-295,39;0,1025;0,00;14;1;2;2
3266;DEATH;Suicide;3;4;-302,38;0,1024;0,00;8;0;1;2
3267;DEATH;Suicide;3;4;-302,38;0,1023;0,50;12;0;1;2
3268;DEATH;Suicide;3;9;-298,78;0,1022;0,11;14;2;2;4
3269;DEATH;Suicide;3;4;-302,38;0,1021;0,25;9;0;1;2
3270;DEATH;Suicide;3;4;-302,33;0,1020;0,00;11;0;2;2
3271;DEATH;Suicide;3;4;-302,38;0,1019;0,25;11;0;1;2
3272;DEATH;Suicide;3;4;-302,38;0,1018;0,00;10;0;1;2
3273;DEATH;Suicide;3;7;-297,71;0,1017;0,00;11;1;2;4
3274;DEATH;Suicide;3;10;-299,24;0,1016;0,00;10;3;2;4
3275;DEATH;Suicide;3;30;-321,04;0,1015;0,13;12;3;2;4
3276;DEATH;Suicide;3;4;-302,43;0,1014;0,00;11;0;1;2
3277;DEATH;Suicide;3;4;-302,38;0,1013;0,25;15;0;1;2
3278;DEATH;Suicide;3;20;-302,44;0,1012;0,05;17;2;3;6
3279;DEATH;Suicide;3;67;-327,91;0,1011;0,12;11;6;3;6
3280;DEATH;Suicide;3;4;-302,43;0,1010;0,50;13;0;1;2
3281;DEATH;Suicide;3;5;-295,49;0,1009;0,20;8;1;1;2
3282;DEATH;Suicide;3;4;-302,43;0,1008;0,25;9;0;2;2
3283;DEATH;Suicide;3;9;-293,73;0,1007;0,00;12;3;2;4
3284;DEATH;Suicide;3;7;-297,71;0,1006;0,14;9;1;2;4
3285;DEATH;Suicide;3;4;-302,43;0,1005;0,25;12;0;1;2
3286;DEATH;Suicide;3;22;-292,46;0,1004;0,14;12;4;5;10
3287;DEATH;Suicide;3;27;-312,91;0,1003;0,00;12;4;1;2
3288;DEATH;Suicide;3;4;-302,43;0,1002;0,00;13;0;2;2
3289;DEATH;Suicide;3;4;-302,38;0,1001;0,00;12;0;1;2
3290;DEATH;Suicide;3;4;-302,38;0,1000;0,00;9;0;1;2
3291;DEATH;Suicide;3;4;-302,38;0,0999;0,00;10;0;1;2
3292;DEATH;Suicide;3;25;-298,19;0,0998;0,12;13;4;4;6
3293;DEATH;Suicide;3;7;-297,71;0,0997;0,00;14;1;2;4
3294;DEATH;Suicide;3;4;-302,33;0,0996;0,00;9;0;2;2
3295;DEATH;Suicide;3;116;-343,35;0,0995;0,06;14;9;1;2
3296;DEATH;Suicide;3;21;-310,25;0,0994;0,10;11;1;1;2
3297;DEATH;Suicide;3;4;-302,38;0,0993;0,00;10;0;2;2
3298;DEATH;Suicide;3;17;-295,71;0,0992;0,12;9;2;4;6
3299;DEATH;Suicide;3;12;-298,51;0,0991;0,33;10;1;2;4
3300;DEATH;Suicide;3;26;-308,50;0,0990;0,08;14;1;1;2
3301;DEATH;Suicide;3;41;-312,70;0,0989;0,10;12;3;2;4
3302;DEATH;Suicide;3;7;-297,76;0,0988;0,29;9;1;2;4
3303;DEATH;Suicide;3;36;-324,50;0,0987;0,08;17;5;2;2
3304;DEATH;Suicide;3;27;-310,26;0,0986;0,11;15;3;1;2
3305;DEATH;Suicide;3;4;-302,38;0,0985;0,00;10;0;1;2
3306;DEATH;Suicide;3;9;-292,83;0,0984;0,11;13;3;2;4
3307;DEATH;Suicide;3;61;-302,80;0,0983;0,13;13;7;2;4
3308;DEATH;Suicide;3;25;-290,44;0,0982;0,08;11;4;3;6
3309;DEATH;Suicide;3;7;-297,76;0,0981;0,00;14;1;3;4
3310;DEATH;Suicide;3;4;-302,38;0,0980;0,00;8;0;1;2
3311;DEATH;Suicide;3;4;-302,43;0,0979;0,00;14;0;2;2
3312;DEATH;Suicide;3;4;-302,43;0,0978;0,00;6;0;2;2
3313;DEATH;Suicide;3;59;-337,43;0,0977;0,14;10;6;4;6
3314;DEATH;Suicide;3;4;-302,38;0,0976;0,50;13;0;1;2
3315;DEATH;Suicide;3;11;-292,15;0,0975;0,09;11;3;1;2
3316;DEATH;Suicide;3;4;-302,43;0,0974;0,25;11;0;2;2
3317;DEATH;Suicide;3;4;-302,38;0,0973;0,00;12;0;1;2
3318;DEATH;Suicide;3;40;-299,69;0,0972;0,05;12;5;3;4
3319;DEATH;Suicide;3;6;-295,50;0,0971;0,00;12;1;1;2
3320;DEATH;Suicide;3;16;-283,30;0,0970;0,19;14;5;3;6
3321;DEATH;Suicide;3;35;-316,24;0,0969;0,14;14;5;1;2
3322;DEATH;Suicide;3;7;-296,51;0,0968;0,00;14;1;1;2
3323;DEATH;Suicide;3;33;-328,82;0,0967;0,12;14;5;2;4
3324;DEATH;Suicide;3;12;-292,76;0,0966;0,25;13;3;1;2
3325;DEATH;Suicide;3;8;-303,07;0,0965;0,25;10;0;1;2
3326;DEATH;Suicide;3;4;-302,38;0,0965;0,00;14;0;1;2
3327;DEATH;Suicide;3;4;-302,43;0,0964;0,50;14;0;1;2
3328;DEATH;Suicide;3;4;-302,43;0,0963;0,00;10;0;1;2
3329;DEATH;Suicide;3;19;-301,48;0,0962;0,11;15;2;3;6
3330;DEATH;Suicide;3;15;-299,14;0,0961;0,20;14;2;2;4
3331;DEATH;Suicide;3;4;-302,43;0,0960;0,50;10;0;2;2
3332;DEATH;Suicide;3;4;-302,38;0,0959;0,00;14;0;1;2
3333;DEATH;Suicide;3;9;-297,83;0,0958;0,44;9;1;2;4
3334;DEATH;Suicide;3;4;-302,38;0,0957;0,00;11;0;1;2
3335;DEATH;Suicide;3;11;-298,00;0,0956;0,18;10;2;2;4
3336;DEATH;Suicide;3;7;-297,76;0,0955;0,14;13;1;2;4
3337;DEATH;Suicide;3;7;-297,76;0,0954;0,14;14;1;2;4
3338;DEATH;Suicide;3;4;-302,43;0,0953;0,25;8;0;1;2
3339;DEATH;Suicide;3;4;-302,38;0,0952;0,00;14;0;1;2
3340;DEATH;Suicide;3;4;-302,43;0,0951;0,00;14;0;2;2
3341;DEATH;Suicide;3;9;-293,78;0,0950;0,22;10;3;3;4
3342;DEATH;Suicide;3;4;-302,43;0,0949;0,00;10;0;2;2
3343;DEATH;Suicide;3;38;-343,12;0,0948;0,03;10;4;3;4
3344;DEATH;Suicide;3;4;-302,38;0,0947;0,00;6;0;1;2
3345;DEATH;Suicide;3;22;-318,51;0,0946;0,14;8;2;3;4
3346;DEATH;Suicide;3;4;-302,38;0,0945;0,25;14;0;1;2
3347;DEATH;Suicide;3;5;-302,44;0,0944;0,60;7;0;2;2
3348;DEATH;Suicide;3;4;-302,43;0,0944;0,25;8;0;2;2
3349;DEATH;Suicide;3;4;-302,43;0,0943;0,00;11;0;1;2
3350;DEATH;Suicide;3;29;-301,93;0,0942;0,21;16;4;2;4
3351;DEATH;Suicide;3;7;-292,71;0,0941;0,14;13;2;2;4
3352;DEATH;Suicide;3;4;-302,38;0,0940;0,00;9;0;1;2
3353;DEATH;Suicide;3;7;-292,71;0,0939;0,00;11;2;2;4
3354;DEATH;Suicide;3;4;-302,38;0,0938;0,00;12;0;1;2
3355;DEATH;Suicide;3;4;-302,38;0,0937;0,25;18;0;1;2
3356;DEATH;Suicide;3;7;-297,76;0,0936;0,00;14;1;2;4
3357;DEATH;Suicide;3;5;-295,44;0,0935;0,20;11;1;2;2
3358;DEATH;Suicide;3;4;-302,38;0,0934;0,25;5;0;2;2
3359;DEATH;Suicide;3;4;-302,43;0,0933;0,00;14;0;2;2
3360;DEATH;Suicide;3;4;-302,38;0,0932;0,00;13;0;1;2
3361;DEATH;Suicide;3;5;-295,49;0,0931;0,00;13;1;1;2
3362;DEATH;Suicide;3;4;-302,43;0,0930;0,00;11;0;1;2
3363;DEATH;Suicide;3;10;-304,89;0,0929;0,00;8;1;2;4
3364;DEATH;Suicide;3;4;-302,43;0,0929;0,00;11;0;2;2
3365;DEATH;Suicide;3;13;-296,37;0,0928;0,08;11;3;2;4
3366;DEATH;Suicide;3;5;-295,49;0,0927;0,00;8;1;2;2
3367;DEATH;Suicide;3;19;-298,88;0,0926;0,05;14;2;2;4
3368;DEATH;Suicide;3;49;-392,78;0,0925;0,02;9;3;3;4
3369;DEATH;Suicide;3;4;-302,43;0,0924;0,00;12;0;2;2
3370;DEATH;Suicide;3;4;-302,43;0,0923;0,00;12;0;1;2
3371;DEATH;Suicide;3;4;-302,43;0,0922;0,00;17;0;2;2
3372;DEATH;Suicide;3;4;-302,43;0,0921;0,00;8;0;1;2
3373;DEATH;Suicide;3;4;-302,38;0,0920;0,25;7;0;2;2
3374;DEATH;Suicide;3;4;-302,43;0,0919;0,00;10;0;2;2
3375;DEATH;Suicide;3;4;-302,43;0,0918;0,00;15;0;1;2
3376;DEATH;Suicide;3;4;-302,43;0,0917;0,00;13;0;2;2
3377;DEATH;Suicide;3;4;-302,43;0,0917;0,25;9;0;1;2
3378;DEATH;Suicide;3;7;-297,71;0,0916;0,00;11;1;2;4
3379;DEATH;Suicide;3;4;-302,43;0,0915;0,00;17;0;2;2
3380;DEATH;Suicide;3;4;-302,43;0,0914;0,25;14;0;1;2
3381;DEATH;Suicide;3;4;-302,43;0,0913;0,00;11;0;2;2
3382;DEATH;Suicide;3;4;-302,38;0,0912;0,00;12;0;1;2
3383;DEATH;Suicide;3;38;-309,82;0,0911;0,13;11;4;3;6
3384;DEATH;Suicide;3;7;-297,71;0,0910;0,00;11;1;2;4
3385;DEATH;Suicide;3;4;-302,38;0,0909;0,00;11;0;1;2
3386;DEATH;Suicide;3;4;-302,38;0,0908;0,00;11;0;1;2
3387;DEATH;Suicide;3;4;-302,43;0,0907;0,25;14;0;2;2
3388;DEATH;Suicide;3;10;-302,79;0,0907;0,20;15;1;1;2
3389;DEATH;Suicide;3;4;-302,43;0,0906;0,00;10;0;2;2
3390;DEATH;Suicide;3;4;-302,43;0,0905;0,25;9;0;1;2
3391;DEATH;Suicide;3;14;-306,98;0,0904;0,29;3;1;2;4
3392;DEATH;Suicide;3;4;-302,43;0,0903;0,00;15;0;1;2
3393;DEATH;Suicide;3;4;-302,43;0,0902;0,00;11;0;2;2
3394;DEATH;Suicide;3;4;-302,43;0,0901;0,00;11;0;2;2
3395;DEATH;Suicide;3;4;-302,43;0,0900;0,25;10;0;1;2
3396;DEATH;Suicide;3;18;-313,17;0,0899;0,11;6;0;1;2
3397;DEATH;Suicide;3;4;-302,43;0,0898;0,00;15;0;1;2
3398;DEATH;Suicide;3;4;-302,43;0,0897;0,00;9;0;2;2
3399;DEATH;Suicide;3;4;-302,33;0,0897;0,25;9;0;1;2
3400;DEATH;Suicide;3;4;-302,38;0,0896;0,25;10;0;1;2
3401;DEATH;Suicide;3;4;-302,43;0,0895;0,00;12;0;2;2
3402;DEATH;Suicide;3;4;-302,38;0,0894;0,00;14;0;1;2
3403;DEATH;Suicide;3;4;-302,43;0,0893;0,00;10;0;1;2
3404;DEATH;Suicide;3;4;-302,38;0,0892;0,00;9;0;1;2
3405;DEATH;Suicide;3;4;-302,43;0,0891;0,00;12;0;2;2
3406;DEATH;Suicide;3;4;-302,43;0,0890;0,00;15;0;2;2
3407;DEATH;Suicide;3;4;-302,43;0,0889;0,00;9;0;2;2
3408;DEATH;Suicide;3;4;-302,38;0,0889;0,00;13;0;1;2
3409;DEATH;Suicide;3;4;-302,38;0,0888;0,00;7;0;1;2
3410;DEATH;Suicide;3;4;-302,38;0,0887;0,00;11;0;1;2
3411;DEATH;Suicide;3;4;-302,43;0,0886;0,25;10;0;2;2
3412;DEATH;Suicide;3;4;-302,38;0,0885;0,00;9;0;1;2
3413;DEATH;Suicide;3;7;-292,71;0,0884;0,00;11;2;2;4
3414;DEATH;Suicide;3;4;-302,43;0,0883;0,25;11;0;1;2
3415;DEATH;Suicide;3;16;-301,25;0,0882;0,13;10;2;2;4
3416;DEATH;Suicide;3;4;-302,38;0,0881;0,50;13;0;1;2
3417;DEATH;Suicide;3;4;-302,38;0,0881;0,50;12;0;1;2
3418;DEATH;Suicide;3;7;-297,71;0,0880;0,00;11;1;2;4
3419;DEATH;Suicide;3;4;-302,38;0,0879;0,00;9;0;1;2
3420;DEATH;Suicide;3;4;-302,43;0,0878;0,00;13;0;2;2
3421;DEATH;Suicide;3;7;-297,71;0,0877;0,14;12;1;2;4
3422;DEATH;Suicide;3;4;-302,43;0,0876;0,00;16;0;1;2
3423;DEATH;Suicide;3;7;-297,71;0,0875;0,14;11;1;2;4
3424;DEATH;Suicide;3;7;-297,71;0,0874;0,00;9;1;2;4
3425;DEATH;Suicide;3;7;-290,96;0,0874;0,29;13;2;2;2
3426;DEATH;Suicide;3;4;-302,43;0,0873;0,00;16;0;2;2
3427;DEATH;Suicide;3;34;-316,18;0,0872;0,09;9;3;2;4
3428;DEATH;Suicide;3;4;-302,38;0,0871;0,25;11;0;1;2
3429;DEATH;Suicide;3;4;-302,43;0,0870;0,25;8;0;1;2
3430;DEATH;Suicide;3;4;-302,43;0,0869;0,00;13;0;1;2
3431;DEATH;Suicide;3;4;-302,43;0,0868;0,25;10;0;2;2
3432;DEATH;Suicide;3;4;-302,38;0,0867;0,00;11;0;1;2
3433;DEATH;Suicide;3;4;-302,38;0,0867;0,00;12;0;1;2
3434;DEATH;Suicide;3;20;-304,64;0,0866;0,05;12;2;4;8
3435;DEATH;Suicide;3;4;-302,43;0,0865;0,25;13;0;2;2
3436;DEATH;Suicide;3;4;-302,43;0,0864;0,25;11;0;2;2
3437;DEATH;Suicide;3;4;-302,43;0,0863;0,00;12;0;2;2
3438;DEATH;Suicide;3;19;-301,98;0,0862;0,05;12;2;3;6
3439;DEATH;Suicide;3;4;-302,43;0,0861;0,00;11;0;1;2
3440;DEATH;Suicide;3;4;-302,43;0,0861;0,00;12;0;2;2
3441;DEATH;Suicide;3;4;-302,38;0,0860;0,25;9;0;1;2
3442;DEATH;Suicide;3;4;-302,43;0,0859;0,25;10;0;2;2
3443;DEATH;Suicide;3;4;-302,38;0,0858;0,00;12;0;2;2
3444;DEATH;Suicide;3;4;-302,43;0,0857;0,50;12;0;1;2
3445;DEATH;Suicide;3;4;-302,38;0,0856;0,00;15;0;1;2
3446;DEATH;Suicide;3;7;-297,76;0,0855;0,00;11;1;2;4
3447;DEATH;Suicide;3;4;-302,43;0,0855;0,00;13;0;2;2
3448;DEATH;Suicide;3;4;-302,43;0,0854;0,50;8;0;1;2
3449;DEATH;Suicide;3;10;-298,39;0,0853;0,10;11;1;3;4
3450;DEATH;Suicide;3;4;-302,43;0,0852;0,50;13;0;2;2
3451;DEATH;Suicide;3;7;-304,71;0,0851;0,00;10;0;2;4
3452;DEATH;Suicide;3;4;-302,38;0,0850;0,50;9;0;2;2
3453;DEATH;Suicide;3;7;-297,76;0,0849;0,00;7;1;3;4
3454;DEATH;Suicide;3;4;-302,38;0,0849;0,00;8;0;1;2
3455;DEATH;Suicide;3;4;-302,43;0,0848;0,00;10;0;2;2
3456;DEATH;Suicide;3;4;-302,38;0,0847;0,00;12;0;1;2
3457;DEATH;Suicide;3;4;-302,43;0,0846;0,00;11;0;2;2
3458;DEATH;Suicide;3;4;-302,43;0,0845;0,00;14;0;2;2
3459;DEATH;Suicide;3;7;-297,71;0,0844;0,00;12;1;2;4
3460;DEATH;Suicide;3;4;-302,38;0,0844;0,25;12;0;2;2
3461;DEATH;Suicide;3;4;-302,38;0,0843;0,25;12;0;1;2
3462;DEATH;Suicide;3;9;-292,83;0,0842;0,11;15;2;2;4
3463;DEATH;Suicide;3;13;-296,37;0,0841;0,00;13;2;2;4
3464;DEATH;Suicide;3;31;-301,35;0,0840;0,06;8;2;3;6
3465;DEATH;Suicide;3;4;-302,43;0,0839;0,00;11;0;2;2
3466;DEATH;Suicide;3;4;-302,43;0,0838;0,00;8;0;2;2
3467;DEATH;Suicide;3;4;-302,38;0,0838;0,00;8;0;1;2
3468;DEATH;Suicide;3;4;-302,43;0,0837;0,25;9;0;2;2
3469;DEATH;Suicide;3;4;-302,43;0,0836;0,25;11;0;2;2
3470;DEATH;Suicide;3;4;-302,43;0,0835;0,00;13;0;1;2
3471;DEATH;Suicide;3;4;-302,43;0,0834;0,25;12;0;2;2
3472;DEATH;Suicide;3;4;-302,38;0,0833;0,00;12;0;2;2
3473;DEATH;Suicide;3;4;-302,38;0,0833;0,00;8;0;1;2
3474;DEATH;Suicide;3;4;-302,38;0,0832;0,00;9;0;1;2
3475;DEATH;Suicide;3;8;-298,22;0,0831;0,13;8;1;2;4
3476;DEATH;Suicide;3;4;-302,43;0,0830;0,00;12;0;2;2
3477;DEATH;Suicide;3;9;-297,88;0,0829;0,00;8;1;2;4
3478;DEATH;Suicide;3;4;-302,43;0,0828;0,25;12;0;2;2
3479;DEATH;Suicide;3;7;-292,71;0,0828;0,00;13;2;2;4
3480;DEATH;Suicide;3;10;-293,04;0,0827;0,10;8;2;3;6
3481;DEATH;Suicide;3;4;-302,38;0,0826;0,00;10;0;1;2
3482;DEATH;Suicide;3;4;-302,38;0,0825;0,25;10;0;1;2
3483;DEATH;Suicide;3;19;-298,48;0,0824;0,05;11;3;3;4
3484;DEATH;Suicide;3;4;-302,38;0,0823;0,00;12;0;1;2
3485;DEATH;Suicide;3;46;-325,80;0,0823;0,09;13;7;3;6
3486;DEATH;Suicide;3;4;-302,38;0,0822;0,00;12;0;1;2
3487;DEATH;Suicide;3;4;-302,38;0,0821;0,00;12;0;1;2
3488;DEATH;Suicide;3;4;-302,43;0,0820;0,00;11;0;2;2
3489;DEATH;Suicide;3;4;-302,43;0,0819;0,00;12;0;1;2
3490;DEATH;Suicide;3;4;-302,38;0,0819;0,25;13;0;1;2
3491;DEATH;Suicide;3;4;-302,38;0,0818;0,00;12;0;1;2
3492;DEATH;Suicide;3;9;-298,23;0,0817;0,11;11;2;2;4
3493;DEATH;Suicide;3;7;-297,66;0,0816;0,00;11;1;3;4
3494;DEATH;Suicide;3;4;-302,43;0,0815;0,25;15;0;1;2
3495;DEATH;Suicide;3;28;-316,82;0,0814;0,07;11;3;4;7
3496;DEATH;Suicide;3;5;-295,44;0,0814;0,20;10;1;2;2
3497;DEATH;Suicide;3;9;-298,73;0,0813;0,00;11;2;2;4
3498;DEATH;Suicide;3;22;-304,66;0,0812;0,09;12;2;7;12
3499;DEATH;Suicide;3;4;-302,38;0,0811;0,25;10;0;1;2
