Episode;Outcome;DeathType;Phase;Steps;TotalReward;Epsilon;ExplorationRate;WallsInitial;WallsBroken;BombsDropped;SafetyDangerSteps
1;DEATH;Suicide;1;4;"-304,51";1;"0,5";11;0;1;2
2;WIN;None;1;198;"98,01";"0,9925";"0,6";11;6;39;78
3;TIMEOUT;None;1;600;"-396,85";"0,9851";"0,68";11;9;95;190
4;TIMEOUT;None;1;600;"-316,85";"0,9777";"0,72";11;8;81;162
5;TIMEOUT;None;1;600;"-466,35";"0,9703";"0,65";8;4;101;201
6;TIMEOUT;None;1;600;"-447,15";"0,9631";"0,64";10;7;102;202
7;WIN;None;1;322;"95,98";"0,9558";"0,64";13;9;50;100
8;WIN;None;1;31;"213,7";"0,9487";"0,81";9;1;3;6
9;DEATH;Suicide;1;10;"-305,63";"0,9416";"0,7";11;0;1;2
10;TIMEOUT;None;1;600;"-409,2";"0,9345";"0,64";15;8;96;190
11;WIN;None;1;174;"116,39";"0,9275";"0,64";8;4;27;54
12;WIN;None;1;181;"168,3";"0,9205";"0,65";12;8;27;54
13;TIMEOUT;None;1;600;"-376,85";"0,9136";"0,63";10;8;99;198
14;WIN;None;1;68;"200,41";"0,9068";"0,66";11;2;10;20
15;WIN;None;1;327;"35,03";"0,9";"0,61";8;5;51;102
16;TIMEOUT;None;1;600;-427;"0,8932";"0,6";12;9;101;202
17;WIN;None;1;484;"-19,01";"0,8865";"0,61";13;10;73;146
18;TIMEOUT;None;1;600;"-374,7";"0,8799";"0,61";11;8;88;176
19;DEATH;Suicide;1;6;"-304,85";"0,8733";"0,5";11;0;1;2
20;WIN;None;1;367;"13,18";"0,8667";"0,59";10;9;60;120
21;WIN;None;1;9;"218,19";"0,8602";"0,56";11;0;2;4
22;WIN;None;1;233;"171,76";"0,8538";"0,67";10;9;27;52
23;WIN;None;1;26;"217,2";"0,8474";"0,54";9;2;4;8
24;WIN;None;1;95;"198,12";"0,841";"0,52";9;4;17;32
25;TIMEOUT;None;1;600;"-346,8";"0,8347";"0,58";13;10;86;172
26;WIN;None;1;459;"9,49";"0,8284";"0,63";12;9;65;130
27;WIN;None;1;49;"227,29";"0,8222";"0,59";9;4;8;16
28;TIMEOUT;None;1;600;"-378,7";"0,8161";"0,6";10;7;86;172
29;WIN;None;1;152;"195,83";"0,8099";"0,54";11;5;22;44
30;TIMEOUT;None;1;600;"-282,3";"0,8039";"0,64";14;11;71;142
31;WIN;None;1;229;"177,54";"0,7978";"0,53";16;13;35;70
32;TIMEOUT;None;1;600;"-304,45";"0,7919";"0,57";14;14;86;172
33;WIN;None;1;28;"209,11";"0,7859";"0,39";7;2;6;12
34;DEATH;Suicide;1;7;"-305,07";"0,78";"0,43";13;0;1;2
35;TIMEOUT;None;1;600;"-323,55";"0,7742";"0,58";14;12;83;165
36;WIN;None;1;188;"158,71";"0,7684";"0,53";11;8;26;52
37;TIMEOUT;None;1;600;"-260,7";"0,7626";"0,56";15;13;74;148
38;WIN;None;1;579;"-38,51";"0,7569";"0,53";11;9;81;162
39;WIN;None;1;53;"201,21";"0,7512";"0,57";10;1;6;12
40;WIN;None;1;527;"-55,77";"0,7456";"0,53";9;8;70;140
41;TIMEOUT;None;1;600;"-340,55";"0,74";"0,54";11;11;87;172
42;WIN;None;1;425;"69,02";"0,7344";"0,51";11;9;60;120
43;WIN;None;1;324;"83,74";"0,7289";"0,55";13;10;46;92
44;TIMEOUT;None;1;600;"-330,35";"0,7235";"0,49";11;10;83;164
45;WIN;None;1;23;"222,06";"0,718";"0,52";9;2;4;6
46;WIN;None;1;16;"223,45";"0,7126";"0,44";12;2;2;4
47;WIN;None;1;94;"231,29";"0,7073";"0,51";12;9;13;26
48;WIN;None;1;216;"171,7";"0,702";"0,53";14;12;31;62
49;WIN;None;1;41;"224,85";"0,6967";"0,61";9;2;4;6
50;WIN;None;1;450;"76,77";"0,6915";"0,52";16;14;57;114
51;DEATH;Suicide;1;4;"-304,51";"0,6863";"0,5";11;0;1;2
52;WIN;None;1;40;"224,72";"0,6812";"0,48";14;3;7;14
53;WIN;None;1;210;"170,72";"0,6761";"0,47";11;7;27;54
54;WIN;None;1;9;"218,14";"0,671";"0,44";14;1;2;4
55;WIN;None;1;143;"203,76";"0,666";"0,46";11;8;21;40
56;WIN;None;1;8;"218,36";"0,661";"0,5";14;1;2;4
57;WIN;None;1;425;"74,32";"0,656";"0,5";13;13;52;104
58;WIN;None;1;140;"167,92";"0,6511";"0,46";13;7;26;50
59;WIN;None;1;433;"5,71";"0,6462";"0,48";8;6;54;108
60;WIN;None;1;64;"218,59";"0,6414";"0,42";8;3;7;14
61;WIN;None;1;41;"218,7";"0,6365";"0,54";12;3;4;8
62;WIN;None;1;76;"201,2";"0,6318";"0,46";5;3;11;22
63;TIMEOUT;None;1;600;-268;"0,627";"0,46";11;9;62;124
64;WIN;None;1;20;"230,92";"0,6223";"0,35";10;4;4;8
65;WIN;None;1;85;"227,07";"0,6177";"0,47";11;5;9;18
66;WIN;None;1;119;"221,09";"0,613";"0,46";12;10;17;34
67;WIN;None;1;291;"149,75";"0,6084";"0,42";14;12;35;68
68;WIN;None;1;18;"219,21";"0,6039";"0,28";11;2;4;6
69;WIN;None;1;21;"234,65";"0,5993";"0,29";10;3;3;6
70;WIN;None;1;352;"117,98";"0,5948";"0,42";10;10;44;86
71;WIN;None;1;39;"239,59";"0,5904";"0,31";12;6;6;12
72;WIN;None;1;42;"216,58";"0,586";"0,45";13;4;5;10
73;WIN;None;1;60;"231,02";"0,5816";"0,43";11;6;9;16
74;WIN;None;1;29;"222,89";"0,5772";"0,45";11;2;4;8
75;WIN;None;1;45;"238,17";"0,5729";"0,29";10;6;8;16
76;WIN;None;1;88;"240,26";"0,5686";"0,44";12;7;12;24
77;WIN;None;1;400;"75,92";"0,5643";"0,43";14;14;55;110
78;WIN;None;1;90;"240,12";"0,5601";"0,3";8;8;12;24
79;WIN;None;1;125;"227,12";"0,5559";"0,37";11;10;16;32
80;WIN;None;1;46;"218,2";"0,5517";"0,43";11;4;8;14
81;WIN;None;1;10;"224,57";"0,5476";"0,2";9;2;3;4
82;WIN;None;1;56;"242,6";"0,5435";"0,32";10;6;9;16
83;WIN;None;1;54;"221,29";"0,5394";"0,31";11;3;11;22
84;WIN;None;1;139;"230,49";"0,5353";"0,39";13;11;19;36
85;WIN;None;1;50;"221,12";"0,5313";"0,4";11;4;9;16
86;WIN;None;1;91;"218,45";"0,5273";"0,36";10;6;10;20
87;WIN;None;1;568;"-0,39";"0,5234";"0,42";11;11;66;130
88;WIN;None;1;62;"243,78";"0,5195";"0,31";13;8;10;20
89;WIN;None;1;42;"239,28";"0,5156";"0,33";11;6;6;12
90;WIN;None;1;21;"228,7";"0,5117";"0,19";12;4;3;6
91;WIN;None;1;14;"217,64";"0,5079";"0,43";14;1;2;4
92;WIN;None;1;205;"174,22";"0,5041";"0,39";8;6;25;50
93;WIN;None;1;52;"232,48";"0,5003";"0,37";11;6;9;16
94;WIN;None;1;24;"217,99";"0,4965";"0,38";10;1;3;6
95;WIN;None;1;38;"235,96";"0,4928";"0,29";12;5;7;14
96;WIN;None;1;177;"199,98";"0,4891";"0,4";7;7;22;42
97;WIN;None;1;141;"230,7";"0,4854";"0,35";13;12;20;40
98;WIN;None;1;53;"253,01";"0,4818";"0,25";12;8;8;16
99;WIN;None;1;92;"226,18";"0,4782";"0,3";6;5;12;24
100;WIN;None;1;53;"229,01";"0,4746";"0,3";9;5;9;18
101;WIN;None;1;6;"219,2";"0,471";"0,33";13;1;1;2
102;WIN;None;1;44;"222,34";"0,4675";"0,39";10;4;8;16
103;DEATH;Suicide;1;13;"-306,29";"0,464";"0,54";16;0;2;2
104;WIN;None;1;136;"226,8";"0,4605";"0,34";11;11;21;40
105;WIN;None;1;349;"189,54";"0,4571";"0,34";11;11;38;76
106;WIN;None;1;176;"209,55";"0,4536";"0,35";12;10;16;32
107;WIN;None;1;211;"241,85";"0,4502";"0,27";15;15;32;62
108;WIN;None;1;70;"256,02";"0,4469";"0,3";15;8;9;18
109;WIN;None;1;83;"241,11";"0,4435";"0,33";11;6;9;18
110;WIN;None;1;61;"247,05";"0,4402";"0,31";10;8;10;20
111;WIN;None;1;149;"227,54";"0,4369";"0,32";10;9;18;34
112;WIN;None;1;96;"222,65";"0,4336";"0,32";12;8;12;24
113;WIN;None;1;44;"241,29";"0,4303";"0,27";12;5;8;16
114;WIN;None;1;334;"139,79";"0,4271";"0,37";11;11;37;74
115;WIN;None;1;127;"202,68";"0,4239";"0,35";11;5;15;28
116;WIN;None;1;41;"239,2";"0,4207";"0,22";11;5;7;12
117;WIN;None;1;112;"243,28";"0,4176";"0,33";13;11;15;30
118;WIN;None;1;154;"220,64";"0,4144";"0,31";15;10;21;42
119;DEATH;Suicide;1;4;"-304,51";"0,4113";"0,25";10;0;1;2
120;WIN;None;1;20;"228,77";"0,4083";"0,4";11;3;4;6
121;WIN;None;1;143;"246,96";"0,4052";"0,29";12;12;16;32
122;WIN;None;1;91;"242,8";"0,4022";"0,31";10;10;13;24
123;WIN;None;1;122;"225,03";"0,3991";"0,28";11;6;13;26
124;WIN;None;1;252;"230,33";"0,3961";"0,26";14;14;33;64
125;DEATH;Suicide;1;4;"-301,01";"0,3932";"0,25";13;0;1;2
126;WIN;None;1;109;"237,49";"0,3902";"0,27";14;10;17;34
127;WIN;None;1;33;"230,86";"0,3873";"0,27";10;5;7;14
128;WIN;None;1;23;"214,41";"0,3844";"0,3";10;1;4;8
129;WIN;None;1;41;"249,3";"0,3815";"0,22";15;6;6;12
130;WIN;None;1;85;"225,62";"0,3786";"0,33";13;7;11;22
131;WIN;None;1;11;"218,2";"0,3758";"0,36";7;1;1;2
132;WIN;None;1;29;"239,14";"0,373";"0,17";17;5;4;8
133;WIN;None;1;79;"214,39";"0,3702";"0,35";10;4;10;20
134;WIN;None;1;18;"229,06";"0,3674";0;15;3;4;8
135;WIN;None;1;98;"204,71";"0,3647";"0,26";11;6;12;24
136;WIN;None;1;35;"226,07";"0,3619";"0,29";12;3;6;12
137;WIN;None;1;18;"229,21";"0,3592";"0,33";10;2;3;6
138;WIN;None;1;123;"250,86";"0,3565";"0,22";15;12;17;34
139;WIN;None;1;84;"232,04";"0,3538";"0,29";9;7;12;24
140;WIN;None;1;94;"250,54";"0,3512";"0,24";12;11;15;30
141;WIN;None;1;247;"191,68";"0,3486";"0,3";13;13;29;58
142;WIN;None;1;89;"217,84";"0,3459";"0,26";14;5;11;22
143;WIN;None;1;6;"219,2";"0,3433";"0,33";11;1;1;2
144;WIN;None;1;20;"234,92";"0,3408";"0,25";11;4;4;8
145;WIN;None;1;44;"219,69";"0,3382";"0,25";15;3;6;10
146;WIN;None;1;34;"212,09";"0,3357";"0,29";13;2;6;10
147;WIN;None;1;25;"223,62";"0,3332";"0,08";12;2;4;8
148;WIN;None;1;21;"226,8";"0,3307";"0,19";13;3;3;6
149;WIN;None;1;28;"233,46";"0,3282";"0,29";12;4;5;8
150;WIN;None;1;48;"237,06";"0,3257";"0,19";12;6;9;16
151;WIN;None;1;234;"184,84";"0,3233";"0,29";11;11;28;56
152;WIN;None;1;311;"170,4";"0,3209";"0,2";12;12;40;78
153;WIN;None;1;30;"232,97";"0,3184";"0,13";15;4;5;8
154;WIN;None;1;43;"222,81";"0,3161";"0,28";11;4;7;14
155;WIN;None;1;72;"240,13";"0,3137";"0,19";13;7;8;16
156;WIN;None;1;34;"240,54";"0,3113";"0,18";10;5;6;12
157;WIN;None;1;246;"205,4";"0,309";"0,22";11;7;36;72
158;WIN;None;1;40;"227,32";"0,3067";"0,2";14;3;7;14
159;WIN;None;1;33;"228,56";"0,3044";"0,21";11;4;5;10
160;WIN;None;1;138;"211,61";"0,3021";"0,16";9;8;17;32
161;WIN;None;1;120;"237,67";"0,2998";"0,2";10;9;13;24
162;WIN;None;1;9;"218,69";"0,2976";"0,11";10;1;1;2
163;WIN;None;1;117;"249,68";"0,2954";"0,23";15;13;14;28
164;WIN;None;1;157;"213,08";"0,2931";"0,27";12;10;22;44
165;WIN;None;1;14;"223,84";"0,2909";"0,21";11;1;2;4
166;WIN;None;1;78;"232,41";"0,2888";"0,27";11;8;13;26
167;WIN;None;1;70;"228,12";"0,2866";"0,2";8;5;10;20
168;WIN;None;1;67;"248,73";"0,2844";"0,21";10;8;9;18
169;DEATH;Suicide;1;4;"-301,01";"0,2823";"0,5";9;0;1;2
170;WIN;None;1;21;"234,8";"0,2802";"0,14";9;5;4;8
171;WIN;None;1;156;"206,8";"0,2781";"0,26";10;7;19;38
172;WIN;None;1;59;"264,19";"0,276";"0,22";13;10;7;14
173;DEATH;Suicide;1;4;"-304,51";"0,2739";"0,25";14;0;1;2
174;WIN;None;1;67;"271,13";"0,2719";"0,21";13;11;10;20
175;WIN;None;1;11;"224,35";"0,2698";"0,18";8;1;2;4
176;WIN;None;1;169;"241,79";"0,2678";"0,19";15;15;25;50
177;WIN;None;1;33;"238,66";"0,2658";"0,15";9;6;6;12
178;WIN;None;1;7;"219,03";"0,2638";"0,14";11;1;2;2
179;WIN;None;1;43;"239,01";"0,2618";"0,16";13;6;9;18
180;WIN;None;1;55;"236,22";"0,2599";"0,15";8;5;8;16
181;WIN;None;1;18;"223,11";"0,2579";"0,22";7;2;2;4
182;WIN;None;1;163;"240,21";"0,256";"0,2";13;13;20;40
183;WIN;None;1;91;"276,7";"0,2541";"0,26";13;13;10;20
184;WIN;None;1;50;"255,97";"0,2522";"0,14";15;9;8;16
185;WIN;None;1;94;"246,19";"0,2503";"0,19";12;9;12;24
186;WIN;None;1;42;"233,03";"0,2484";"0,21";9;4;6;12
187;WIN;None;1;43;"219,01";"0,2465";"0,19";11;3;7;14
188;DEATH;Suicide;1;4;"-304,51";"0,2447";"0,25";15;0;2;2
189;WIN;None;1;106;"260,5";"0,2428";"0,16";11;11;14;28
190;WIN;None;1;58;"254,51";"0,241";"0,14";10;8;7;14
191;WIN;None;1;17;"229,33";"0,2392";"0,29";13;3;3;6
192;WIN;None;1;74;"257,39";"0,2374";"0,16";10;9;10;20
193;WIN;None;1;50;"233,72";"0,2356";"0,26";13;5;8;16
194;WIN;None;1;18;"229,21";"0,2339";"0,22";13;3;3;6
195;WIN;None;1;131;"222,2";"0,2321";"0,15";8;8;15;30
196;WIN;None;1;121;"248,7";"0,2304";"0,17";15;11;10;20
197;WIN;None;1;91;"239,75";"0,2287";"0,12";11;9;12;24
198;WIN;None;1;19;"222,89";"0,2269";"0,21";13;2;3;6
199;WIN;None;1;161;211;"0,2252";"0,19";9;8;18;36
200;WIN;None;1;36;"240,4";"0,2235";"0,14";13;5;7;14
201;WIN;None;1;45;"266,67";"0,2219";"0,2";14;9;7;14
202;WIN;None;1;46;"234,2";"0,2202";"0,26";9;5;7;14
203;WIN;None;1;59;"209,74";"0,2186";"0,12";11;3;7;14
204;WIN;None;1;36;"244,05";"0,2169";"0,14";15;6;6;12
205;WIN;None;1;34;"222,29";"0,2153";"0,12";7;2;6;12
206;WIN;None;1;96;"262,25";"0,2137";"0,16";13;10;9;18
207;WIN;None;1;41;"245,5";"0,2121";"0,07";10;7;9;16
208;WIN;None;1;54;"255,14";"0,2105";"0,17";13;9;8;14
209;WIN;None;1;40;"220,27";"0,2089";"0,23";12;5;3;6
210;WIN;None;1;33;"244,71";"0,2073";"0,03";16;6;6;12
211;WIN;None;1;10;"214,52";"0,2058";"0,4";8;1;3;4
212;WIN;None;1;48;"232,06";"0,2042";"0,17";11;4;6;12
213;DEATH;Suicide;1;4;"-304,51";"0,2027";"0,25";11;0;1;2
214;WIN;None;1;39;"249,69";"0,2012";"0,05";10;6;7;14
215;WIN;None;1;41;237;"0,1997";"0,2";13;5;5;10
216;WIN;None;1;62;"263,73";"0,1982";"0,15";13;10;8;16
217;WIN;None;1;84;"244,04";"0,1967";"0,18";12;10;11;20
218;WIN;None;1;24;"228,04";"0,1952";"0,13";11;3;7;12
219;WIN;None;1;46;"213,4";"0,1938";"0,13";15;3;4;8
220;WIN;None;1;109;"237,64";"0,1923";"0,12";13;8;18;36
221;WIN;None;1;89;"233,49";"0,1909";"0,11";10;8;16;30
222;WIN;None;1;85;"222,97";"0,1894";"0,14";8;5;11;22
223;WIN;None;1;151;"222,5";"0,188";"0,15";13;10;19;38
224;WIN;None;1;35;"232,22";"0,1866";"0,14";6;3;5;8
225;WIN;None;1;61;"242,1";"0,1852";"0,13";14;8;8;16
226;WIN;None;1;63;"251,46";"0,1838";"0,1";12;8;8;16
227;WIN;None;1;42;"230,38";"0,1824";"0,12";12;4;4;8
228;WIN;None;1;60;"231,42";"0,1811";"0,12";12;6;8;14
229;WIN;None;1;34;"234,44";"0,1797";"0,09";9;5;5;10
230;WIN;None;1;50;"247,72";"0,1784";"0,22";17;8;5;10
231;WIN;None;1;13;"223,96";"0,177";"0,08";6;2;2;4
232;WIN;None;1;35;"244,17";"0,1757";"0,14";13;5;6;10
233;WIN;None;1;81;"216,3";"0,1744";"0,09";9;5;6;12
234;WIN;None;1;59;"238,54";"0,1731";"0,15";11;7;9;18
235;WIN;None;1;38;"239,51";"0,1718";"0,16";12;6;8;16
236;WIN;None;1;75;"228,77";"0,1705";"0,09";8;5;11;22
237;WIN;None;1;40;"237,47";"0,1692";"0,15";10;4;6;10
238;WIN;None;1;112;"249,68";"0,1679";"0,13";11;10;12;24
239;WIN;None;1;126;"252,45";"0,1667";"0,17";17;11;16;32
240;WIN;None;1;33;"228,21";"0,1654";"0,24";8;4;6;12
241;WIN;None;1;62;"253,98";"0,1642";"0,1";9;8;11;22
242;WIN;None;1;52;"229,53";"0,163";"0,13";11;5;5;10
243;WIN;None;1;202;"217,03";"0,1617";"0,13";13;11;28;56
244;WIN;None;1;69;"268,09";"0,1605";"0,07";14;11;10;20
245;WIN;None;1;54;"257,34";"0,1593";"0,09";9;9;7;14
246;WIN;None;1;40;"237,22";"0,1581";"0,08";9;4;5;10
247;WIN;None;1;91;"269,85";"0,1569";"0,07";11;11;13;26
248;WIN;None;1;24;"230,29";"0,1558";"0,17";12;4;6;10
249;WIN;None;1;59;"265,84";"0,1546";"0,07";13;11;8;16
250;WIN;None;1;61;"251,3";"0,1534";"0,05";8;7;10;18
251;WIN;None;1;27;"227,43";"0,1523";"0,07";12;3;5;8
252;WIN;None;1;30;"241,32";"0,1511";"0,07";10;5;5;10
253;WIN;None;1;132;"241,98";"0,15";"0,08";15;11;21;42
254;WIN;None;1;33;"250,41";"0,1489";"0,09";14;7;5;10
255;WIN;None;1;50;"237,82";"0,1478";"0,18";11;6;6;12
256;WIN;None;1;21;"228,5";"0,1467";"0,1";7;2;3;6
257;WIN;None;1;39;"229,84";"0,1456";"0,18";7;6;8;14
258;WIN;None;1;105;"259,47";"0,1445";"0,07";12;12;16;32
259;WIN;None;1;52;"198,78";"0,1434";"0,12";12;5;5;10
260;WIN;None;1;16;"229,5";"0,1423";"0,06";9;3;3;6
261;WIN;None;1;60;"234,92";"0,1412";"0,07";9;5;10;18
262;WIN;None;1;129;"242,69";"0,1402";"0,12";9;9;16;32
263;WIN;None;1;60;"239,47";"0,1391";"0,13";7;6;7;14
264;WIN;None;1;48;"223,96";"0,1381";"0,17";13;4;3;6
265;WIN;None;1;44;"272,94";"0,137";"0,11";17;10;8;16
266;WIN;None;1;31;"239,1";"0,136";"0,13";11;4;5;10
267;WIN;None;1;65;"256,57";"0,135";"0,05";13;9;10;20
268;DEATH;Suicide;1;7;"-301,67";"0,134";"0,14";12;0;1;2
269;WIN;None;1;84;"258,14";"0,133";"0,1";14;9;9;18
270;WIN;None;1;20;"234,47";"0,132";"0,1";9;3;4;8
271;WIN;None;1;124;"245,34";"0,131";"0,09";9;9;15;30
272;WIN;None;1;33;"222,11";"0,13";"0,12";11;2;4;8
273;WIN;None;1;92;"244,98";"0,129";"0,1";14;9;15;28
274;WIN;None;1;10;"224,57";"0,1281";0;11;2;2;4
275;WIN;None;1;94;"259,29";"0,1271";"0,09";15;13;11;22
276;WIN;None;1;162;"244,08";"0,1262";"0,05";13;10;27;52
277;WIN;None;1;85;"257,97";"0,1252";"0,11";12;10;13;26
278;WIN;None;1;72;"229,68";"0,1243";"0,07";10;5;9;18
279;WIN;None;1;6;"219,2";"0,1233";0;10;1;1;2
280;WIN;None;1;33;"244,86";"0,1224";"0,06";15;6;7;12
281;WIN;None;1;23;"240,26";"0,1215";"0,04";8;5;5;10
282;WIN;None;1;62;"234,93";"0,1206";"0,11";8;5;7;14
283;WIN;None;1;48;"238,01";"0,1197";"0,04";13;6;8;14
284;WIN;None;1;71;"274,65";"0,1188";"0,03";14;12;11;22
285;WIN;None;1;21;"234,75";"0,1179";"0,14";11;4;4;8
286;WIN;None;1;35;"244,42";"0,117";"0,03";10;6;6;12
287;WIN;None;1;12;"230,28";"0,1161";"0,08";14;3;4;6
288;WIN;None;1;11;"224,4";"0,1153";"0,09";9;2;2;4
289;WIN;None;1;36;"243,85";"0,1144";"0,08";12;7;5;10
290;WIN;None;1;74;"275,09";"0,1135";"0,04";17;13;11;22
291;WIN;None;1;48;"248,16";"0,1127";"0,06";7;6;7;14
292;WIN;None;1;13;"224,06";"0,1118";"0,15";8;3;2;4
293;WIN;None;1;49;"233,19";"0,111";"0,06";6;5;6;12
294;WIN;None;1;27;"245,78";"0,1102";"0,11";15;5;5;10
295;WIN;None;1;19;"235,09";"0,1093";0;13;4;3;6
296;WIN;None;1;31;"251,2";"0,1085";0;11;6;6;12
297;WIN;None;1;33;"224,96";"0,1077";"0,09";14;5;3;6
298;WIN;None;1;68;"242,36";"0,1069";"0,1";9;7;10;20
299;WIN;None;1;30;"229,67";"0,1061";"0,1";12;4;4;8
300;WIN;None;1;47;"248,08";"0,1053";"0,13";10;6;7;12
301;WIN;None;1;24;"245,84";"0,1045";"0,04";12;6;5;10
302;WIN;None;1;32;"244,98";"0,1037";"0,09";14;6;6;12
303;WIN;None;1;13;"223,96";"0,1029";"0,08";11;2;2;4
304;WIN;None;1;25;"240,02";"0,1022";0;10;5;4;8
305;WIN;None;1;82;"247,33";"0,1014";"0,11";9;8;11;22
306;WIN;None;1;46;"233,9";"0,1006";"0,02";13;6;6;12
307;WIN;None;1;26;"233,9";"0,0999";"0,04";9;4;3;6
308;WIN;None;1;37;"233,73";"0,0991";"0,08";12;5;6;12
309;WIN;None;1;120;"256,57";"0,0984";"0,09";13;12;15;30
310;WIN;None;1;55;"246,62";"0,0977";"0,07";13;7;7;14
311;WIN;None;1;116;"283,45";"0,0969";"0,05";14;14;15;30
312;DEATH;Suicide;1;5;"-304,73";"0,0962";"0,4";13;0;1;2
313;WIN;None;1;80;"260,72";"0,0955";"0,05";14;11;15;30
314;WIN;None;1;34;"230,74";"0,0948";"0,06";8;3;4;8
315;WIN;None;1;28;"233,21";"0,0941";"0,07";12;5;4;8
316;WIN;None;1;108;"172,51";"0,0933";"0,07";11;9;11;20
317;WIN;None;1;6;"219,2";"0,0926";"0,17";11;1;1;2
318;WIN;None;1;32;"238,43";"0,092";"0,06";11;5;5;10
319;WIN;None;1;14;"223,84";"0,0913";0;10;2;2;4
320;WIN;None;1;52;"259,48";"0,0906";"0,1";9;8;8;16
321;WIN;None;1;56;"257,2";"0,0899";"0,05";15;8;8;16
322;WIN;None;1;59;"264,44";"0,0892";"0,08";12;9;10;18
323;WIN;None;1;61;"254,3";"0,0886";"0,02";12;8;11;20
324;WIN;None;1;44;"242,14";"0,0879";"0,07";9;6;6;12
325;WIN;None;1;76;"247,85";"0,0872";"0,07";14;9;8;16
326;WIN;None;1;86;"250,1";"0,0866";"0,08";11;9;12;24
327;WIN;None;1;77;"246,23";"0,0859";"0,05";9;9;10;20
328;WIN;None;1;15;"229,72";"0,0853";"0,07";12;2;3;6
329;WIN;None;1;18;"235,26";"0,0846";0;9;5;3;6
330;WIN;None;1;113;"200,36";"0,084";"0,06";9;7;12;24
331;WIN;None;1;182;"197,78";"0,0834";"0,1";9;8;16;32
332;WIN;None;1;57;"235,78";"0,0828";"0,11";11;7;5;10
333;WIN;None;1;12;"223,78";"0,0821";"0,08";14;2;3;6
334;WIN;None;1;139;"190,64";"0,0815";"0,04";14;9;16;30
335;WIN;None;1;21;"230,8";"0,0809";"0,19";12;3;4;8
336;WIN;None;1;35;"240,47";"0,0803";"0,06";11;5;6;12
337;WIN;None;1;223;"216,16";"0,0797";"0,05";10;10;19;38
338;WIN;None;1;28;"223,56";"0,0791";"0,14";7;2;4;8
339;WIN;None;1;195;"173,62";"0,0785";"0,03";9;4;30;60
340;WIN;None;1;76;"258,8";"0,0779";"0,04";11;9;10;20
341;WIN;None;1;76;247;"0,0773";"0,08";14;9;11;22
342;WIN;None;1;21;"240,8";"0,0768";0;13;4;4;8
343;WIN;None;1;63;"244,66";"0,0762";"0,06";13;7;9;18
344;WIN;None;1;39;"243,64";"0,0756";"0,05";11;6;8;16
345;WIN;None;1;160;"239,17";"0,075";"0,07";11;11;16;32
346;WIN;None;1;141;"279,65";"0,0745";"0,02";16;14;18;34
347;WIN;None;1;72;"264,28";"0,0739";"0,07";11;10;11;22
348;WIN;None;1;39;"236,89";"0,0734";"0,03";11;5;6;10
349;WIN;None;1;33;"250,86";"0,0728";0;8;6;6;12
350;WIN;None;1;76;"235,3";"0,0723";"0,07";8;6;11;20
351;WIN;None;1;82;"216,38";"0,0717";"0,06";9;3;7;14
352;WIN;None;1;90;"236,97";"0,0712";"0,04";11;6;14;26
353;WIN;None;1;41;"233,3";"0,0707";0;13;5;7;14
354;WIN;None;1;20;"228,82";"0,0701";0;13;3;3;6
355;WIN;None;1;40;"248,62";"0,0696";"0,03";11;6;6;12
356;WIN;None;1;13;"223,96";"0,0691";0;13;2;3;6
357;WIN;None;1;120;"229,37";"0,0686";"0,05";10;8;16;30
358;WIN;None;1;37;"255,78";"0,068";0;12;7;5;10
359;WIN;None;1;47;"254,38";"0,0675";"0,06";12;8;8;16
360;WIN;None;1;48;"248,16";"0,067";"0,04";12;6;9;18
361;WIN;None;1;44;"260,94";"0,0665";"0,02";15;9;7;14
362;WIN;None;1;41;"255,3";"0,066";"0,02";14;8;7;14
363;WIN;None;1;41;"249,15";"0,0655";"0,05";14;6;6;12
364;WIN;None;1;12;"224,18";"0,065";"0,17";12;2;2;4
365;WIN;None;1;69;"254,94";"0,0646";"0,01";14;10;13;26
366;WIN;None;1;127;"242,08";"0,0641";"0,05";14;11;15;30
367;WIN;None;1;6;"219,2";"0,0636";"0,17";15;0;2;2
368;WIN;None;1;46;"222,65";"0,0631";"0,02";8;3;6;12
369;WIN;None;1;46;"244,5";"0,0626";"0,09";10;8;8;14
370;WIN;None;1;21;"228,7";"0,0622";0;8;3;3;6
371;WIN;None;1;90;"222,52";"0,0617";"0,01";11;10;10;20
372;WIN;None;1;315;"190,87";"0,0612";"0,05";13;13;54;106
373;WIN;None;1;138;"250,41";"0,0608";"0,08";11;11;19;36
374;WIN;None;1;76;"251,65";"0,0603";"0,07";11;10;10;18
375;WIN;None;1;38;"249,61";"0,0599";"0,05";9;6;5;10
376;WIN;None;1;29;"245,44";"0,0594";"0,07";12;6;5;10
377;WIN;None;1;42;"236,98";"0,059";"0,02";16;7;9;16
378;WIN;None;1;72;"248,03";"0,0585";"0,03";13;7;11;22
379;WIN;None;1;18;"235,26";"0,0581";0;11;4;3;6
380;WIN;None;1;60;"264,22";"0,0577";"0,02";13;10;12;22
381;WIN;None;1;57;"246,58";"0,0572";"0,05";11;6;10;20
382;WIN;None;1;33;"256,81";"0,0568";"0,06";10;7;5;10
383;WIN;None;1;30;"241,37";"0,0564";"0,03";11;6;6;12
384;WIN;None;1;17;"229,43";"0,0559";"0,12";13;2;3;6
385;WIN;None;1;35;"250,52";"0,0555";0;11;8;6;12
386;WIN;None;1;16;"223,4";"0,0551";0;7;2;3;6
387;WIN;None;1;41;"249,3";"0,0547";"0,02";11;6;9;18
388;WIN;None;1;44;"236,84";"0,0543";"0,05";11;4;5;10
389;WIN;None;1;42;"255,28";"0,0539";"0,02";14;8;7;14
390;WIN;None;1;76;"267,05";"0,0535";"0,01";11;10;14;26
391;WIN;None;1;16;"229,55";"0,0531";"0,06";11;2;3;6
392;WIN;None;1;36;"237,95";"0,0527";"0,03";8;4;6;10
393;WIN;None;1;29;"232,94";"0,0523";"0,1";8;3;5;10
394;WIN;None;1;64;"88,74";"0,0519";0;13;2;3;6
395;WIN;None;1;35;"244,42";"0,0515";"0,03";11;6;5;10
396;WIN;None;1;106;"275,05";"0,0511";"0,06";15;13;14;28
397;WIN;None;1;13;"230,11";"0,0507";0;15;3;3;6
398;WIN;None;1;15;"223,62";"0,0504";"0,07";8;2;3;6
399;WIN;None;1;56;"247,7";"0,05";"0,04";11;8;8;16
400;WIN;None;1;42;"235,98";"0,05";"0,1";15;5;6;12
401;WIN;None;1;12;"224,08";"0,05";0;12;2;2;4
402;WIN;None;1;41;"210,05";"0,05";"0,02";12;4;4;8
403;WIN;None;1;23;"240,46";"0,05";0;11;5;5;8
404;WIN;None;1;129;"275,44";"0,05";"0,05";13;13;12;24
405;WIN;None;1;36;"244,35";"0,05";"0,06";12;6;7;12
406;WIN;None;1;67;"262,88";"0,05";"0,07";12;9;10;20
407;WIN;None;1;69;"258,74";"0,05";"0,06";12;9;8;16
408;WIN;None;1;41;"242,1";"0,05";"0,05";11;6;5;10
409;WIN;None;1;50;"237,82";"0,05";"0,02";8;5;7;14
410;WIN;None;1;7;"219,03";"0,05";0;10;0;1;2
411;WIN;None;1;111;"261,85";"0,05";"0,03";11;11;15;30
412;WIN;None;1;10;"218,52";"0,05";0;9;1;1;2
413;WIN;None;1;33;"226,36";"0,05";"0,09";10;2;4;8
414;WIN;None;1;37;"237,58";"0,05";"0,03";8;5;6;12
415;WIN;None;1;40;"255,37";"0,05";"0,03";14;7;7;14
416;WIN;None;1;105;"238,92";"0,05";"0,04";16;11;11;22
417;WIN;None;1;28;"245,66";"0,05";"0,04";13;5;5;10
418;WIN;None;1;51;"252,55";"0,05";"0,02";14;8;8;16
419;WIN;None;1;60;"269,97";"0,05";"0,07";11;10;9;18
420;WIN;None;1;55;"259,02";"0,05";"0,02";10;8;9;18
421;WIN;None;1;40;"249,62";"0,05";0;13;7;7;14
422;WIN;None;1;39;"245,69";"0,05";"0,08";13;6;7;14
423;WIN;None;1;35;"232,22";"0,05";"0,03";9;3;6;12
424;WIN;None;1;48;"254,16";"0,05";"0,04";10;7;7;12
425;WIN;None;1;29;"245,44";"0,05";"0,03";12;7;5;10
426;WIN;None;1;15;"223,27";"0,05";"0,07";8;1;3;6
427;WIN;None;1;19;"229,09";"0,05";"0,05";13;3;3;6
428;WIN;None;1;34;"256,74";"0,05";"0,03";11;8;7;14
429;WIN;None;1;37;"231,98";"0,05";"0,05";7;4;4;8
430;WIN;None;1;52;"246,88";"0,05";"0,06";14;8;8;16
431;WIN;None;1;12;"224,18";"0,05";0;16;2;2;4
432;WIN;None;1;152;"216,38";"0,05";"0,05";7;6;16;32
433;WIN;None;1;175;"233,17";"0,05";"0,02";10;8;29;58
434;WIN;None;1;13;"230,06";"0,05";0;14;3;3;6
435;WIN;None;1;22;"234,58";"0,05";"0,05";12;4;3;6
436;WIN;None;1;67;"257,13";"0,05";"0,04";9;8;8;16
437;WIN;None;1;21;"234,8";"0,05";0;16;4;4;8
438;WIN;None;1;41;"255,35";"0,05";"0,07";10;7;6;12
439;WIN;None;1;11;"224,4";"0,05";0;9;3;2;4
440;WIN;None;1;43;"243,11";"0,05";"0,02";14;6;7;14
441;WIN;None;1;24;"240,34";"0,05";"0,04";12;5;5;10
442;WIN;None;1;6;"219,2";"0,05";0;12;1;1;2
443;WIN;None;1;195;"232,17";"0,05";"0,03";10;10;28;56
444;WIN;None;1;17;"241,48";"0,05";0;13;5;4;8
445;WIN;None;1;74;"261,39";"0,05";"0,01";12;10;10;20
446;WIN;None;1;34;"244,64";"0,05";0;8;5;6;12
447;WIN;None;1;59;"246,14";"0,05";0;12;7;13;24
448;WIN;None;1;101;"274,8";"0,05";"0,02";14;12;13;26
449;WIN;None;1;203;"220,51";"0,05";"0,04";9;8;29;58
450;WIN;None;1;25;"234,07";"0,05";0;8;3;4;8
451;WIN;None;1;73;"140,71";"0,05";"0,05";14;5;5;10
452;WIN;None;1;70;"264,32";"0,05";"0,03";10;10;11;22
453;DEATH;Suicide;1;8;"-305,19";"0,05";"0,38";13;0;1;2
454;WIN;None;1;28;"239,66";"0,05";"0,07";10;4;5;10
455;WIN;None;1;26;"233,85";"0,05";"0,04";12;3;5;10
456;WIN;None;1;10;"224,57";"0,05";0;8;2;2;4
457;WIN;None;1;35;"238,22";"0,05";"0,06";11;5;5;10
458;WIN;None;1;14;"229,94";"0,05";0;13;3;3;6
459;WIN;None;1;40;"261,72";"0,05";0;10;8;8;14
460;WIN;None;1;27;"227,48";"0,05";0;13;3;5;8
461;WIN;None;1;7;"219,03";"0,05";0;11;1;2;2
462;WIN;None;1;82;"253,43";"0,05";"0,05";14;9;14;28
463;WIN;None;1;33;"244,86";"0,05";0;10;6;6;12
464;WIN;None;1;24;"228,14";"0,05";"0,04";11;5;3;6
465;WIN;None;1;60;"270,42";"0,05";"0,05";10;10;10;20
466;WIN;None;1;77;"262,03";"0,05";"0,03";16;10;11;22
467;WIN;None;1;28;"251,66";"0,05";"0,04";12;6;5;10
468;WIN;None;1;6;"219,2";"0,05";0;11;1;1;2
469;WIN;None;1;45;"260,72";"0,05";"0,02";11;9;8;16
470;WIN;None;1;53;"247,31";"0,05";"0,04";7;6;8;16
471;WIN;None;1;94;"258,19";"0,05";"0,01";13;10;17;34
472;WIN;None;1;29;"239,44";"0,05";0;15;5;7;12
473;WIN;None;1;39;"245,79";"0,05";"0,05";12;6;7;14
474;WIN;None;1;16;"229,6";"0,05";0;11;2;4;6
475;WIN;None;1;49;"252,34";"0,05";"0,08";15;8;10;20
476;WIN;None;1;58;"240,11";"0,05";"0,03";12;5;10;20
477;WIN;None;1;65;"203,37";"0,05";"0,06";6;3;6;12
478;WIN;None;1;36;"244,3";"0,05";"0,03";13;5;7;14
479;WIN;None;1;15;"219,77";"0,05";"0,07";9;2;3;6
480;WIN;None;1;10;"224,57";"0,05";0;11;2;2;4
481;WIN;None;1;95;"262,37";"0,05";"0,04";13;10;15;30
482;WIN;None;1;63;"263,71";"0,05";"0,02";12;9;10;20
483;WIN;None;1;57;"240,38";"0,05";"0,05";12;6;9;18
484;WIN;None;1;35;"249,67";"0,05";0;18;7;5;10
485;WIN;None;1;9;"224,74";"0,05";0;13;2;2;4
486;WIN;None;1;80;"223,37";"0,05";"0,04";8;3;11;22
487;WIN;None;1;102;"264,43";"0,05";"0,01";14;11;17;34
488;WIN;None;1;107;"249,88";"0,05";0;10;9;16;32
489;WIN;None;1;44;"242,84";"0,05";"0,02";12;6;7;14
490;WIN;None;1;46;"256,8";"0,05";"0,02";10;8;9;18
491;WIN;None;1;305;"177,57";"0,05";"0,04";10;10;27;54
492;WIN;None;1;16;"229,6";"0,05";0;10;2;3;6
493;WIN;None;1;14;"229,94";"0,05";"0,14";13;3;3;6
494;WIN;None;1;139;"254,44";"0,05";"0,05";12;11;21;42
495;WIN;None;1;9;"224,74";"0,05";0;9;1;2;4
496;WIN;None;1;87;"224,93";"0,05";"0,07";8;5;12;24
497;WIN;None;1;14;"229,94";"0,05";"0,07";11;2;3;6
498;WIN;None;1;73;"255,51";"0,05";"0,04";14;8;13;26
499;WIN;None;1;34;"244,59";"0,05";"0,03";8;5;5;10
500;WIN;None;2;49;"260,19";"0,05";"0,04";11;9;8;16
501;WIN;None;2;125;"202,62";"0,8";"0,58";14;8;19;38
502;WIN;None;2;90;"204,57";"0,7976";"0,66";12;3;10;20
503;DEATH;Suicide;2;4;"-304,51";"0,7952";"0,5";9;0;2;2
504;WIN;None;2;107;"192,03";"0,7928";"0,56";11;7;15;30
505;WIN;None;2;127;"169,48";"0,7904";"0,55";8;4;22;44
506;WIN;None;2;77;"182,98";"0,7881";"0,48";12;3;13;24
507;WIN;None;2;138;"208,46";"0,7857";"0,54";14;8;24;46
508;WIN;None;2;103;"199,01";"0,7834";"0,48";7;4;16;32
509;DEATH;Suicide;2;4;"-304,51";"0,781";"0,5";14;0;1;2
510;DEATH;Suicide;2;4;"-304,51";"0,7787";"0,5";13;0;2;2
511;WIN;None;2;136;"214,25";"0,7763";"0,6";11;5;16;32
512;WIN;None;2;428;"58,21";"0,774";"0,55";10;7;59;118
513;WIN;None;2;273;"145,56";"0,7717";"0,53";11;10;38;76
514;WIN;None;2;157;"241,63";"0,7694";"0,57";8;6;22;44
515;WIN;None;2;76;"223,2";"0,767";"0,59";8;6;11;20
516;WIN;None;2;188;"150,21";"0,7647";"0,51";15;9;32;64
517;WIN;None;2;216;"154,25";"0,7625";"0,56";15;12;33;64
518;WIN;None;2;138;"213,81";"0,7602";"0,51";12;9;20;40
519;WIN;None;2;33;"208,66";"0,7579";"0,52";12;2;5;10
520;WIN;None;2;43;"224,96";"0,7556";"0,53";9;4;7;14
521;WIN;None;2;225;"165,12";"0,7533";"0,49";13;10;33;64
522;WIN;None;2;49;"220,79";"0,7511";"0,51";6;3;7;14
523;WIN;None;2;269;"109,69";"0,7488";"0,54";15;10;41;82
524;DEATH;Suicide;2;6;"-304,95";"0,7466";"0,67";12;0;1;2
525;WIN;None;2;63;"197,21";"0,7443";"0,48";10;4;10;18
526;WIN;None;2;63;"225,06";"0,7421";"0,59";10;4;7;14
527;DEATH;Suicide;2;6;"-304,95";"0,7399";"0,67";15;0;1;2
528;WIN;None;2;220;"151,77";"0,7377";"0,52";14;9;32;64
529;WIN;None;2;337;"53,93";"0,7355";"0,53";11;10;55;110
530;WIN;None;2;234;"150,09";"0,7332";"0,54";11;11;37;72
531;WIN;None;2;248;"138,51";"0,731";"0,5";10;7;37;74
532;WIN;None;2;237;"82,73";"0,7289";"0,52";10;6;38;74
533;WIN;None;2;30;"229,07";"0,7267";"0,47";11;3;5;10
534;WIN;None;2;84;"203,74";"0,7245";"0,55";9;7;12;24
535;WIN;None;2;96;"225,15";"0,7223";"0,52";8;6;15;30
536;WIN;None;2;380;"9,62";"0,7201";"0,54";12;8;52;102
537;WIN;None;2;422;"35,08";"0,718";"0,52";13;12;61;122
538;WIN;None;2;56;"191,05";"0,7158";"0,5";7;2;11;22
539;WIN;None;2;155;"160,47";"0,7137";"0,51";12;6;25;50
540;WIN;None;2;401;"-0,1";"0,7115";"0,5";13;8;59;116
541;WIN;None;2;18;"202,61";"0,7094";"0,56";9;1;2;4
542;DEATH;Suicide;2;5;"-304,73";"0,7073";"0,4";12;0;1;2
543;WIN;None;2;105;"209,72";"0,7052";"0,47";12;6;16;30
544;WIN;None;2;86;"205,1";"0,703";"0,5";7;4;10;20
545;WIN;None;2;500;"-63,13";"0,7009";"0,46";12;9;82;162
546;WIN;None;2;49;"227,94";"0,6988";"0,57";13;5;8;14
547;WIN;None;2;471;"-77,05";"0,6967";"0,49";10;6;72;144
548;WIN;None;2;423;"14,31";"0,6946";"0,46";14;11;68;136
549;WIN;None;2;348;"36,81";"0,6926";"0,46";14;9;56;110
550;WIN;None;2;461;"84,1";"0,6905";"0,51";15;15;61;122
551;WIN;None;2;58;"191,51";"0,6884";"0,47";12;3;9;18
552;TIMEOUT;None;2;600;"-387,55";"0,6863";"0,44";16;9;94;186
553;WIN;None;2;108;"148,81";"0,6843";"0,51";7;2;15;30
554;TIMEOUT;None;2;600;"-442,55";"0,6822";"0,45";14;9;107;212
555;WIN;None;2;105;"230,82";"0,6802";"0,47";10;6;16;32
556;TIMEOUT;None;2;600;"-428,05";"0,6781";"0,45";8;5;105;210
557;TIMEOUT;None;2;600;"-382,65";"0,6761";"0,45";15;11;97;192
558;WIN;None;2;432;"13,48";"0,6741";"0,46";14;10;64;128
559;TIMEOUT;None;2;600;"-460,45";"0,6721";"0,42";10;6;104;208
560;WIN;None;2;241;"74,9";"0,67";"0,47";6;4;39;76
561;DEATH;Suicide;2;4;"-304,51";"0,668";"0,5";6;0;2;2
562;TIMEOUT;None;2;600;"-498,85";"0,666";"0,41";12;6;115;228
563;WIN;None;2;133;"168,71";"0,664";"0,38";9;6;21;42
564;WIN;None;2;68;"248,61";"0,662";"0,4";14;8;9;18
565;TIMEOUT;None;2;600;"-374,5";"0,6601";"0,42";14;10;92;182
566;WIN;None;2;116;"172,95";"0,6581";"0,47";11;5;16;32
567;WIN;None;2;360;"79,07";"0,6561";"0,47";11;10;47;94
568;TIMEOUT;None;2;600;"-386,75";"0,6541";"0,44";14;11;99;198
569;TIMEOUT;None;2;600;"-392,8";"0,6522";"0,45";12;8;93;186
570;WIN;None;2;79;"190,34";"0,6502";"0,39";12;6;14;28
571;WIN;None;2;357;"32,43";"0,6483";"0,46";12;10;56;112
572;TIMEOUT;None;2;600;"-424,25";"0,6463";"0,43";13;8;100;198
573;WIN;None;2;415;"43,47";"0,6444";"0,49";13;11;54;106
574;WIN;None;2;75;"217,47";"0,6424";"0,37";11;9;13;26
575;WIN;None;2;194;"183,99";"0,6405";"0,5";15;10;26;52
576;WIN;None;2;302;"155,33";"0,6386";"0,48";10;9;39;78
577;WIN;None;2;326;"67,7";"0,6367";"0,47";13;10;50;100
578;WIN;None;2;144;"234,59";"0,6348";"0,44";10;8;17;34
579;WIN;None;2;39;"205,24";"0,6329";"0,44";9;4;8;16
580;WIN;None;2;201;"179,45";"0,631";"0,44";15;9;31;62
581;WIN;None;2;261;"85,2";"0,6291";"0,44";9;7;37;74
582;WIN;None;2;144;"192,89";"0,6272";"0,49";13;9;18;36
583;WIN;None;2;183;"157,81";"0,6253";"0,46";8;6;21;40
584;WIN;None;2;102;"208,48";"0,6234";"0,52";12;7;15;30
585;WIN;None;2;237;"213,98";"0,6216";"0,44";16;15;32;62
586;WIN;None;2;316;"120,95";"0,6197";"0,48";11;9;37;74
587;WIN;None;2;246;"142,9";"0,6178";"0,45";13;11;34;66
588;WIN;None;2;98;"172,81";"0,616";"0,45";8;1;14;28
589;WIN;None;2;325;"72,17";"0,6141";"0,44";11;10;52;104
590;WIN;None;2;238;"150,61";"0,6123";"0,42";13;10;32;64
591;WIN;None;2;160;"166,32";"0,6105";"0,53";8;5;21;40
592;WIN;None;2;112;"230,38";"0,6086";"0,42";16;9;15;30
593;DEATH;Suicide;2;10;"-305,63";"0,6068";"0,5";8;0;1;2
594;WIN;None;2;238;"206,06";"0,605";"0,48";16;12;23;46
595;WIN;None;2;107;"217,38";"0,6032";"0,41";12;8;16;32
596;WIN;None;2;58;"184,26";"0,6014";"0,4";6;3;11;22
597;WIN;None;2;84;"205,74";"0,5995";"0,46";9;4;11;22
598;DEATH;Suicide;2;4;"-304,51";"0,5977";"0,25";9;0;1;2
599;WIN;None;2;442;"18,93";"0,596";"0,47";8;7;55;110
600;WIN;None;2;209;"173,14";"0,5942";"0,49";13;11;25;50
601;WIN;None;2;50;"249,42";"0,5924";"0,26";10;6;7;12
602;WIN;None;2;178;"205,76";"0,5906";"0,47";10;10;21;42
603;WIN;None;2;153;"195,66";"0,5888";"0,41";8;5;20;40
604;WIN;None;2;385;"82,37";"0,5871";"0,46";10;8;57;114
605;WIN;None;2;162;"158,13";"0,5853";"0,39";14;9;28;56
606;WIN;None;2;158;"228,31";"0,5836";"0,45";10;6;20;40
607;WIN;None;2;106;"236,6";"0,5818";"0,4";11;8;13;24
608;WIN;None;2;148;"202,71";"0,5801";"0,34";14;10;23;46
609;WIN;None;2;262;"175,83";"0,5783";"0,5";11;9;32;64
610;WIN;None;2;171;"205,4";"0,5766";"0,43";13;10;26;50
611;WIN;None;2;117;"243,63";"0,5749";"0,32";11;10;15;28
612;WIN;None;2;105;"188,17";"0,5731";"0,37";11;7;17;34
613;WIN;None;2;212;"153,83";"0,5714";"0,42";10;9;32;64
614;WIN;None;2;80;"232,17";"0,5697";"0,49";16;7;11;22
615;WIN;None;2;199;"181,54";"0,568";"0,47";12;10;28;54
616;WIN;None;2;142;"203,58";"0,5663";"0,4";12;8;18;36
617;DEATH;Suicide;2;4;"-304,51";"0,5646";"0,5";13;0;1;2
618;WIN;None;2;84;"249,79";"0,5629";"0,38";14;8;9;18
619;WIN;None;2;150;"212,07";"0,5612";"0,39";12;9;22;44
620;WIN;None;2;158;"229,31";"0,5595";"0,4";11;11;23;46
621;WIN;None;2;233;"190,96";"0,5578";"0,43";14;9;33;64
622;WIN;None;2;119;"211,04";"0,5562";"0,41";8;6;12;24
623;WIN;None;2;227;"189,38";"0,5545";"0,43";11;11;30;60
624;WIN;None;2;225;"170,77";"0,5528";"0,41";16;11;31;60
625;WIN;None;2;89;"213,24";"0,5512";"0,34";11;6;14;26
626;WIN;None;2;25;"216,07";"0,5495";"0,4";16;4;5;10
627;WIN;None;2;108;"224,11";"0,5479";"0,34";11;9;18;36
628;WIN;None;2;9;"204,64";"0,5462";"0,22";9;1;1;2
629;WIN;None;2;103;"230,96";"0,5446";"0,34";13;9;15;28
630;DEATH;Suicide;2;4;"-304,51";"0,543";"0,25";11;0;1;2
631;WIN;None;2;212;"166,68";"0,5413";"0,36";7;6;23;46
632;WIN;None;2;80;"212,42";"0,5397";"0,38";11;5;11;22
633;DEATH;Suicide;2;4;"-304,51";"0,5381";"0,25";12;0;1;2
634;WIN;None;2;94;"216,09";"0,5365";"0,43";12;4;13;26
635;WIN;None;2;49;"245,54";"0,5349";"0,47";7;3;7;14
636;WIN;None;2;164;"258,49";"0,5333";"0,44";9;9;18;36
637;WIN;None;2;231;"156,3";"0,5317";"0,35";12;10;33;66
638;WIN;None;2;106;"229,9";"0,5301";"0,32";9;7;19;36
639;WIN;None;2;106;"185,9";"0,5285";"0,42";7;4;18;34
640;WIN;None;2;357;"76,23";"0,5269";"0,41";9;7;51;102
641;WIN;None;2;278;"149,81";"0,5253";"0,39";12;11;36;72
642;WIN;None;2;78;"237,11";"0,5237";"0,35";10;5;12;24
643;WIN;None;2;187;"147,23";"0,5222";"0,43";8;6;26;52
644;WIN;None;2;69;"226,54";"0,5206";"0,42";14;7;11;22
645;WIN;None;2;60;"206,02";"0,519";"0,3";9;6;11;20
646;WIN;None;2;335;"92,07";"0,5175";"0,36";16;14;52;104
647;WIN;None;2;189;"139,74";"0,5159";"0,41";13;8;26;52
648;WIN;None;2;139;"164,24";"0,5144";"0,41";10;6;19;38
649;WIN;None;2;59;"220,44";"0,5128";"0,34";10;5;12;22
650;WIN;None;2;207;"86,28";"0,5113";"0,34";9;6;40;80
651;WIN;None;2;187;"156,98";"0,5098";"0,36";14;9;28;56
652;WIN;None;2;52;"200,43";"0,5082";"0,44";10;1;8;16
653;TIMEOUT;None;2;600;"-364,65";"0,5067";"0,38";11;9;88;176
654;WIN;None;2;54;"252,74";"0,5052";"0,24";11;5;11;20
655;DEATH;Suicide;2;6;"-304,85";"0,5037";"0,5";14;0;2;2
656;TIMEOUT;None;2;600;"-358,4";"0,5022";"0,36";12;11;91;180
657;WIN;None;2;110;"224,47";"0,5006";"0,35";6;4;15;30
658;WIN;None;2;124;"218,39";"0,4991";"0,41";9;6;13;26
659;WIN;None;2;47;"227,53";"0,4976";"0,34";12;4;7;14
660;WIN;None;2;342;"90,38";"0,4962";"0,38";13;11;49;96
661;WIN;None;2;447;"138,18";"0,4947";"0,36";13;12;63;126
662;WIN;None;2;109;"237,94";"0,4932";"0,35";12;8;17;34
663;TIMEOUT;None;2;600;"-401,85";"0,4917";"0,33";12;9;97;192
664;WIN;None;2;554;"-107,26";"0,4902";"0,31";15;13;92;182
665;TIMEOUT;None;2;600;"-384,55";"0,4888";"0,35";11;10;95;188
666;TIMEOUT;None;2;600;"-419,85";"0,4873";"0,31";11;8;100;200
667;TIMEOUT;None;2;600;"-405,15";"0,4858";"0,35";13;10;99;198
668;WIN;None;2;59;"225,29";"0,4844";"0,32";9;4;8;16
669;WIN;None;2;71;"246,2";"0,4829";"0,41";12;6;11;20
670;WIN;None;2;41;"204,9";"0,4815";"0,34";10;4;8;16
671;WIN;None;2;50;"233,82";"0,48";"0,3";10;5;8;16
672;WIN;None;2;144;"197,14";"0,4786";"0,4";9;7;16;32
673;WIN;None;2;27;"233,68";"0,4772";"0,37";10;3;3;6
674;WIN;None;2;200;"196,67";"0,4757";"0,36";11;8;25;50
675;WIN;None;2;53;"206,86";"0,4743";"0,34";10;2;7;14
676;WIN;None;2;49;"225,84";"0,4729";"0,24";10;3;5;10
677;WIN;None;2;39;"215,84";"0,4715";"0,31";10;3;8;16
678;WIN;None;2;124;"177,24";"0,47";"0,32";8;5;12;24
679;TIMEOUT;None;2;600;"-463,4";"0,4686";"0,33";11;7;108;214
680;TIMEOUT;None;2;600;"-328,6";"0,4672";"0,34";12;7;68;136
681;WIN;None;2;306;"113,55";"0,4658";"0,36";12;8;37;74
682;WIN;None;2;179;"161,39";"0,4644";"0,36";11;6;19;38
683;WIN;None;2;272;"156,28";"0,463";"0,35";15;8;41;80
684;TIMEOUT;None;2;600;"-330,25";"0,4616";"0,36";13;8;72;144
685;TIMEOUT;None;2;600;"-344,8";"0,4603";"0,34";8;6;71;142
686;WIN;None;2;83;"227,86";"0,4589";"0,33";12;6;11;22
687;WIN;None;2;427;"117,13";"0,4575";"0,35";14;8;47;92
688;TIMEOUT;None;2;600;"-310,15";"0,4561";"0,37";10;6;60;120
689;WIN;None;2;206;"200,75";"0,4548";"0,36";13;7;21;42
690;DEATH;Suicide;2;5;"-304,73";"0,4534";"0,6";14;0;2;2
691;TIMEOUT;None;2;600;"-321,2";"0,452";"0,34";13;7;66;130
692;WIN;None;2;196;"177,05";"0,4507";"0,32";15;10;21;42
693;WIN;None;2;420;"1,22";"0,4493";"0,35";9;8;48;94
694;WIN;None;2;36;"187,55";"0,448";"0,36";7;1;5;10
695;DEATH;Suicide;2;4;"-304,51";"0,4466";"0,5";11;0;2;2
696;DEATH;Suicide;2;5;"-304,73";"0,4453";"0,6";12;0;1;2
697;WIN;None;2;36;"220,2";"0,444";"0,33";11;4;6;12
698;WIN;None;2;257;"122,08";"0,4426";"0,35";12;4;28;56
699;WIN;None;2;57;"223,83";"0,4413";"0,23";10;5;12;24
700;WIN;None;2;226;"74,8";"0,44";"0,31";11;6;36;72
701;WIN;None;2;307;"137,08";"0,4387";"0,33";12;7;27;54
702;WIN;None;2;337;"21,23";"0,4373";"0,27";11;7;49;98
703;WIN;None;2;21;"218,6";"0,436";"0,43";7;2;3;6
704;WIN;None;2;299;"89,99";"0,4347";"0,33";12;7;38;76
705;WIN;None;2;213;"115,31";"0,4334";"0,27";13;9;34;68
706;WIN;None;2;122;"240,68";"0,4321";"0,34";9;7;15;30
707;WIN;None;2;71;"199,35";"0,4308";"0,31";10;4;7;14
708;WIN;None;2;530;"-121,98";"0,4295";"0,26";12;9;86;172
709;WIN;None;2;144;"182,39";"0,4282";"0,33";7;4;22;44
710;WIN;None;2;404;"-23,46";"0,4269";"0,32";14;12;70;140
711;WIN;None;2;538;"-156,29";"0,4257";"0,28";15;12;94;188
712;WIN;None;2;475;"-132,88";"0,4244";"0,29";12;8;85;170
713;WIN;None;2;321;"114,75";"0,4231";"0,31";8;8;33;66
714;WIN;None;2;249;"94,54";"0,4218";"0,29";12;8;41;82
715;TIMEOUT;None;2;600;"-423,9";"0,4206";"0,28";17;9;102;204
716;TIMEOUT;None;2;600;"-487,15";"0,4193";"0,26";12;6;111;221
717;WIN;None;2;278;"77,61";"0,4181";"0,24";12;9;53;104
718;TIMEOUT;None;2;600;"-496,3";"0,4168";"0,25";11;4;109;218
719;WIN;None;2;257;"49,13";"0,4156";"0,28";12;8;47;94
720;TIMEOUT;None;2;600;"-450,5";"0,4143";"0,3";12;8;104;208
721;TIMEOUT;None;2;600;"-403,1";"0,4131";"0,28";16;12;104;208
722;TIMEOUT;None;2;600;"-438,2";"0,4118";"0,27";13;7;101;202
723;WIN;None;2;113;"242,06";"0,4106";"0,29";10;7;19;36
724;WIN;None;2;63;"178,61";"0,4094";"0,27";12;3;11;22
725;WIN;None;2;48;"217,76";"0,4081";"0,35";6;3;8;16
726;TIMEOUT;None;2;600;"-461,3";"0,4069";"0,27";10;5;102;204
727;TIMEOUT;None;2;600;"-456,85";"0,4057";"0,26";12;7;106;212
728;WIN;None;2;470;"-88,88";"0,4045";"0,3";11;9;74;148
729;TIMEOUT;None;2;600;"-450,45";"0,4033";"0,27";12;10;111;222
730;WIN;None;2;201;"129,3";"0,402";"0,23";12;6;35;68
731;TIMEOUT;None;2;600;"-463,2";"0,4008";"0,25";11;6;108;216
732;TIMEOUT;None;2;600;"-448,75";"0,3996";"0,24";15;11;113;226
733;WIN;None;2;59;"244,34";"0,3984";"0,34";9;8;10;18
734;TIMEOUT;None;2;600;"-496,1";"0,3972";"0,23";12;7;117;234
735;TIMEOUT;None;2;600;"-501,3";"0,3961";"0,24";12;8;120;240
736;TIMEOUT;None;2;600;"-461,5";"0,3949";"0,24";15;10;113;225
737;WIN;None;2;54;"253,09";"0,3937";"0,37";10;7;7;14
738;WIN;None;2;42;"237,08";"0,3925";"0,33";8;4;6;10
739;TIMEOUT;None;2;600;"-517,35";"0,3913";"0,28";7;3;113;226
740;TIMEOUT;None;2;600;"-466,75";"0,3901";"0,25";10;8;112;223
741;WIN;None;2;82;"190,23";"0,389";"0,16";10;6;14;28
742;DEATH;Suicide;2;4;"-304,51";"0,3878";"0,25";13;0;1;2
743;WIN;None;2;65;"225,42";"0,3866";"0,25";10;6;12;24
744;TIMEOUT;None;2;600;"-502,15";"0,3855";"0,24";11;6;115;228
745;TIMEOUT;None;2;600;"-466,65";"0,3843";"0,28";11;6;107;213
746;WIN;None;2;262;"93,08";"0,3832";"0,24";15;10;44;86
747;WIN;None;2;309;"64,24";"0,382";"0,28";12;10;53;106
748;WIN;None;2;201;"144,35";"0,3809";"0,26";9;5;32;62
749;TIMEOUT;None;2;600;"-431,6";"0,3797";"0,26";15;10;107;212
750;WIN;None;2;165;"101,37";"0,3786";"0,22";8;4;28;56
751;WIN;None;2;58;"207,71";"0,3775";"0,36";14;5;10;18
752;WIN;None;2;119;"158,69";"0,3763";"0,25";13;6;24;48
753;WIN;None;2;93;"212,61";"0,3752";"0,3";8;7;13;26
754;WIN;None;2;121;191;"0,3741";"0,28";10;8;18;36
755;WIN;None;2;571;"-82,35";"0,373";"0,22";10;10;79;158
756;WIN;None;2;124;"175,59";"0,3718";"0,31";12;6;21;42
757;WIN;None;2;156;"183,25";"0,3707";"0,24";8;5;16;32
758;WIN;None;2;52;"219,08";"0,3696";"0,23";11;5;8;16
759;DEATH;Suicide;2;10;"-305,73";"0,3685";"0,2";15;0;1;2
760;WIN;None;2;35;"202,07";"0,3674";"0,23";4;0;5;8
761;TIMEOUT;None;2;600;"-435,75";"0,3663";"0,21";17;13;115;230
762;WIN;None;2;38;"217,06";"0,3652";"0,34";8;2;5;10
763;WIN;None;2;154;"203,94";"0,3641";"0,23";12;9;21;42
764;TIMEOUT;None;2;600;-422;"0,363";"0,25";12;7;94;188
765;WIN;None;2;107;"228,48";"0,3619";"0,24";12;6;9;18
766;WIN;None;2;180;"169,37";"0,3608";"0,29";11;5;24;48
767;WIN;None;2;88;"221,41";"0,3597";"0,23";10;5;11;22
768;WIN;None;2;436;"-36,5";"0,3587";"0,27";11;8;67;134
769;TIMEOUT;None;2;600;"-452,95";"0,3576";"0,23";12;10;112;222
770;WIN;None;2;156;"132,45";"0,3565";"0,2";12;5;29;58
771;WIN;None;2;181;"151,8";"0,3555";"0,27";14;7;24;46
772;WIN;None;2;208;"111,11";"0,3544";"0,25";12;8;36;72
773;WIN;None;2;38;"223,91";"0,3533";"0,24";8;3;7;12
774;TIMEOUT;None;2;600;"-409,1";"0,3523";"0,23";11;6;90;180
775;WIN;None;2;448;"-85,09";"0,3512";"0,25";10;9;76;152
776;WIN;None;2;268;"159,41";"0,3502";"0,26";13;11;39;78
777;WIN;None;2;564;"-216,71";"0,3491";"0,2";11;8;108;216
778;WIN;None;2;72;"231,28";"0,3481";"0,24";12;6;9;18
779;DEATH;Suicide;2;4;"-304,51";"0,347";"0,5";12;0;1;2
780;WIN;None;2;286;"143,3";"0,346";"0,24";10;4;26;52
781;TIMEOUT;None;2;600;"-367,9";"0,3449";"0,23";15;11;108;215
782;WIN;None;2;474;"-21,26";"0,3439";"0,26";14;10;62;124
783;WIN;None;2;184;"218,59";"0,3429";"0,26";12;7;21;40
784;WIN;None;2;68;"210,56";"0,3418";"0,19";13;5;12;24
785;WIN;None;2;108;"182,86";"0,3408";"0,23";10;5;14;28
786;WIN;None;2;38;"251,76";"0,3398";"0,18";9;3;5;10
787;WIN;None;2;164;"215,19";"0,3388";"0,33";8;5;17;34
788;WIN;None;2;415;"11,22";"0,3378";"0,25";13;11;63;126
789;WIN;None;2;98;"187,16";"0,3367";"0,21";8;4;15;30
790;WIN;None;2;397;"-44,27";"0,3357";"0,22";10;7;65;130
791;WIN;None;2;116;"227,85";"0,3347";"0,23";14;10;17;34
792;WIN;None;2;269;"29,69";"0,3337";"0,22";9;7;49;98
793;TIMEOUT;None;2;600;"-378,75";"0,3327";"0,22";12;8;89;178
794;WIN;None;2;336;"80,6";"0,3317";"0,23";16;14;51;102
795;WIN;None;2;416;"59,6";"0,3307";"0,26";14;13;58;116
796;WIN;None;2;259;"117,59";"0,3297";"0,24";15;11;44;88
797;WIN;None;2;40;"202,97";"0,3287";"0,3";9;3;7;12
798;WIN;None;2;472;"-32,37";"0,3278";"0,2";17;15;75;150
799;WIN;None;2;96;"215,95";"0,3268";"0,17";8;5;16;30
800;WIN;None;2;259;"81,79";"0,3258";"0,22";11;7;41;82
801;WIN;None;2;121;"168,35";"0,3248";"0,25";10;3;13;26
802;TIMEOUT;None;2;600;"-448,4";"0,3238";"0,21";15;9;109;218
803;WIN;None;2;218;"122,81";"0,3229";"0,2";18;11;41;82
804;WIN;None;2;466;"-48,65";"0,3219";"0,24";10;8;61;122
805;WIN;None;2;171;"151,3";"0,3209";"0,22";10;7;27;54
806;WIN;None;2;535;"-182,98";"0,32";"0,2";11;7;95;190
807;WIN;None;2;342;"26,78";"0,319";"0,2";13;9;57;114
808;WIN;None;2;516;"-177,05";"0,3181";"0,21";12;8;93;186
809;TIMEOUT;None;2;600;"-490,55";"0,3171";"0,19";11;6;112;224
810;WIN;None;2;117;"199,13";"0,3161";"0,24";12;9;17;34
811;WIN;None;2;59;"232,24";"0,3152";"0,22";9;5;11;22
812;TIMEOUT;None;2;600;"-483,9";"0,3143";"0,19";15;9;116;231
813;WIN;None;2;187;"128,03";"0,3133";"0,27";11;6;23;46
814;TIMEOUT;None;2;600;"-424,45";"0,3124";"0,2";14;9;101;200
815;WIN;None;2;29;"217,04";"0,3114";"0,17";7;2;2;4
816;WIN;None;2;389;"-44,51";"0,3105";"0,2";11;7;67;134
817;TIMEOUT;None;2;600;"-474,45";"0,3096";"0,21";11;6;109;218
818;TIMEOUT;None;2;600;"-509,4";"0,3086";"0,22";12;6;116;232
819;TIMEOUT;None;2;600;"-525,15";"0,3077";"0,21";11;6;121;240
820;WIN;None;2;268;"222,46";"0,3068";"0,19";16;13;39;78
821;WIN;None;2;136;"182,95";"0,3059";"0,25";9;3;15;28
822;WIN;None;2;68;"234,81";"0,305";"0,21";11;7;11;22
823;TIMEOUT;None;2;600;"-478,75";"0,304";"0,19";11;8;115;229
824;TIMEOUT;None;2;600;"-424,15";"0,3031";"0,21";18;13;111;222
825;WIN;None;2;314;"31,94";"0,3022";"0,22";11;8;55;110
826;TIMEOUT;None;2;600;"-501,2";"0,3013";"0,2";11;6;115;230
827;WIN;None;2;199;"145,04";"0,3004";"0,2";12;9;18;36
828;WIN;None;2;320;"22,72";"0,2995";"0,17";12;10;55;110
829;WIN;None;2;108;"224,96";"0,2986";"0,27";9;5;10;20
830;TIMEOUT;None;2;600;"-524,4";"0,2977";"0,18";9;3;114;226
831;WIN;None;2;126;"178,75";"0,2968";"0,25";9;4;17;34
832;TIMEOUT;None;2;600;"-436,35";"0,2959";"0,18";14;11;110;220
833;WIN;None;2;156;"222,55";"0,295";"0,29";9;5;15;30
834;TIMEOUT;None;2;600;"-497,4";"0,2942";"0,19";12;6;115;230
835;TIMEOUT;None;2;600;-500;"0,2933";"0,21";10;5;113;226
836;WIN;None;2;86;"219,45";"0,2924";"0,19";12;7;14;28
837;TIMEOUT;None;2;600;"-495,8";"0,2915";"0,17";14;7;115;230
838;WIN;None;2;79;"218,79";"0,2906";"0,15";10;6;10;20
839;WIN;None;2;109;"202,24";"0,2898";"0,2";11;8;12;24
840;WIN;None;2;292;"-2,52";"0,2889";"0,18";7;5;57;114
841;TIMEOUT;None;2;600;"-469,5";"0,288";"0,19";11;6;108;216
842;WIN;None;2;242;"128,33";"0,2872";"0,19";13;8;36;72
843;WIN;None;2;64;"249,29";"0,2863";"0,2";13;8;9;18
844;WIN;None;2;383;"5,56";"0,2854";"0,21";15;11;66;132
845;WIN;None;2;96;"231,15";"0,2846";"0,23";11;7;11;22
846;TIMEOUT;None;2;600;"-487,25";"0,2837";"0,16";12;7;114;228
847;TIMEOUT;None;2;600;"-450,9";"0,2829";"0,2";12;8;108;216
848;TIMEOUT;None;2;600;"-471,45";"0,282";"0,17";16;9;115;228
849;TIMEOUT;None;2;600;"-481,8";"0,2812";"0,18";10;4;106;212
850;TIMEOUT;None;2;600;-498;"0,2803";"0,16";12;6;114;228
851;TIMEOUT;None;2;600;"-499,55";"0,2795";"0,18";11;7;118;234
852;WIN;None;2;102;"224,73";"0,2787";"0,21";10;4;6;12
853;WIN;None;2;84;"227,54";"0,2778";"0,13";7;7;14;28
854;WIN;None;2;158;"196,91";"0,277";"0,23";11;10;25;50
855;TIMEOUT;None;2;600;"-476,85";"0,2762";"0,18";12;7;109;218
856;TIMEOUT;None;2;600;"-495,3";"0,2753";"0,15";12;7;117;234
857;TIMEOUT;None;2;600;"-445,35";"0,2745";"0,17";15;10;111;220
858;WIN;None;2;168;"198,91";"0,2737";"0,24";12;7;16;32
859;WIN;None;2;48;"240,21";"0,2729";"0,15";9;6;7;14
860;WIN;None;2;192;"182,28";"0,2721";"0,26";9;6;25;50
861;TIMEOUT;None;2;600;"-520,05";"0,2712";"0,16";11;5;117;234
862;WIN;None;2;111;"188,95";"0,2704";"0,16";9;6;14;28
863;TIMEOUT;None;2;600;"-454,3";"0,2696";"0,19";15;10;113;225
864;WIN;None;2;168;"218,16";"0,2688";"0,17";13;13;30;60
865;TIMEOUT;None;2;600;"-465,55";"0,268";"0,19";10;8;111;221
866;WIN;None;2;546;"-145,2";"0,2672";"0,16";12;9;101;202
867;TIMEOUT;None;2;600;"-501,15";"0,2664";"0,15";14;8;119;237
868;WIN;None;2;220;"128,17";"0,2656";"0,17";14;12;42;84
869;WIN;None;2;163;"178,91";"0,2648";"0,13";11;10;28;56
870;TIMEOUT;None;2;600;"-493,05";"0,264";"0,14";14;8;117;234
871;TIMEOUT;None;2;600;"-514,95";"0,2632";"0,15";11;5;117;233
872;TIMEOUT;None;2;600;"-395,8";"0,2624";"0,17";14;8;94;188
873;TIMEOUT;None;2;600;"-467,7";"0,2616";"0,16";14;9;112;224
874;TIMEOUT;None;2;600;"-503,15";"0,2608";"0,17";12;5;113;225
875;TIMEOUT;None;2;600;"-479,6";"0,2601";"0,16";13;9;117;234
876;WIN;None;2;350;"23,87";"0,2593";"0,15";12;11;56;110
877;WIN;None;2;572;"-174,77";"0,2585";"0,17";14;13;108;216
878;WIN;None;2;204;"209,64";"0,2577";"0,18";13;13;31;62
879;WIN;None;2;214;"130,54";"0,257";"0,18";12;7;38;76
880;WIN;None;2;28;"195,46";"0,2562";"0,36";7;2;5;10
881;TIMEOUT;None;2;600;"-493,75";"0,2554";"0,18";12;6;112;222
882;WIN;None;2;123;"175,81";"0,2546";"0,21";9;6;22;44
883;WIN;None;2;24;"223,79";"0,2539";"0,13";11;2;5;10
884;WIN;None;2;512;"-87,42";"0,2531";"0,18";8;8;67;134
885;TIMEOUT;None;2;600;"-442,4";"0,2524";"0,17";13;10;109;218
886;WIN;None;2;187;"246,18";"0,2516";"0,19";13;12;23;46
887;TIMEOUT;None;2;600;"-430,9";"0,2509";"0,16";14;10;106;212
888;WIN;None;2;134;"174,09";"0,2501";"0,15";12;5;23;46
889;WIN;None;2;198;"123,81";"0,2493";"0,14";11;8;37;74
890;WIN;None;2;538;"-160,69";"0,2486";"0,14";11;10;102;204
891;WIN;None;2;486;"-111,9";"0,2479";"0,15";12;10;89;178
892;WIN;None;2;124;"184,89";"0,2471";"0,15";8;5;17;34
893;WIN;None;2;28;"208,61";"0,2464";"0,14";9;3;5;10
894;TIMEOUT;None;2;600;"-470,95";"0,2456";"0,16";17;10;119;236
895;TIMEOUT;None;2;600;"-477,95";"0,2449";"0,13";13;8;115;228
896;WIN;None;2;29;"215,24";"0,2442";"0,21";6;1;2;2
897;DEATH;Suicide;2;4;"-304,51";"0,2434";"0,25";9;0;1;2
898;WIN;None;2;115;"242,82";"0,2427";"0,18";10;8;13;26
899;WIN;None;2;426;"19,3";"0,242";"0,17";15;12;65;128
900;WIN;None;2;215;"98,02";"0,2412";"0,15";8;6;37;74
901;WIN;None;2;301;"25,6";"0,2405";"0,12";7;6;55;110
902;WIN;None;2;108;"250,01";"0,2398";"0,13";11;10;18;36
903;WIN;None;2;126;"228,4";"0,2391";"0,18";9;8;15;28
904;WIN;None;2;49;"253,59";"0,2384";"0,14";11;7;8;14
905;WIN;None;2;557;"-173,87";"0,2376";"0,16";12;9;101;200
906;WIN;None;2;86;"245,75";"0,2369";"0,16";13;10;13;26
907;WIN;None;2;284;"126,39";"0,2362";"0,16";12;12;48;96
908;WIN;None;2;127;"176,73";"0,2355";"0,16";14;9;24;46
909;WIN;None;2;362;"52,28";"0,2348";"0,15";15;14;58;116
910;WIN;None;2;164;"135,89";"0,2341";"0,17";14;8;32;62
911;WIN;None;2;132;"206,88";"0,2334";"0,21";9;7;19;36
912;WIN;None;2;110;"161,67";"0,2327";"0,19";7;4;15;30
913;TIMEOUT;None;2;600;"-407,95";"0,232";"0,18";18;13;107;213
914;WIN;None;2;40;"255,17";"0,2313";"0,05";12;7;8;16
915;WIN;None;2;247;"115,18";"0,2306";"0,14";10;8;44;88
916;WIN;None;2;17;"223,38";"0,2299";"0,12";9;1;2;4
917;WIN;None;2;172;"141,53";"0,2292";"0,15";13;9;30;60
918;WIN;None;2;154;"161,39";"0,2285";"0,13";10;6;29;58
919;WIN;None;2;58;"261,81";"0,2279";"0,09";10;8;11;22
920;WIN;None;2;46;"197,6";"0,2272";"0,2";9;3;8;16
921;WIN;None;2;235;"137,07";"0,2265";"0,15";14;12;42;84
922;TIMEOUT;None;2;600;"-480,75";"0,2258";"0,12";12;7;115;230
923;WIN;None;2;73;"251,91";"0,2251";"0,15";14;10;13;26
924;WIN;None;2;525;"-123,38";"0,2245";"0,15";10;10;94;188
925;WIN;None;2;179;"214,94";"0,2238";"0,14";12;11;27;54
926;WIN;None;2;52;"214,93";"0,2231";"0,19";12;6;8;16
927;WIN;None;2;38;"223,81";"0,2224";"0,13";7;3;6;12
928;WIN;None;2;212;"133,73";"0,2218";"0,13";11;9;37;74
929;WIN;None;2;106;"225,35";"0,2211";"0,1";13;10;19;38
930;WIN;None;2;152;"186,03";"0,2204";"0,1";12;7;25;48
931;TIMEOUT;None;2;600;"-434,2";"0,2198";"0,13";14;10;109;217
932;WIN;None;2;134;"161,39";"0,2191";"0,13";9;8;27;52
933;WIN;None;2;500;"-87,73";"0,2185";"0,14";14;11;86;170
934;WIN;None;2;123;"223,81";"0,2178";"0,15";12;9;18;34
935;WIN;None;2;329;"105,79";"0,2172";"0,17";12;11;49;98
936;WIN;None;2;93;"222,66";"0,2165";"0,12";12;11;17;34
937;WIN;None;2;48;"225,71";"0,2159";"0,13";8;3;8;16
938;WIN;None;2;131;"191,5";"0,2152";"0,21";10;7;15;30
939;WIN;None;2;321;"46,8";"0,2146";"0,13";15;12;57;114
940;WIN;None;2;254;"169,74";"0,2139";"0,15";9;9;45;90
941;WIN;None;2;263;"112,31";"0,2133";"0,16";10;10;46;90
942;WIN;None;2;93;"235,36";"0,2126";"0,1";13;12;20;40
943;WIN;None;2;337;"86,58";"0,212";"0,13";13;12;57;112
944;WIN;None;2;556;"-192,35";"0,2114";"0,13";16;13;106;212
945;WIN;None;2;372;"129,43";"0,2107";"0,18";15;15;58;116
946;WIN;None;2;86;"240,9";"0,2101";"0,12";10;10;11;22
947;WIN;None;2;55;"215,02";"0,2095";"0,15";6;2;5;10
948;WIN;None;2;134;"201,54";"0,2088";"0,13";15;12;24;46
949;WIN;None;2;90;"237,92";"0,2082";"0,14";12;8;12;24
950;WIN;None;2;119;"226,24";"0,2076";"0,17";13;12;20;40
951;WIN;None;2;51;"217,3";"0,207";"0,14";9;5;8;16
952;WIN;None;2;359;"-24,86";"0,2063";"0,11";9;7;66;132
953;TIMEOUT;None;2;600;"-425,55";"0,2057";"0,12";13;12;111;222
954;WIN;None;2;307;"100,83";"0,2051";"0,19";10;9;50;100
955;WIN;None;2;151;"171,2";"0,2045";"0,13";14;8;27;54
956;WIN;None;2;323;"6,06";"0,2039";"0,09";8;7;59;118
957;WIN;None;2;129;"301,94";"0,2033";"0,09";12;12;16;32
958;WIN;None;2;105;"250,92";"0,2027";"0,2";16;9;16;30
959;WIN;None;2;400;"146,27";"0,2021";"0,16";11;11;52;104
960;WIN;None;2;244;"89,64";"0,2014";"0,14";11;8;31;62
961;WIN;None;2;290;"75,12";"0,2008";"0,13";11;10;48;96
962;WIN;None;2;408;"-26,69";"0,2002";"0,11";13;12;75;150
963;WIN;None;2;75;"185,92";"0,1996";"0,2";12;3;6;12
964;WIN;None;2;481;"-114,4";"0,199";"0,12";10;9;90;180
965;TIMEOUT;None;2;600;"-440,05";"0,1984";"0,13";15;9;106;211
966;WIN;None;2;19;"215,14";"0,1978";"0,16";4;2;5;8
967;DEATH;Suicide;2;4;"-304,51";"0,1973";"0,25";13;0;1;2
968;WIN;None;2;215;"83,22";"0,1967";"0,1";8;5;39;78
969;WIN;None;2;212;"153,18";"0,1961";"0,13";14;12;39;78
970;WIN;None;2;36;"258,45";"0,1955";"0,19";13;8;9;16
971;WIN;None;2;121;"221,75";"0,1949";"0,1";10;9;20;40
972;WIN;None;2;594;"-146,31";"0,1943";"0,12";10;9;104;208
973;WIN;None;2;190;"198,47";"0,1937";"0,13";13;11;30;60
974;WIN;None;2;308;"56,01";"0,1932";"0,1";13;11;55;110
975;WIN;None;2;79;"250,74";"0,1926";"0,14";13;10;15;30
976;WIN;None;2;166;"192,55";"0,192";"0,13";12;12;31;62
977;WIN;None;2;47;"254,38";"0,1914";"0,13";9;7;6;12
978;TIMEOUT;None;2;600;"-501,15";"0,1908";"0,11";11;4;111;220
979;WIN;None;2;62;"232,23";"0,1903";"0,1";8;7;13;24
980;TIMEOUT;None;2;600;"-443,45";"0,1897";"0,12";13;8;108;215
981;WIN;None;2;576;"-46,7";"0,1891";"0,11";13;10;93;184
982;WIN;None;2;432;"39,08";"0,1886";"0,14";15;15;62;122
983;WIN;None;2;72;"226,63";"0,188";"0,08";7;4;8;16
984;WIN;None;2;192;"202,93";"0,1874";"0,18";11;10;28;56
985;TIMEOUT;None;2;600;"-517,1";"0,1869";"0,11";12;6;119;238
986;WIN;None;2;542;"-200,27";"0,1863";"0,08";12;8;99;198
987;WIN;None;2;338;"-54,39";"0,1858";"0,08";8;4;66;132
988;TIMEOUT;None;2;600;"-445,4";"0,1852";"0,13";14;12;116;232
989;DEATH;Suicide;2;6;"-304,95";"0,1846";"0,33";14;0;1;2
990;WIN;None;2;167;"128,28";"0,1841";"0,11";7;4;28;56
991;WIN;None;2;26;"219,9";"0,1835";"0,12";10;4;4;8
992;WIN;None;2;162;"213,73";"0,183";"0,19";11;8;10;20
993;WIN;None;2;520;"-208,03";"0,1824";"0,12";8;3;90;178
994;TIMEOUT;None;2;600;"-444,9";"0,1819";"0,11";14;10;109;217
995;TIMEOUT;None;2;600;"-453,1";"0,1813";"0,14";14;8;104;207
996;WIN;None;2;145;"156,92";"0,1808";"0,1";12;8;31;60
997;TIMEOUT;None;2;600;"-459,7";"0,1803";"0,1";14;9;110;218
998;TIMEOUT;None;2;600;"-525,2";"0,1797";"0,09";12;4;117;234
999;TIMEOUT;None;2;600;"-621,8";"0,1792";"0,08";15;5;143;285
1000;WIN;None;2;97;"228,38";"0,1786";"0,15";14;11;18;36
1001;TIMEOUT;None;2;600;-602;"0,1781";"0,11";17;8;145;288
1002;TIMEOUT;None;2;600;"-567,7";"0,1776";"0,11";9;4;127;254
1003;TIMEOUT;None;2;600;"-545,5";"0,177";"0,09";13;6;127;253
1004;DEATH;Suicide;2;4;"-304,51";"0,1765";0;17;0;2;2
1005;WIN;None;2;75;"229,37";"0,176";"0,12";9;5;8;14
1006;WIN;None;2;83;"232,71";"0,1754";"0,17";11;7;10;20
1007;WIN;None;2;235;"119,12";"0,1749";"0,11";10;7;42;84
1008;TIMEOUT;None;2;600;"-586,4";"0,1744";"0,09";12;7;138;276
1009;WIN;None;2;179;"163,59";"0,1739";"0,15";13;11;35;70
1010;WIN;None;2;53;"224,01";"0,1733";"0,11";7;4;6;12
1011;TIMEOUT;None;2;600;"-601,25";"0,1728";"0,09";10;5;138;276
1012;TIMEOUT;None;2;600;"-658,3";"0,1723";"0,07";9;3;148;295
1013;WIN;None;2;70;"234,02";"0,1718";"0,2";10;6;10;20
1014;TIMEOUT;None;2;600;"-455,25";"0,1713";"0,11";13;7;100;199
1015;TIMEOUT;None;2;600;"-543,5";"0,1708";"0,1";10;4;119;236
1016;TIMEOUT;None;2;600;"-728,6";"0,1703";"0,08";14;5;170;340
1017;TIMEOUT;None;2;600;"-771,65";"0,1697";"0,07";15;5;181;362
1018;TIMEOUT;None;2;600;"-809,35";"0,1692";"0,06";9;2;184;368
1019;TIMEOUT;None;2;600;"-721,35";"0,1687";"0,06";13;9;176;351
1020;TIMEOUT;None;2;600;"-789,7";"0,1682";"0,06";14;2;178;356
1021;TIMEOUT;None;2;600;"-795,45";"0,1677";"0,06";11;3;183;366
1022;TIMEOUT;None;2;600;"-781,4";"0,1672";"0,07";10;4;182;363
1023;TIMEOUT;None;2;600;-688;"0,1667";"0,09";16;7;164;327
1024;TIMEOUT;None;2;600;"-503,85";"0,1662";"0,1";15;12;115;230
1025;TIMEOUT;None;2;600;"-644,55";"0,1657";"0,1";14;6;151;300
1026;TIMEOUT;None;2;600;"-422,15";"0,1652";"0,11";10;5;90;180
1027;WIN;None;2;507;"-41,12";"0,1647";"0,12";11;7;68;134
1028;TIMEOUT;None;2;600;"-418,25";"0,1642";"0,12";15;8;100;200
1029;TIMEOUT;None;2;600;"-199,5";"0,1637";"0,14";13;10;44;88
1030;TIMEOUT;None;2;600;"-346,9";"0,1632";"0,11";13;9;83;166
1031;WIN;None;2;139;"200,19";"0,1627";"0,16";13;9;19;36
1032;WIN;None;2;468;"-88,09";"0,1623";"0,13";11;5;74;148
1033;WIN;None;2;71;"205,35";"0,1618";"0,14";9;4;9;18
1034;TIMEOUT;None;2;600;"-459,8";"0,1613";"0,11";13;7;106;212
1035;WIN;None;2;189;"149,89";"0,1608";"0,12";11;5;19;38
1036;TIMEOUT;None;2;600;"-515,2";"0,1603";"0,1";15;8;99;198
1037;WIN;None;2;545;"-140,13";"0,1598";"0,1";10;6;95;188
1038;WIN;None;2;41;"233,4";"0,1594";"0,12";10;4;6;12
1039;WIN;None;2;200;"222,77";"0,1589";"0,09";11;10;20;40
1040;WIN;None;2;70;"217,67";"0,1584";"0,07";12;7;15;30
1041;WIN;None;2;159;"180,74";"0,1579";"0,14";15;10;24;48
1042;WIN;None;2;418;"-56,24";"0,1575";"0,11";13;10;77;152
1043;WIN;None;2;81;"158,6";"0,157";"0,1";8;3;8;16
1044;WIN;None;2;90;"249,82";"0,1565";"0,13";11;9;13;26
1045;WIN;None;2;196;107;"0,156";"0,12";10;4;27;54
1046;WIN;None;2;459;"79,34";"0,1556";"0,11";15;14;63;126
1047;TIMEOUT;None;2;600;"-380,6";"0,1551";"0,1";14;11;94;188
1048;WIN;None;2;175;"143,97";"0,1546";"0,17";9;6;24;48
1049;TIMEOUT;None;2;600;-456;"0,1542";"0,08";12;5;109;216
1050;WIN;None;2;263;"202,76";"0,1537";"0,14";15;14;38;76
1051;WIN;None;2;50;"227,32";"0,1533";"0,16";10;4;7;14
1052;TIMEOUT;None;2;600;"-470,4";"0,1528";"0,11";13;4;102;202
1053;WIN;None;2;138;"239,16";"0,1523";"0,11";9;7;13;26
1054;WIN;None;2;251;"62,25";"0,1519";"0,08";11;7;46;92
1055;WIN;None;2;261;"186,3";"0,1514";"0,18";9;9;26;50
1056;WIN;None;2;163;"126,86";"0,151";"0,12";10;5;28;56
1057;WIN;None;2;85;"214,87";"0,1505";"0,11";14;8;8;16
1058;WIN;None;2;583;"-123,24";"0,1501";"0,12";13;11;100;198
1059;WIN;None;2;358;"139,56";"0,1496";"0,13";9;9;39;78
1060;WIN;None;2;555;"-87,88";"0,1492";"0,1";14;14;83;166
1061;WIN;None;2;48;"217,51";"0,1487";"0,17";10;5;7;14
1062;WIN;None;2;92;"233,18";"0,1483";"0,13";13;10;12;24
1063;WIN;None;2;104;"283,94";"0,1478";"0,13";10;7;18;34
1064;WIN;None;2;34;"214,54";"0,1474";"0,12";11;4;6;12
1065;WIN;None;2;127;"210,43";"0,1469";"0,13";15;10;20;38
1066;WIN;None;2;71;"234,5";"0,1465";"0,11";11;7;12;24
1067;WIN;None;2;147;"219,98";"0,1461";"0,12";11;9;12;24
1068;WIN;None;2;75;"275,82";"0,1456";"0,05";9;8;10;20
1069;WIN;None;2;36;"231,8";"0,1452";"0,06";9;3;6;10
1070;WIN;None;2;29;"219,24";"0,1448";"0,14";7;4;4;8
1071;WIN;None;2;47;"260,58";"0,1443";0;11;8;8;16
1072;WIN;None;2;128;"260,36";"0,1439";"0,13";12;12;17;34
1073;WIN;None;2;52;"210,33";"0,1435";"0,15";9;3;6;10
1074;WIN;None;2;47;"254,48";"0,143";"0,11";12;8;8;16
1075;WIN;None;2;115;"219,87";"0,1426";"0,12";10;7;17;34
1076;WIN;None;2;160;"204,17";"0,1422";"0,11";11;11;16;32
1077;WIN;None;2;147;"249,58";"0,1417";"0,12";13;12;17;34
1078;WIN;None;2;86;"244,7";"0,1413";"0,09";10;8;12;24
1079;WIN;None;2;165;"326,42";"0,1409";"0,14";9;9;15;30
1080;WIN;None;2;111;"175,25";"0,1405";"0,12";8;7;18;36
1081;WIN;None;2;113;"223,76";"0,14";"0,06";14;12;21;42
1082;WIN;None;2;115;"271,22";"0,1396";"0,06";12;11;17;32
1083;WIN;None;2;127;"227,18";"0,1392";"0,06";11;11;18;36
1084;WIN;None;2;33;"234,76";"0,1388";"0,09";11;4;6;12
1085;WIN;None;2;72;"247,23";"0,1384";"0,14";14;10;11;20
1086;WIN;None;2;95;"202,17";"0,138";"0,11";9;7;18;34
1087;WIN;None;2;90;"258,22";"0,1375";"0,07";13;12;15;28
1088;WIN;None;2;84;"255,34";"0,1371";"0,1";7;6;12;24
1089;WIN;None;2;31;"222,45";"0,1367";"0,19";9;2;5;10
1090;WIN;None;2;50;"233,97";"0,1363";"0,04";11;7;7;14
1091;WIN;None;2;110;"260,22";"0,1359";"0,11";14;8;15;30
1092;WIN;None;2;38;"209,41";"0,1355";"0,13";9;4;7;14
1093;WIN;None;2;120;"256,02";"0,1351";"0,08";15;12;19;36
1094;WIN;None;2;71;"239,15";"0,1347";"0,1";7;6;8;16
1095;WIN;None;2;371;"20,35";"0,1343";"0,11";12;9;54;108
1096;WIN;None;2;89;"249,04";"0,1339";"0,07";13;10;14;28
1097;WIN;None;2;121;"219,55";"0,1335";"0,11";17;11;20;40
1098;WIN;None;2;45;"206,07";"0,1331";"0,11";9;3;6;12
1099;WIN;None;2;157;"216,83";"0,1327";"0,12";11;8;17;32
1100;WIN;None;2;63;"251,76";"0,1323";"0,11";13;9;11;22
1101;WIN;None;2;48;"203,41";"0,1319";"0,02";9;4;9;18
1102;WIN;None;2;111;"175,8";"0,1315";"0,08";10;7;20;40
1103;WIN;None;2;93;"195,61";"0,1311";"0,11";9;6;12;22
1104;WIN;None;2;186;"161,9";"0,1307";"0,08";12;9;34;66
1105;WIN;None;2;54;"253,24";"0,1303";"0,07";9;7;6;12
1106;WIN;None;2;73;"225,41";"0,1299";"0,1";14;7;9;18
1107;WIN;None;2;147;"167,63";"0,1295";"0,1";9;6;22;44
1108;WIN;None;2;164;"147,69";"0,1291";"0,05";11;7;30;58
1109;WIN;None;2;251;"126,2";"0,1287";"0,09";13;10;40;80
1110;WIN;None;2;135;"281,82";"0,1284";"0,11";11;9;16;32
1111;WIN;None;2;410;"93,52";"0,128";"0,1";11;11;65;130
1112;WIN;None;2;269;"159,54";"0,1276";"0,1";13;13;40;80
1113;WIN;None;2;102;"254,63";"0,1272";"0,09";6;6;12;22
1114;WIN;None;2;196;"142,35";"0,1268";"0,04";11;9;36;72
1115;WIN;None;2;548;"-147,84";"0,1264";"0,09";12;12;99;198
1116;WIN;None;2;53;"252,46";"0,1261";"0,08";11;7;10;18
1117;WIN;None;2;177;"241,48";"0,1257";"0,06";14;13;32;64
1118;WIN;None;2;177;"141,73";"0,1253";"0,1";10;6;32;62
1119;WIN;None;2;127;"232,53";"0,1249";"0,09";11;10;21;42
1120;WIN;None;2;69;"275,94";"0,1246";"0,03";9;8;12;24
1121;WIN;None;2;246;"229,8";"0,1242";"0,08";13;13;43;86
1122;WIN;None;2;259;"154,04";"0,1238";"0,09";15;15;47;94
1123;WIN;None;2;189;"181,79";"0,1234";"0,06";11;9;35;70
1124;WIN;None;2;128;"211,36";"0,1231";"0,1";12;12;23;44
1125;WIN;None;2;147;"163,58";"0,1227";"0,1";14;10;17;34
1126;WIN;None;2;71;"299,55";"0,1223";"0,06";8;6;11;22
1127;WIN;None;2;36;"209,45";"0,122";"0,14";7;1;2;4
1128;WIN;None;2;37;"236,08";"0,1216";"0,11";11;7;6;12
1129;WIN;None;2;74;"230,14";"0,1212";"0,08";10;6;14;26
1130;WIN;None;2;94;"173,89";"0,1209";"0,05";10;5;16;32
1131;WIN;None;2;111;"259,45";"0,1205";"0,12";9;9;15;30
1132;WIN;None;2;149;"185,59";"0,1202";"0,07";12;9;27;52
1133;WIN;None;2;45;"238,72";"0,1198";"0,09";9;5;6;12
1134;WIN;None;2;102;"247,53";"0,1194";"0,07";14;12;20;40
1135;WIN;None;2;82;"300,08";"0,1191";"0,1";13;9;12;22
1136;WIN;None;2;45;"248,77";"0,1187";"0,02";10;4;9;16
1137;WIN;None;2;38;"245,91";"0,1184";"0,03";11;6;7;14
1138;WIN;None;2;328;"61,41";"0,118";"0,06";14;12;60;118
1139;TIMEOUT;None;2;600;"-378,35";"0,1177";"0,08";14;14;114;228
1140;WIN;None;2;226;"155,15";"0,1173";"0,08";16;14;43;86
1141;WIN;None;2;53;"269,46";"0,1169";"0,09";8;7;9;18
1142;WIN;None;2;85;"222,27";"0,1166";"0,07";11;8;15;30
1143;WIN;None;2;73;"261,56";"0,1162";"0,04";11;9;12;24
1144;WIN;None;2;56;225;"0,1159";"0,11";10;7;11;20
1145;WIN;None;2;110;"232,07";"0,1155";"0,07";12;10;14;28
1146;WIN;None;2;108;"318,11";"0,1152";"0,12";11;10;14;28
1147;WIN;None;2;44;"266,99";"0,1149";"0,09";13;7;8;16
1148;WIN;None;2;90;"203,72";"0,1145";"0,03";9;7;18;34
1149;WIN;None;2;74;"225,69";"0,1142";"0,11";10;8;12;24
1150;WIN;None;2;170;"172,32";"0,1138";"0,04";10;8;33;66
1151;WIN;None;2;40;"257,57";"0,1135";"0,08";14;8;7;14
1152;WIN;None;2;177;"303,63";"0,1131";"0,12";12;11;27;54
1153;WIN;None;2;262;"134,08";"0,1128";"0,06";16;14;52;102
1154;WIN;None;2;39;"221,84";"0,1125";"0,15";8;6;8;14
1155;WIN;None;2;115;"193,72";"0,1121";"0,05";9;8;22;44
1156;DEATH;Suicide;2;4;"-304,51";"0,1118";"0,25";14;0;1;2
1157;WIN;None;2;140;"221,27";"0,1115";"0,07";12;11;22;42
1158;WIN;None;2;140;"225,37";"0,1111";"0,06";12;9;25;50
1159;WIN;None;2;46;"236,85";"0,1108";"0,02";10;6;10;20
1160;WIN;None;2;72;"216,63";"0,1105";"0,03";12;7;14;28
1161;WIN;None;2;200;"173,22";"0,1101";"0,09";15;13;35;70
1162;WIN;None;2;146;"248,9";"0,1098";"0,06";11;10;20;38
1163;WIN;None;2;139;"224,34";"0,1095";"0,07";14;10;20;40
1164;WIN;None;2;126;"307,85";"0,1091";"0,1";8;7;17;34
1165;WIN;None;2;148;"254,01";"0,1088";"0,04";15;14;24;48
1166;TIMEOUT;None;2;600;"-498,9";"0,1085";"0,06";11;5;116;232
1167;WIN;None;2;105;"178,92";"0,1082";"0,1";9;4;18;34
1168;WIN;None;2;274;"64,29";"0,1078";"0,05";13;13;56;110
1169;WIN;None;2;98;"225,36";"0,1075";"0,04";11;10;18;36
1170;WIN;None;2;68;"254,61";"0,1072";"0,09";13;9;12;24
1171;WIN;None;2;67;"273,13";"0,1069";"0,12";10;8;10;20
1172;WIN;None;2;97;"217,48";"0,1065";"0,09";13;8;11;22
1173;WIN;None;2;72;"284,28";"0,1062";"0,13";14;10;12;22
1174;WIN;None;2;60;"210,82";"0,1059";"0,13";10;3;5;10
1175;DEATH;Suicide;2;4;"-304,51";"0,1056";"0,5";9;0;1;2
1176;WIN;None;2;62;"239,83";"0,1053";"0,06";11;9;9;18
1177;WIN;None;2;107;"258,68";"0,105";"0,09";14;9;15;30
1178;WIN;None;2;105;"276,62";"0,1046";"0,08";18;13;19;38
1179;WIN;None;2;51;"219,7";"0,1043";"0,14";12;5;9;16
1180;WIN;None;2;110;"247,82";"0,104";"0,11";11;7;12;24
1181;WIN;None;2;101;"228,25";"0,1037";"0,07";10;8;16;32
1182;WIN;None;2;132;"266,08";"0,1034";"0,1";12;11;21;42
1183;WIN;None;2;47;"248,43";"0,1031";"0,15";11;6;7;14
1184;WIN;None;2;88;"211,91";"0,1028";"0,07";13;7;17;34
1185;WIN;None;2;67;"254,58";"0,1025";"0,06";15;10;13;26
1186;WIN;None;2;227;"196,03";"0,1022";"0,07";14;12;31;62
1187;WIN;None;2;50;"207,97";"0,1019";"0,12";11;2;7;14
1188;WIN;None;2;84;"262,44";"0,1015";"0,02";15;9;12;22
1189;WIN;None;2;138;"242,81";"0,1012";"0,06";9;7;19;38
1190;WIN;None;2;163;"183,21";"0,1009";"0,09";12;9;18;36
1191;WIN;None;2;282;"174,18";"0,1006";"0,07";12;12;39;78
1192;WIN;None;2;314;"32,64";"0,1003";"0,06";15;11;55;110
1193;WIN;None;2;152;"217,73";"0,1";"0,05";16;11;21;40
1194;WIN;None;2;116;"214,05";"0,0997";"0,09";12;7;18;36
1195;WIN;None;2;116;"202,1";"0,0994";"0,04";9;5;15;30
1196;WIN;None;2;64;"247,64";"0,0991";"0,09";10;7;10;18
1197;WIN;None;2;83;"306,06";"0,0988";"0,05";11;8;15;30
1198;WIN;None;2;134;"217,59";"0,0985";"0,07";14;12;25;50
1199;WIN;None;2;128;"260,81";"0,0982";"0,09";10;10;16;32
1200;WIN;None;2;94;"216,49";"0,0979";"0,06";11;10;18;36
1201;WIN;None;2;87;"235,23";"0,0977";"0,07";12;7;14;28
1202;WIN;None;2;91;"262,5";"0,0974";"0,03";11;11;13;26
1203;WIN;None;2;100;"209,67";"0,0971";"0,08";14;8;13;24
1204;WIN;None;2;100;"209,17";"0,0968";"0,06";11;8;15;28
1205;WIN;None;2;186;"203,05";"0,0965";"0,08";16;15;35;68
1206;WIN;None;2;102;"230,98";"0,0962";"0,09";16;9;13;24
1207;WIN;None;2;108;"224,61";"0,0959";"0,08";9;6;16;30
1208;WIN;None;2;49;"193,99";"0,0956";"0,06";5;3;4;6
1209;WIN;None;2;183;"155,46";"0,0953";"0,09";14;10;30;58
1210;WIN;None;2;42;"222,83";"0,095";"0,17";11;3;7;14
1211;WIN;None;2;63;"273,46";"0,0948";"0,03";12;6;12;22
1212;WIN;None;2;234;"130,09";"0,0945";"0,07";14;12;42;84
1213;WIN;None;2;192;"147,03";"0,0942";"0,06";14;8;30;60
1214;WIN;None;2;60;"229,77";"0,0939";"0,03";13;6;10;20
1215;WIN;None;2;106;212;"0,0936";"0,07";8;7;17;34
1216;WIN;None;2;207;"88,98";"0,0934";"0,05";12;8;40;80
1217;WIN;None;2;188;"125,21";"0,0931";"0,08";8;6;22;44
1218;WIN;None;2;77;"251,63";"0,0928";"0,03";10;9;12;24
1219;WIN;None;2;146;"223,35";"0,0925";"0,04";10;8;12;24
1220;WIN;None;2;85;"229,52";"0,0922";"0,05";8;6;11;22
1221;WIN;None;2;154;"232,79";"0,092";"0,07";11;11;13;26
1222;WIN;None;2;84;"202,44";"0,0917";0;14;8;17;32
1223;WIN;None;2;20;"234,52";"0,0914";"0,1";7;3;3;6
1224;WIN;None;2;165;"161,62";"0,0911";"0,06";13;7;26;52
1225;WIN;None;2;83;"225,81";"0,0909";"0,08";8;8;12;24
1226;WIN;None;2;64;"241,69";"0,0906";"0,09";11;8;12;24
1227;WIN;None;2;193;"158,81";"0,0903";"0,05";11;10;31;62
1228;WIN;None;2;135;"273,72";"0,09";"0,13";11;11;19;38
1229;WIN;None;2;97;"287,53";"0,0898";"0,07";13;12;13;26
1230;WIN;None;2;31;"229,1";"0,0895";"0,03";10;3;4;8
1231;WIN;None;2;24;"234,19";"0,0892";0;5;3;4;8
1232;WIN;None;2;162;"216,48";"0,089";"0,08";11;10;14;26
1233;WIN;None;2;443;"-38,89";"0,0887";"0,05";14;13;77;154
1234;WIN;None;2;74;"274,79";"0,0884";"0,04";10;8;8;16
1235;WIN;None;2;76;"232,8";"0,0882";"0,05";9;6;9;18
1236;WIN;None;2;173;"169,51";"0,0879";"0,04";9;8;32;64
1237;WIN;None;2;34;"240,94";"0,0876";"0,03";14;5;5;10
1238;WIN;None;2;75;"285,82";"0,0874";"0,07";12;11;13;26
1239;WIN;None;2;60;"244,27";"0,0871";"0,05";11;7;9;18
1240;WIN;None;2;76;"231,9";"0,0869";"0,05";11;8;15;28
1241;WIN;None;2;188;"156,06";"0,0866";"0,07";11;10;29;58
1242;WIN;None;2;47;"239,18";"0,0863";"0,09";10;7;6;12
1243;WIN;None;2;215;"105,22";"0,0861";"0,04";13;8;41;82
1244;WIN;None;2;96;"214,5";"0,0858";"0,05";16;8;11;22
1245;WIN;None;2;110;"169,42";"0,0856";"0,08";11;4;5;10
1246;TIMEOUT;None;2;600;"-179,45";"0,0853";"0,07";11;6;27;54
1247;WIN;None;2;113;"233,41";"0,085";"0,07";8;8;10;20
1248;WIN;None;2;76;"239,8";"0,0848";"0,07";9;8;9;16
1249;WIN;None;2;260;"176,52";"0,0845";"0,07";12;10;25;50
1250;WIN;None;2;180;"99,87";"0,0843";"0,07";12;9;13;26
1251;WIN;None;2;98;"259,01";"0,084";"0,05";10;10;11;22
1252;WIN;None;2;177;"214,33";"0,0838";"0,1";11;8;10;20
1253;WIN;None;2;144;"211,69";"0,0835";"0,03";12;10;16;32
1254;WIN;None;2;84;"280,39";"0,0833";"0,04";10;10;10;20
1255;WIN;None;2;48;"246,36";"0,083";"0,1";13;7;9;18
1256;WIN;None;2;81;"246,75";"0,0828";"0,06";12;8;12;22
1257;WIN;None;2;97;"238,73";"0,0825";"0,04";8;6;7;14
1258;WIN;None;2;179;"209,44";"0,0823";"0,07";13;11;20;40
1259;WIN;None;2;103;"230,16";"0,082";"0,11";11;8;10;20
1260;WIN;None;2;130;"184,37";"0,0818";"0,06";11;8;15;28
1261;WIN;None;2;123;"228,31";"0,0815";"0,07";9;8;11;22
1262;WIN;None;2;199;"119,89";"0,0813";"0,04";14;10;33;66
1263;WIN;None;2;48;"206,56";"0,0811";"0,04";6;4;5;10
1264;WIN;None;2;71;"211,5";"0,0808";"0,1";10;6;11;22
1265;WIN;None;2;106;"218,1";"0,0806";"0,05";9;7;8;16
1266;WIN;None;2;69;"258,94";"0,0803";"0,03";12;9;11;22
1267;WIN;None;2;106;"232,55";"0,0801";"0,08";12;9;16;30
1268;WIN;None;2;123;"287,46";"0,0798";"0,07";15;12;14;28
1269;WIN;None;2;443;"-77,74";"0,0796";"0,05";16;11;83;166
1270;WIN;None;2;103;"254,41";"0,0794";"0,04";11;10;13;24
1271;WIN;None;2;146;"197,45";"0,0791";"0,06";8;7;11;22
1272;WIN;None;2;101;"262,3";"0,0789";"0,06";12;9;12;24
1273;WIN;None;2;138;"209,71";"0,0787";"0,06";14;12;26;52
1274;WIN;None;2;128;"276,11";"0,0784";"0,07";11;11;16;32
1275;WIN;None;2;115;"272,42";"0,0782";"0,07";18;15;15;30
1276;WIN;None;2;80;"209,17";"0,078";"0,04";11;5;13;24
1277;WIN;None;2;117;"218,53";"0,0777";"0,04";11;9;14;28
1278;WIN;None;2;188;"225,06";"0,0775";"0,04";13;11;22;44
1279;WIN;None;2;61;"241,6";"0,0773";"0,11";9;7;10;18
1280;WIN;None;2;58;"258,61";"0,077";"0,09";11;8;9;18
1281;WIN;None;2;126;"276,85";"0,0768";"0,08";9;8;18;34
1282;WIN;None;2;118;"268,61";"0,0766";"0,04";13;11;18;36
1283;WIN;None;2;86;"253,85";"0,0763";"0,06";13;10;12;24
1284;WIN;None;2;102;"249,38";"0,0761";"0,05";11;9;12;24
1285;WIN;None;2;72;"267,18";"0,0759";"0,01";13;10;12;22
1286;WIN;None;2;69;"234,44";"0,0756";"0,04";12;9;11;20
1287;WIN;None;2;46;"215,45";"0,0754";"0,04";5;4;6;12
1288;WIN;None;2;51;"191,5";"0,0752";"0,04";11;4;10;20
1289;WIN;None;2;190;"130,72";"0,075";"0,06";10;7;9;18
1290;WIN;None;2;212;"229,78";"0,0747";"0,05";14;13;16;30
1291;WIN;None;2;568;"4,06";"0,0745";"0,08";9;7;23;46
1292;WIN;None;2;66;"236,9";"0,0743";"0,05";10;5;7;14
1293;WIN;None;2;126;"284,8";"0,0741";"0,06";15;12;16;30
1294;WIN;None;2;101;213;"0,0738";"0,04";13;8;16;32
1295;WIN;None;2;415;"141,37";"0,0736";"0,06";12;11;26;52
1296;WIN;None;2;61;"247,75";"0,0734";0;12;7;8;16
1297;WIN;None;2;107;"184,68";"0,0732";"0,04";11;6;18;36
1298;WIN;None;2;136;"277,45";"0,073";"0,04";12;9;15;30
1299;WIN;None;2;151;"29,9";"0,0727";"0,05";12;9;14;28
1300;WIN;None;2;172;"265,53";"0,0725";"0,06";10;8;24;48
1301;WIN;None;2;177;"178,03";"0,0723";"0,06";10;8;24;48
1302;WIN;None;2;62;"245,23";"0,0721";"0,05";7;6;9;16
1303;WIN;None;2;212;"151,48";"0,0719";"0,06";14;10;33;66
1304;WIN;None;2;21;"220,3";"0,0717";"0,1";10;4;4;8
1305;WIN;None;2;88;"273,21";"0,0714";"0,05";14;12;13;26
1306;WIN;None;2;191;"271,8";"0,0712";"0,06";11;6;18;36
1307;WIN;None;2;146;"287,5";"0,071";"0,1";10;7;16;32
1308;WIN;None;2;46;"256,7";"0,0708";"0,02";12;8;8;16
1309;WIN;None;2;88;"206,91";"0,0706";"0,07";9;5;14;28
1310;WIN;None;2;93;"225,71";"0,0704";"0,06";9;8;9;18
1311;WIN;None;2;82;"285,28";"0,0702";"0,04";11;10;13;26
1312;WIN;None;2;82;"267,28";"0,07";"0,06";11;5;11;22
1313;WIN;None;2;102;"211,43";"0,0698";"0,06";13;8;11;22
1314;WIN;None;2;66;"245,45";"0,0695";"0,11";12;8;12;24
1315;WIN;None;2;133;"254,71";"0,0693";"0,05";12;9;19;38
1316;WIN;None;2;110;"149,32";"0,0691";"0,05";13;6;6;12
1317;WIN;None;2;124;"243,64";"0,0689";"0,11";13;11;12;24
1318;WIN;None;2;44;"246,94";"0,0687";"0,02";11;9;9;16
1319;WIN;None;2;192;"197,33";"0,0685";"0,06";12;7;19;38
1320;WIN;None;2;29;"211,49";"0,0683";"0,14";11;4;7;14
1321;WIN;None;2;118;"242,91";"0,0681";"0,06";14;9;11;22
1322;WIN;None;2;65;"201,87";"0,0679";"0,06";9;4;7;14
1323;WIN;None;2;274;"59,79";"0,0677";"0,04";12;8;32;64
1324;WIN;None;2;157;"258,33";"0,0675";"0,02";15;11;14;28
1325;WIN;None;2;52;"253,93";"0,0673";"0,06";9;4;7;14
1326;WIN;None;2;56;"252,8";"0,0671";"0,05";12;7;9;18
1327;WIN;None;2;166;"224,9";"0,0669";"0,05";12;9;12;24
1328;WIN;None;2;399;"-29,41";"0,0667";"0,04";11;8;73;146
1329;WIN;None;2;132;"231,93";"0,0665";"0,02";15;10;14;28
1330;WIN;None;2;85;"259,27";"0,0663";"0,06";14;11;15;30
1331;WIN;None;2;66;"216,75";"0,0661";"0,05";8;6;7;14
1332;WIN;None;2;116;"195,95";"0,0659";"0,04";10;7;9;18
1333;WIN;None;2;106;"228,9";"0,0657";"0,06";8;7;11;22
1334;WIN;None;2;99;"271,14";"0,0655";"0,08";11;10;15;30
1335;WIN;None;2;81;"268,2";"0,0653";"0,05";12;8;12;24
1336;WIN;None;2;71;242;"0,0651";"0,03";16;10;9;18
1337;WIN;None;2;54;"236,49";"0,0649";"0,04";8;5;7;14
1338;WIN;None;2;158;"231,86";"0,0647";"0,07";12;9;13;26
1339;WIN;None;2;88;"225,31";"0,0645";"0,03";11;8;11;22
1340;WIN;None;2;119;"211,64";"0,0643";"0,06";13;7;11;22
1341;WIN;None;2;98;"208,91";"0,0641";"0,05";12;6;14;28
1342;WIN;None;2;280;"120,97";"0,0639";"0,06";15;9;28;56
1343;WIN;None;2;72;"262,18";"0,0637";"0,04";12;9;9;18
1344;WIN;None;2;60;"217,87";"0,0635";"0,1";11;5;6;12
1345;WIN;None;2;68;"264,51";"0,0634";"0,09";13;10;11;22
1346;WIN;None;2;35;"197,22";"0,0632";0;8;2;3;6
1347;WIN;None;2;62;"213,53";"0,063";"0,05";11;6;10;20
1348;WIN;None;2;106;"223,55";"0,0628";"0,05";14;8;12;24
1349;WIN;None;2;60;"238,47";"0,0626";"0,05";13;9;8;16
1350;WIN;None;2;92;"216,43";"0,0624";"0,07";11;6;8;16
1351;WIN;None;2;198;"116,96";"0,0622";"0,04";12;7;37;74
1352;WIN;None;2;236;"69,65";"0,062";"0,04";11;6;46;92
1353;WIN;None;2;66;"248,95";"0,0619";"0,02";10;8;11;22
1354;WIN;None;2;72;"242,83";"0,0617";"0,03";10;6;8;16
1355;WIN;None;2;218;"240,26";"0,0615";"0,06";11;11;27;54
1356;WIN;None;2;529;"-18,76";"0,0613";"0,06";13;12;77;154
1357;WIN;None;2;64;"265,69";"0,0611";"0,06";9;6;8;16
1358;WIN;None;2;122;"235,83";"0,0609";"0,06";10;9;11;22
1359;WIN;None;2;52;"241,18";"0,0607";"0,08";8;5;6;12
1360;WIN;None;2;42;"229,98";"0,0606";"0,05";6;3;6;12
1361;WIN;None;2;166;"192,15";"0,0604";"0,02";15;9;24;48
1362;WIN;None;2;216;"214,05";"0,0602";"0,05";13;9;12;24
1363;WIN;None;2;174;"233,39";"0,06";"0,03";15;10;17;34
1364;WIN;None;2;73;"294,21";"0,0598";"0,03";11;11;12;24
1365;WIN;None;2;270;"141,92";"0,0597";"0,04";13;11;48;96
1366;WIN;None;2;74;"295,09";"0,0595";"0,08";11;8;10;20
1367;WIN;None;2;276;"178,85";"0,0593";"0,05";12;11;35;70
1368;WIN;None;2;167;"238,23";"0,0591";"0,06";9;7;15;28
1369;WIN;None;2;181;"166,25";"0,0589";"0,05";12;8;26;52
1370;WIN;None;2;68;"244,01";"0,0588";"0,04";13;10;13;26
1371;WIN;None;2;88;"238,26";"0,0586";"0,01";11;7;8;16
1372;WIN;None;2;107;"286,43";"0,0584";"0,07";7;5;11;20
1373;WIN;None;2;75;"258,62";"0,0582";"0,11";9;6;11;22
1374;WIN;None;2;47;"268,28";"0,0581";"0,04";9;6;9;16
1375;WIN;None;2;148;"210,21";"0,0579";"0,03";12;8;17;34
1376;WIN;None;2;37;"243,73";"0,0577";"0,05";12;6;6;10
1377;WIN;None;2;58;"229,61";"0,0575";"0,02";10;7;8;16
1378;WIN;None;2;30;"238,07";"0,0574";0;10;4;4;8
1379;WIN;None;2;63;"265,31";"0,0572";"0,02";7;6;10;20
1380;WIN;None;2;78;"255,81";"0,057";"0,04";10;9;13;26
1381;WIN;None;2;78;"209,21";"0,0569";"0,04";7;4;10;20
1382;WIN;None;2;134;"281,99";"0,0567";"0,07";13;9;16;32
1383;WIN;None;2;90;"219,32";"0,0565";"0,04";9;6;12;24
1384;WIN;None;2;171;"45,9";"0,0564";"0,06";9;5;6;12
1385;WIN;None;2;221;133;"0,0562";"0,04";12;11;41;82
1386;WIN;None;2;124;"264,59";"0,056";"0,04";12;9;13;26
1387;WIN;None;2;98;"227,46";"0,0558";"0,09";12;6;10;20
1388;WIN;None;2;62;"228,98";"0,0557";"0,05";10;4;8;16
1389;WIN;None;2;250;"79,02";"0,0555";"0,04";15;8;46;92
1390;WIN;None;2;58;"268,11";"0,0553";"0,05";11;7;11;22
1391;WIN;None;2;302;"196,63";"0,0552";"0,03";12;8;19;38
1392;WIN;None;2;88;"228,71";"0,055";"0,03";10;7;9;18
1393;WIN;None;2;238;"85,81";"0,0548";"0,02";12;8;45;90
1394;WIN;None;2;64;"291,69";"0,0547";"0,03";10;6;11;22
1395;WIN;None;2;33;"250,76";"0,0545";"0,03";13;6;5;10
1396;WIN;None;2;53;"200,51";"0,0544";"0,08";9;3;5;10
1397;WIN;None;2;234;"160,64";"0,0542";"0,07";11;7;11;22
1398;WIN;None;2;68;"219,71";"0,054";"0,04";11;5;7;14
1399;WIN;None;2;221;"241,45";"0,0539";"0,02";12;12;14;28
1400;WIN;None;2;270;"162,02";"0,0537";"0,04";12;6;9;16
1401;WIN;None;2;198;"172,71";"0,0535";"0,04";14;9;29;58
1402;WIN;None;2;64;"214,24";"0,0534";0;11;5;7;14
1403;WIN;None;2;83;"255,91";"0,0532";"0,01";10;7;8;16
1404;WIN;None;2;54;"239,44";"0,0531";0;9;5;7;14
1405;WIN;None;2;151;"217,1";"0,0529";"0,07";15;10;18;36
1406;WIN;None;2;160;"265,62";"0,0527";"0,04";10;7;15;28
1407;WIN;None;2;261;"207,95";"0,0526";"0,04";10;10;15;30
1408;WIN;None;2;66;"214,95";"0,0524";"0,06";9;5;9;18
1409;WIN;None;2;42;"255,23";"0,0523";"0,07";15;7;7;14
1410;WIN;None;2;154;"122,04";"0,0521";"0,03";13;6;28;56
1411;WIN;None;2;122;"264,08";"0,052";"0,07";12;9;18;36
1412;WIN;None;2;32;"257,03";"0,0518";0;11;7;6;12
1413;WIN;None;2;60;"243,47";"0,0516";"0,02";14;9;8;16
1414;WIN;None;2;154;"248,59";"0,0515";"0,05";13;13;19;38
1415;WIN;None;2;56;"248,1";"0,0513";"0,09";15;7;8;14
1416;WIN;None;2;274;"121,64";"0,0512";"0,03";13;8;44;88
1417;WIN;None;2;26;"231,45";"0,051";"0,04";10;6;5;10
1418;WIN;None;2;111;"226,4";"0,0509";"0,05";9;8;14;28
1419;WIN;None;2;243;"44,31";"0,0507";"0,03";10;5;47;92
1420;WIN;None;2;96;"217,85";"0,0506";"0,07";9;4;12;24
1421;WIN;None;2;18;"235,31";"0,0504";0;9;3;4;8
1422;WIN;None;2;78;"217,01";"0,0503";"0,08";8;5;9;18
1423;WIN;None;2;45;"250,47";"0,0501";"0,02";8;3;5;10
1424;WIN;None;2;201;"177,45";"0,05";"0,07";13;8;16;32
1425;WIN;None;2;94;"261,44";"0,05";"0,02";9;8;15;28
1426;WIN;None;2;82;"230,73";"0,05";"0,02";11;8;8;16
1427;WIN;None;2;71;"249,6";"0,05";"0,01";11;8;8;16
1428;WIN;None;2;84;"210,34";"0,05";"0,05";13;7;7;14
1429;WIN;None;2;199;"251,49";"0,05";"0,02";9;9;20;40
1430;WIN;None;2;108;"225,36";"0,05";"0,03";13;9;12;24
1431;WIN;None;2;91;"185,8";"0,05";"0,04";9;3;8;14
1432;WIN;None;2;82;"270,93";"0,05";"0,04";15;8;11;22
1433;WIN;None;2;19;"235,14";"0,05";"0,05";12;3;5;8
1434;WIN;None;2;25;"219,87";"0,05";0;9;4;4;8
1435;WIN;None;2;56;"222,05";"0,05";"0,04";12;6;7;14
1436;WIN;None;2;172;"279,13";"0,05";"0,04";16;11;25;50
1437;WIN;None;2;110;"229,42";"0,05";"0,02";13;10;19;38
1438;WIN;None;2;19;"237,14";"0,05";"0,16";9;4;4;8
1439;WIN;None;2;116;"254,45";"0,05";"0,01";13;10;14;28
1440;WIN;None;2;151;"129,8";"0,05";"0,01";16;7;29;58
1441;WIN;None;2;264;"65,99";"0,05";"0,02";12;9;47;94
1442;WIN;None;2;62;"232,28";"0,05";"0,02";12;6;8;16
1443;WIN;None;2;112;"162,23";"0,05";"0,04";12;7;12;22
1444;TIMEOUT;None;2;600;"-552,35";"0,05";"0,04";13;2;119;238
1445;WIN;None;2;80;"214,77";"0,05";"0,04";10;5;6;12
1446;WIN;None;2;113;"263,26";"0,05";"0,01";10;8;18;36
1447;WIN;None;2;72;"217,08";"0,05";"0,04";9;5;8;16
1448;WIN;None;2;99;"242,99";"0,05";"0,09";11;8;11;22
1449;WIN;None;2;24;"246,34";"0,05";"0,08";9;5;5;10
1450;WIN;None;2;32;"237,13";"0,05";0;11;4;5;10
1451;WIN;None;2;226;"171,3";"0,05";"0,03";12;9;26;52
1452;WIN;None;2;65;"242,62";"0,05";0;12;6;8;16
1453;WIN;None;2;202;"184,58";"0,05";"0,06";14;11;20;38
1454;WIN;None;2;66;234;"0,05";"0,06";8;5;8;16
1455;WIN;None;2;128;"223,71";"0,05";"0,02";13;10;14;28
1456;WIN;None;2;42;"222,73";"0,05";"0,05";12;5;6;12
1457;WIN;None;2;109;"235,09";"0,05";"0,06";13;9;8;16
1458;WIN;None;2;40;"228,32";"0,05";"0,05";12;6;6;12
1459;WIN;None;2;81;"240,85";"0,05";"0,07";8;5;8;16
1460;WIN;None;2;49;"224,49";"0,05";"0,06";9;4;6;12
1461;WIN;None;2;414;"7,24";"0,05";"0,04";16;10;51;102
1462;WIN;None;2;133;"220,71";"0,05";"0,06";12;8;21;42
1463;WIN;None;2;66;"211,05";"0,05";"0,06";7;2;6;12
1464;WIN;None;2;316;"179,8";"0,05";"0,03";15;12;29;58
1465;WIN;None;2;147;"133,13";"0,05";"0,03";10;5;28;56
1466;WIN;None;2;111;"216,15";"0,05";"0,06";10;6;9;18
1467;WIN;None;2;100;"234,42";"0,05";"0,03";13;9;10;20
1468;WIN;None;2;42;"222,63";"0,05";"0,05";10;5;6;12
1469;WIN;None;2;84;"212,39";"0,05";"0,01";9;5;6;12
1470;WIN;None;2;134;"241,64";"0,05";"0,03";7;6;11;22
1471;WIN;None;2;35;"230,47";"0,05";"0,03";11;6;7;14
1472;WIN;None;2;154;"230,39";"0,05";"0,06";12;5;10;20
1473;WIN;None;2;66;"198,9";"0,05";"0,03";11;5;7;12
1474;WIN;None;2;68;"227,31";"0,05";"0,03";12;7;7;14
1475;WIN;None;2;44;"218,99";"0,05";"0,02";8;3;8;16
1476;WIN;None;2;277;"186,58";"0,05";"0,05";8;6;15;30
1477;WIN;None;2;114;"231,94";"0,05";"0,04";17;10;8;16
1478;WIN;None;2;174;"90,94";"0,05";"0,06";11;8;12;22
1479;WIN;None;2;196;"211,3";"0,05";"0,02";12;7;11;22
1480;WIN;None;2;74;"199,99";"0,05";"0,05";7;4;10;20
1481;WIN;None;2;23;"228,26";"0,05";0;11;3;4;6
1482;WIN;None;2;193;"173,61";"0,05";"0,02";14;9;32;64
1483;WIN;None;2;158;"147,51";"0,05";"0,03";11;6;28;56
1484;WIN;None;2;101;"237,3";"0,05";"0,07";13;9;11;22
1485;WIN;None;2;168;"144,76";"0,05";"0,06";11;7;22;44
1486;WIN;None;2;81;"230,15";"0,05";"0,02";10;8;10;18
1487;WIN;None;2;70;"235,52";"0,05";"0,04";12;8;9;18
1488;WIN;None;2;91;"232,25";"0,05";"0,02";10;6;8;14
1489;WIN;None;2;488;"-82,29";"0,05";"0,05";14;10;19;38
1490;WIN;None;2;138;"320,76";"0,05";"0,03";8;6;23;46
1491;WIN;None;2;223;"232,26";"0,05";"0,05";15;11;20;40
1492;WIN;None;2;84;"270,09";"0,05";"0,08";7;5;10;20
1493;WIN;None;2;223;"204,61";"0,05";"0,04";13;11;19;36
1494;TIMEOUT;None;2;600;"-303,05";"0,05";"0,05";11;2;10;20
1495;WIN;None;2;154;"191,14";"0,05";"0,02";9;7;11;22
1496;WIN;None;2;306;"148,7";"0,05";"0,03";19;13;25;50
1497;WIN;None;2;126;"223,15";"0,05";"0,03";13;8;10;18
1498;WIN;None;2;216;"131,5";"0,05";"0,04";10;6;18;34
1499;WIN;None;2;86;"235,9";"0,05";0;11;6;13;24
1500;WIN;None;2;112;"223,93";"0,05";"0,04";10;6;11;22
1501;TIMEOUT;None;3;600;"-448,05";"0,05";"0,05";13;5;11;22
1502;DEATH;KilledByTarget;3;87;"-81,97";"0,6";"0,45";14;9;10;22
1503;WIN;None;3;123;"242,81";"0,5995";"0,39";16;16;16;33
1504;DEATH;KilledByTarget;3;101;"-75,4";"0,5989";"0,47";13;13;11;24
1505;DEATH;Suicide;3;4;"-304,51";"0,5984";"0,5";14;0;1;2
1506;DEATH;Suicide;3;4;"-304,51";"0,5978";"0,5";10;0;1;2
1507;WIN;None;3;92;"226,08";"0,5973";"0,47";13;11;14;26
1508;DEATH;Suicide;3;6;"-304,85";"0,5968";"0,67";15;0;1;2
1509;DEATH;KilledByTarget;3;21;"-97,7";"0,5962";"0,43";9;2;1;3
1510;WIN;None;3;108;"193,66";"0,5957";"0,49";13;12;11;22
1511;DEATH;KilledByTarget;3;159;"-79,41";"0,5952";"0,37";13;12;24;49
1512;WIN;None;3;118;"211,61";"0,5946";"0,45";12;11;14;30
1513;WIN;None;3;63;"199,51";"0,5941";"0,43";8;6;9;18
1514;WIN;None;3;68;"222,71";"0,5936";"0,46";11;11;11;20
1515;WIN;None;3;149;"204,74";"0,593";"0,41";14;12;22;45
1516;WIN;None;3;103;"223,31";"0,5925";"0,41";15;14;14;28
1517;WIN;None;3;75;"187,67";"0,592";"0,47";11;7;8;14
1518;WIN;None;3;187;"198,08";"0,5914";"0,42";17;16;19;40
1519;WIN;None;3;117;"168,83";"0,5909";"0,5";8;7;12;24
1520;WIN;None;3;82;"232,28";"0,5904";"0,44";12;8;7;16
1521;WIN;None;3;67;"199,53";"0,5898";"0,51";13;10;9;18
1522;WIN;None;3;75;"209,87";"0,5893";"0,37";15;14;12;24
1523;WIN;None;3;97;"208,73";"0,5888";"0,44";10;9;15;28
1524;WIN;None;3;76;"198,5";"0,5882";"0,43";10;8;9;19
1525;WIN;None;3;97;"204,48";"0,5877";"0,38";11;9;12;26
1526;WIN;None;3;111;"214,5";"0,5872";"0,51";12;9;11;25
1527;WIN;None;3;121;"237,6";"0,5866";"0,38";14;12;21;42
1528;WIN;None;3;31;"207,95";"0,5861";"0,45";11;4;6;12
1529;WIN;None;3;59;"226,34";"0,5856";"0,36";14;11;9;18
1530;DEATH;KilledByTarget;3;43;"-120,19";"0,5851";"0,42";7;2;6;11
1531;WIN;None;3;53;"226,31";"0,5845";"0,4";11;8;7;14
1532;WIN;None;3;58;"219,76";"0,584";"0,38";9;8;6;12
1533;DEATH;KilledByTarget;3;72;"-106,37";"0,5835";"0,38";12;9;10;20
1534;WIN;None;3;110;"201,37";"0,583";"0,4";11;11;16;30
1535;WIN;None;3;230;"183,57";"0,5824";"0,53";13;13;20;47
1536;WIN;None;3;191;"194,2";"0,5819";"0,43";14;12;22;47
1537;DEATH;KilledByTarget;3;209;"-154,71";"0,5814";"0,45";14;12;29;60
1538;WIN;None;3;122;"205,63";"0,5809";"0,41";14;12;14;31
1539;WIN;None;3;114;"209,29";"0,5803";"0,4";15;13;14;28
1540;WIN;None;3;242;"159,38";"0,5798";"0,44";11;11;29;58
1541;DEATH;KilledByTarget;3;81;"-120,35";"0,5793";"0,48";9;7;9;21
1542;WIN;None;3;70;"241,52";"0,5788";"0,49";15;10;10;20
1543;WIN;None;3;168;"144,01";"0,5783";"0,46";11;10;21;43
1544;WIN;None;3;45;"244,22";"0,5777";"0,33";14;10;6;12
1545;DEATH;KilledByTarget;3;96;"-97,05";"0,5772";"0,48";10;8;9;22
1546;WIN;None;3;153;"174,66";"0,5767";"0,42";18;13;26;52
1547;WIN;None;3;181;"206,65";"0,5762";"0,4";12;12;29;60
1548;WIN;None;3;29;"208,69";"0,5757";"0,28";11;4;5;10
1549;WIN;None;3;110;"179,47";"0,5751";"0,4";8;7;14;28
1550;WIN;None;3;103;"267,91";"0,5746";"0,5";11;9;10;20
1551;WIN;None;3;100;"199,22";"0,5741";"0,43";10;8;13;27
1552;WIN;None;3;140;"223,52";"0,5736";"0,43";13;11;18;38
1553;WIN;None;3;75;"225,17";"0,5731";"0,53";11;7;9;18
1554;DEATH;KilledByTarget;3;84;"-80,26";"0,5726";"0,37";10;8;10;23
1555;DEATH;KilledByTarget;3;100;"-100,68";"0,572";"0,44";6;5;10;22
1556;WIN;None;3;51;"191,2";"0,5715";"0,47";9;6;6;12
1557;WIN;None;3;298;"173,56";"0,571";"0,42";14;14;39;84
1558;WIN;None;3;66;"169,1";"0,5705";"0,39";8;4;7;13
1559;WIN;None;3;158;"198,61";"0,57";"0,46";13;13;16;33
1560;WIN;None;3;50;"213,27";"0,5695";"0,46";9;8;7;14
1561;WIN;None;3;78;"188,31";"0,569";"0,36";9;6;8;18
1562;DEATH;KilledByTarget;3;159;"-125,66";"0,5684";"0,44";11;11;13;29
1563;DEATH;KilledByTarget;3;245;"-185,53";"0,5679";"0,4";11;11;33;64
1564;DEATH;Suicide;3;4;"-304,51";"0,5674";"0,25";14;0;1;2
1565;DEATH;KilledByTarget;3;30;"-97,28";"0,5669";"0,43";9;4;3;5
1566;WIN;None;3;79;"236,14";"0,5664";"0,42";10;9;9;18
1567;DEATH;KilledByTarget;3;85;"-102,73";"0,5659";"0,38";12;9;12;23
1568;WIN;None;3;42;"224,68";"0,5654";"0,31";15;11;6;12
1569;WIN;None;3;59;"207,99";"0,5649";"0,36";12;6;9;19
1570;WIN;None;3;111;"202,65";"0,5644";"0,4";14;12;14;30
1571;WIN;None;3;110;"179,07";"0,5639";"0,41";13;11;13;26
1572;WIN;None;3;79;"234,29";"0,5634";"0,42";16;11;10;18
1573;WIN;None;3;53;"210,36";"0,5628";"0,38";10;7;6;12
1574;WIN;None;3;102;"246,08";"0,5623";"0,43";15;10;13;26
1575;WIN;None;3;51;"200,6";"0,5618";"0,33";10;6;6;12
1576;WIN;None;3;94;"218,84";"0,5613";"0,54";12;7;9;16
1577;WIN;None;3;52;"184,08";"0,5608";"0,46";11;6;5;12
1578;WIN;None;3;100;"235,17";"0,5603";"0,38";12;10;13;28
1579;DEATH;KilledByTarget;3;26;"-84,2";"0,5598";"0,27";11;4;5;12
1580;DEATH;KilledByTarget;3;195;"-158,08";"0,5593";"0,43";13;13;25;52
1581;WIN;None;3;134;"173,14";"0,5588";"0,51";9;8;12;24
1582;WIN;None;3;157;"194,03";"0,5583";"0,41";11;10;18;36
1583;DEATH;KilledByTarget;3;164;"-119,91";"0,5578";"0,46";15;14;16;35
1584;DEATH;KilledByTarget;3;140;"-144,88";"0,5573";"0,45";9;6;17;37
1585;DEATH;KilledByTarget;3;146;"-123,3";"0,5568";"0,45";9;8;20;39
1586;DEATH;KilledByTarget;3;329;"-191,36";"0,5563";"0,39";9;9;31;78
1587;DEATH;KilledByTarget;3;92;"-75,52";"0,5558";"0,41";12;9;11;23
1588;WIN;None;3;108;"191,11";"0,5553";"0,42";11;9;11;22
1589;WIN;None;3;96;"202,9";"0,5548";"0,41";12;8;12;25
1590;WIN;None;3;206;"178,3";"0,5543";"0,43";13;13;21;40
1591;WIN;None;3;82;"257,58";"0,5538";"0,4";11;10;9;23
1592;DEATH;KilledByTarget;3;55;"-95,73";"0,5533";"0,42";12;6;6;13
1593;WIN;None;3;70;"221,92";"0,5528";"0,49";16;9;8;16
1594;WIN;None;3;76;"211,2";"0,5523";"0,34";13;8;10;20
1595;WIN;None;3;123;"195,06";"0,5518";"0,49";11;10;13;27
1596;WIN;None;3;138;"193,91";"0,5513";"0,39";13;11;14;28
1597;WIN;None;3;156;"227,75";"0,5508";"0,47";14;14;18;37
1598;WIN;None;3;158;"180,06";"0,5503";"0,35";14;13;20;42
1599;WIN;None;3;52;"250,63";"0,5498";"0,38";13;8;7;15
1600;DEATH;KilledByTarget;3;37;"-106,12";"0,5493";"0,51";12;5;5;10
1601;WIN;None;3;203;"133,51";"0,5488";"0,35";10;10;23;46
1602;DEATH;KilledByTarget;3;30;"-99,58";"0,5483";"0,47";7;3;1;2
1603;DEATH;KilledByTarget;3;63;"-108,34";"0,5478";"0,41";13;7;6;13
1604;WIN;None;3;26;"209,8";"0,5474";"0,38";10;4;4;8
1605;DEATH;KilledByTarget;3;127;"-101,67";"0,5469";"0,5";12;10;13;28
1606;WIN;None;3;46;"244,5";"0,5464";"0,33";9;6;8;17
1607;WIN;None;3;44;"213,94";"0,5459";"0,43";14;6;3;6
1608;WIN;None;3;119;"172,94";"0,5454";"0,37";11;10;16;32
1609;WIN;None;3;74;"231,39";"0,5449";"0,38";14;10;8;16
1610;DEATH;KilledByTarget;3;182;"-169,27";"0,5444";"0,45";11;11;22;46
1611;WIN;None;3;161;"153,15";"0,5439";"0,39";13;13;25;48
1612;DEATH;KilledByTarget;3;101;"-107,3";"0,5434";"0,43";9;9;10;20
1613;DEATH;Suicide;3;4;"-304,51";"0,5429";"0,25";12;0;1;2
1614;DEATH;KilledByTarget;3;65;"-79,43";"0,5424";"0,45";7;6;10;18
1615;WIN;None;3;92;"181,53";"0,542";"0,49";11;7;10;18
1616;WIN;None;3;171;"223,75";"0,5415";"0,46";8;7;13;33
1617;WIN;None;3;36;"238,15";"0,541";"0,39";13;7;5;11
1618;WIN;None;3;65;"194,02";"0,5405";"0,4";11;7;8;17
1619;DEATH;KilledByTarget;3;201;"-106,6";"0,54";"0,36";13;13;27;55
1620;WIN;None;3;28;"202,56";"0,5395";"0,36";9;4;4;8
1621;WIN;None;3;160;"159,72";"0,539";"0,46";11;9;21;42
1622;WIN;None;3;66;"197,45";"0,5386";"0,5";7;6;8;14
1623;WIN;None;3;49;"207,04";"0,5381";"0,29";14;7;10;18
1624;WIN;None;3;115;"217,57";"0,5376";"0,41";12;11;12;24
1625;WIN;None;3;127;"157,83";"0,5371";"0,36";9;8;16;32
1626;WIN;None;3;163;"203,46";"0,5366";"0,4";11;10;20;40
1627;DEATH;KilledByTarget;3;227;"-155,77";"0,5361";"0,41";10;10;26;55
1628;WIN;None;3;103;"224,41";"0,5357";"0,46";9;6;11;20
1629;WIN;None;3;98;"210,81";"0,5352";"0,34";12;11;15;30
1630;WIN;None;3;72;"187,53";"0,5347";"0,29";9;7;12;22
1631;DEATH;KilledByTarget;3;71;"-108,2";"0,5342";"0,45";11;6;10;19
1632;DEATH;KilledByTarget;3;236;"-125,25";"0,5337";"0,4";12;12;24;53
1633;WIN;None;3;64;"220,59";"0,5332";"0,48";9;6;8;14
1634;DEATH;KilledByTarget;3;119;"-132,81";"0,5328";"0,37";15;10;16;33
1635;DEATH;KilledByTarget;3;44;"-97,81";"0,5323";"0,45";9;6;5;11
1636;WIN;None;3;46;"211,9";"0,5318";"0,41";15;9;6;12
1637;WIN;None;3;194;"129,69";"0,5313";"0,42";14;14;23;46
1638;WIN;None;3;121;"197,3";"0,5308";"0,45";14;13;16;32
1639;WIN;None;3;105;"211,17";"0,5304";"0,44";12;10;13;26
1640;WIN;None;3;93;"223,81";"0,5299";"0,42";13;9;10;20
1641;DEATH;Suicide;3;4;"-304,51";"0,5294";"0,5";12;0;1;2
1642;WIN;None;3;55;"198,62";"0,5289";"0,36";11;6;9;18
1643;WIN;None;3;72;"177,43";"0,5285";"0,33";13;8;14;28
1644;WIN;None;3;60;"238,97";"0,528";"0,33";11;6;9;18
1645;WIN;None;3;157;"187,78";"0,5275";"0,38";11;11;20;42
1646;DEATH;KilledByTarget;3;118;"-143,09";"0,527";"0,3";13;11;17;36
1647;WIN;None;3;249;"77,04";"0,5266";"0,33";13;12;47;95
1648;WIN;None;3;116;"203,05";"0,5261";"0,34";8;8;16;32
1649;DEATH;KilledByTarget;3;78;"-131,99";"0,5256";"0,45";7;2;9;23
1650;WIN;None;3;220;"89,22";"0,5251";"0,33";11;11;36;74
1651;WIN;None;3;60;"223,67";"0,5247";"0,42";8;5;7;17
1652;WIN;None;3;76;"201,45";"0,5242";"0,38";11;8;10;20
1653;WIN;None;3;78;"197,81";"0,5237";"0,44";12;10;9;16
1654;WIN;None;3;87;"184,08";"0,5233";"0,4";11;7;13;29
1655;WIN;None;3;128;"154,36";"0,5228";"0,44";16;14;17;34
1656;DEATH;KilledByTarget;3;127;"-107,47";"0,5223";"0,43";11;10;14;30
1657;WIN;None;3;135;"156,67";"0,5218";"0,41";13;10;21;42
1658;DEATH;KilledByTarget;3;77;"-120,27";"0,5214";"0,32";10;7;11;24
1659;WIN;None;3;161;"187,05";"0,5209";"0,35";12;10;23;46
1660;DEATH;Suicide;3;4;"-304,51";"0,5204";"0,25";12;0;1;2
1661;WIN;None;3;306;"121,5";"0,52";"0,4";13;13;28;58
1662;WIN;None;3;51;"197,6";"0,5195";"0,24";10;6;8;16
1663;DEATH;KilledByTarget;3;71;"-100,65";"0,519";"0,48";12;8;7;17
1664;WIN;None;3;143;"205,66";"0,5186";"0,31";13;11;23;48
1665;WIN;None;3;116;"207,6";"0,5181";"0,41";10;8;15;32
1666;WIN;None;3;39;"231,39";"0,5176";"0,41";12;4;4;8
1667;DEATH;Suicide;3;4;"-304,51";"0,5172";"0,25";9;0;1;2
1668;WIN;None;3;250;"106,57";"0,5167";"0,38";10;10;34;73
1669;WIN;None;3;109;"169,99";"0,5162";"0,41";11;7;13;25
1670;WIN;None;3;294;"87,74";"0,5158";"0,36";16;16;46;92
1671;WIN;None;3;294;"51,94";"0,5153";"0,32";6;6;44;90
1672;DEATH;KilledByTarget;3;303;"-231,74";"0,5148";"0,35";7;7;43;89
1673;WIN;None;3;83;"184,51";"0,5144";"0,34";13;9;12;24
1674;WIN;None;3;135;"150,87";"0,5139";"0,31";13;10;23;46
1675;WIN;None;3;186;143;"0,5135";"0,3";13;13;31;62
1676;DEATH;KilledByTarget;3;101;"-129,25";"0,513";"0,38";15;9;11;21
1677;WIN;None;3;198;"147,86";"0,5125";"0,32";13;11;34;72
1678;WIN;None;3;56;"210,2";"0,5121";"0,48";10;5;7;12
1679;WIN;None;3;82;"214,18";"0,5116";"0,41";12;11;14;26
1680;WIN;None;3;326;"32,8";"0,5111";"0,33";12;12;51;107
1681;WIN;None;3;185;"162,77";"0,5107";"0,38";10;10;21;46
1682;WIN;None;3;32;"226,33";"0,5102";"0,34";8;3;4;8
1683;WIN;None;3;127;"162,43";"0,5098";"0,41";14;11;16;32
1684;DEATH;KilledByTarget;3;78;"-109,84";"0,5093";"0,32";11;5;11;23
1685;DEATH;KilledByTarget;3;120;"-65,38";"0,5089";"0,37";18;17;15;34
1686;DEATH;KilledByTarget;3;157;"-138,22";"0,5084";"0,4";11;9;15;32
1687;WIN;None;3;147;"153,48";"0,5079";"0,37";10;10;16;34
1688;DEATH;Suicide;3;7;"-305,07";"0,5075";"0,43";9;0;1;2
1689;WIN;None;3;101;"204,6";"0,507";"0,29";11;9;16;34
1690;WIN;None;3;33;"210,36";"0,5066";"0,27";10;4;7;14
1691;DEATH;KilledByTarget;3;41;"-105,35";"0,5061";"0,39";8;6;2;6
1692;WIN;None;3;144;"157,04";"0,5057";"0,32";8;8;18;38
1693;DEATH;KilledByTarget;3;300;"-227,53";"0,5052";"0,31";11;10;42;84
1694;DEATH;KilledByTarget;3;88;"-141,24";"0,5047";"0,35";11;7;15;31
1695;WIN;None;3;158;"216,16";"0,5043";"0,3";15;13;23;45
1696;WIN;None;3;145;"192,72";"0,5038";"0,36";13;11;19;38
1697;WIN;None;3;81;"199,5";"0,5034";"0,23";9;6;12;25
1698;WIN;None;3;191;"150,2";"0,5029";"0,3";12;12;32;64
1699;WIN;None;3;50;"234,87";"0,5025";"0,44";9;4;6;12
1700;WIN;None;3;66;"220,6";"0,502";"0,47";13;6;8;18
1701;WIN;None;3;181;"108,8";"0,5016";"0,38";8;6;28;59
1702;WIN;None;3;258;"95,96";"0,5011";"0,34";11;11;38;74
1703;DEATH;KilledByTarget;3;215;"-149,73";"0,5007";"0,4";12;12;21;45
1704;WIN;None;3;122;"171,53";"0,5002";"0,41";16;9;14;28
1705;DEATH;Suicide;3;9;"-305,51";"0,4998";"0,33";9;1;1;2
1706;WIN;None;3;190;"204,57";"0,4993";"0,36";13;12;24;49
1707;WIN;None;3;138;"187,36";"0,4989";"0,4";8;8;19;38
1708;WIN;None;3;69;"178,44";"0,4984";"0,3";8;5;12;22
1709;WIN;None;3;65;"200,07";"0,498";"0,37";13;9;11;20
1710;WIN;None;3;255;"223,17";"0,4975";"0,35";13;13;37;83
1711;WIN;None;3;98;"229,91";"0,4971";"0,35";10;7;12;23
1712;WIN;None;3;129;"189,74";"0,4966";"0,3";14;11;21;43
1713;DEATH;KilledByTarget;3;18;"-90,99";"0,4962";"0,33";9;2;2;5
1714;WIN;None;3;61;"189,2";"0,4957";"0,25";14;9;9;18
1715;DEATH;KilledByTarget;3;143;"-149,39";"0,4953";"0,38";13;10;17;40
1716;WIN;None;3;251;"175,45";"0,4948";"0,38";7;7;29;60
1717;DEATH;Suicide;3;4;"-304,51";"0,4944";"0,5";11;0;2;2
1718;WIN;None;3;94;"180,19";"0,494";"0,35";11;9;9;19
1719;WIN;None;3;43;"200,01";"0,4935";"0,35";11;6;4;8
1720;WIN;None;3;191;"161,25";"0,4931";"0,37";12;11;24;51
1721;DEATH;Suicide;3;123;"-355,94";"0,4926";"0,34";10;6;16;34
1722;WIN;None;3;108;"206,46";"0,4922";"0,41";12;9;8;18
1723;WIN;None;3;77;"187,08";"0,4917";"0,47";12;8;12;22
1724;WIN;None;3;107;"189,03";"0,4913";"0,48";15;13;16;32
1725;WIN;None;3;102;"217,03";"0,4909";"0,35";13;9;8;18
1726;WIN;None;3;288;"152,31";"0,4904";"0,34";13;12;33;70
1727;WIN;None;3;358;"58,76";"0,49";"0,4";11;11;38;78
1728;WIN;None;3;67;"194,73";"0,4895";"0,45";10;4;7;14
1729;WIN;None;3;119;"213,99";"0,4891";"0,39";13;8;18;39
1730;DEATH;Suicide;3;11;"-305,85";"0,4886";"0,27";12;1;1;2
1731;DEATH;KilledByTarget;3;95;"-93,58";"0,4882";"0,41";11;9;9;18
1732;WIN;None;3;166;"216,8";"0,4878";"0,39";14;14;19;36
1733;WIN;None;3;418;"146,51";"0,4873";"0,36";14;14;44;94
1734;WIN;None;3;120;"226,37";"0,4869";"0,34";11;8;12;25
1735;WIN;None;3;133;"175,96";"0,4865";"0,35";12;11;21;42
1736;WIN;None;3;115;"206,37";"0,486";"0,37";15;13;15;30
1737;WIN;None;3;233;"175,61";"0,4856";"0,36";13;13;26;54
1738;WIN;None;3;134;"192,49";"0,4851";"0,41";14;11;18;36
1739;DEATH;KilledByTarget;3;123;"-94,49";"0,4847";"0,34";13;11;13;27
1740;WIN;None;3;122;"186,03";"0,4843";"0,42";17;12;11;20
1741;WIN;None;3;25;"217,92";"0,4838";"0,48";11;4;3;6
1742;WIN;None;3;280;"127,97";"0,4834";"0,34";7;7;32;69
1743;WIN;None;3;118;"174,81";"0,483";"0,42";5;3;8;20
1744;WIN;None;3;229;"134,74";"0,4825";"0,37";15;15;33;68
1745;WIN;None;3;91;"233,7";"0,4821";"0,36";13;11;13;24
1746;WIN;None;3;47;"224,28";"0,4817";"0,34";12;7;7;14
1747;WIN;None;3;181;"253,9";"0,4812";"0,35";11;10;24;51
1748;WIN;None;3;121;"206,8";"0,4808";"0,36";9;8;17;33
1749;DEATH;KilledByTarget;3;110;"-112,03";"0,4804";"0,32";10;9;14;31
1750;DEATH;KilledByTarget;3;48;"-108,09";"0,4799";"0,46";9;5;5;12
1751;DEATH;Suicide;3;8;"-305,19";"0,4795";"0,5";9;0;1;2
1752;WIN;None;3;114;"218,64";"0,4791";"0,32";13;10;15;30
1753;WIN;None;3;78;"196,11";"0,4786";"0,37";9;7;14;28
1754;WIN;None;3;39;"231,49";"0,4782";"0,41";13;6;5;10
1755;WIN;None;3;91;223;"0,4778";"0,32";11;10;13;27
1756;DEATH;KilledByTarget;3;44;"-96,06";"0,4773";"0,36";10;4;3;8
1757;WIN;None;3;58;"212,76";"0,4769";"0,38";11;7;9;16
1758;WIN;None;3;93;"169,21";"0,4765";"0,39";9;8;14;26
1759;WIN;None;3;90;"196,37";"0,4761";"0,22";12;10;13;26
1760;WIN;None;3;111;"203,55";"0,4756";"0,38";14;14;17;32
1761;WIN;None;3;80;"220,02";"0,4752";"0,4";13;7;12;27
1762;WIN;None;3;96;"152,6";"0,4748";"0,28";9;4;13;26
1763;WIN;None;3;39;"200,89";"0,4743";"0,44";8;5;5;8
1764;DEATH;KilledByTarget;3;218;"-137,99";"0,4739";"0,4";11;11;17;38
1765;WIN;None;3;94;"243,24";"0,4735";"0,33";12;11;14;28
1766;WIN;None;3;10;"197,87";"0,4731";"0,5";10;0;1;2
1767;DEATH;KilledByTarget;3;146;"-140,75";"0,4726";"0,45";13;13;18;38
1768;WIN;None;3;79;"178,19";"0,4722";"0,32";12;9;13;26
1769;WIN;None;3;112;"172,43";"0,4718";"0,36";12;10;13;26
1770;WIN;None;3;167;"146,78";"0,4714";"0,34";12;12;20;41
1771;DEATH;KilledByTarget;3;77;"-129,92";"0,4709";"0,25";8;5;10;21
1772;WIN;None;3;178;"223,36";"0,4705";"0,37";9;7;19;42
1773;WIN;None;3;46;"191,25";"0,4701";"0,33";10;3;7;15
1774;WIN;None;3;87;"202,53";"0,4697";"0,37";10;7;10;21
1775;DEATH;KilledByTarget;3;90;"-99,83";"0,4692";"0,3";10;8;9;17
1776;WIN;None;3;81;"229,25";"0,4688";"0,37";17;14;9;17
1777;WIN;None;3;113;"200,61";"0,4684";"0,41";7;7;12;25
1778;WIN;None;3;105;"207,17";"0,468";"0,31";14;12;14;26
1779;WIN;None;3;63;"218,41";"0,4676";"0,35";13;8;6;14
1780;WIN;None;3;60;"208,67";"0,4671";"0,23";9;7;6;12
1781;DEATH;KilledByTarget;3;164;"-132,46";"0,4667";"0,4";14;13;15;32
1782;DEATH;KilledByTarget;3;105;"-112,43";"0,4663";"0,41";10;8;10;20
1783;WIN;None;3;96;"213,05";"0,4659";"0,41";13;9;6;14
1784;WIN;None;3;214;"141,04";"0,4655";"0,37";13;12;31;64
1785;WIN;None;3;83;"209,36";"0,465";"0,39";15;12;10;20
1786;WIN;None;3;139;"175,64";"0,4646";"0,31";10;10;14;29
1787;WIN;None;3;151;"180,55";"0,4642";"0,31";10;10;18;36
1788;WIN;None;3;172;"194,23";"0,4638";"0,33";11;10;20;42
1789;WIN;None;3;195;"155,97";"0,4634";"0,39";12;11;23;47
1790;WIN;None;3;75;"202,87";"0,463";"0,27";9;5;9;19
1791;WIN;None;3;378;"188,31";"0,4625";"0,34";14;14;49;108
1792;DEATH;KilledByTarget;3;87;"-99,27";"0,4621";"0,43";8;6;6;12
1793;WIN;None;3;124;"179,09";"0,4617";"0,31";11;9;20;40
1794;WIN;None;3;54;"198,74";"0,4613";"0,28";7;3;6;12
1795;WIN;None;3;112;"176,58";"0,4609";"0,29";17;10;13;28
1796;DEATH;KilledByTarget;3;101;"-124,2";"0,4605";"0,27";15;9;12;25
1797;DEATH;KilledByTarget;3;50;"-95,23";"0,46";"0,32";9;4;5;12
1798;DEATH;KilledByTarget;3;127;"-116,22";"0,4596";"0,35";13;12;13;26
1799;WIN;None;3;228;"104,06";"0,4592";"0,34";13;13;31;63
1800;WIN;None;3;198;"191,41";"0,4588";"0,33";17;17;25;55
1801;WIN;None;3;51;"213,1";"0,4584";"0,29";10;7;8;17
1802;DEATH;KilledByTarget;3;246;"-138,6";"0,458";"0,35";15;15;30;61
1803;DEATH;Suicide;3;4;"-304,51";"0,4576";"0,5";11;0;1;2
1804;WIN;None;3;181;"140,7";"0,4572";"0,36";9;9;23;47
1805;DEATH;KilledByTarget;3;91;"-151,9";"0,4567";"0,24";6;3;15;33
1806;WIN;None;3;164;"159,34";"0,4563";"0,34";15;15;24;48
1807;DEATH;KilledByTarget;3;52;"-124,52";"0,4559";"0,31";10;3;9;19
1808;WIN;None;3;98;"161,76";"0,4555";"0,31";12;9;13;26
1809;WIN;None;3;125;"203,17";"0,4551";"0,38";7;7;16;32
1810;WIN;None;3;87;"221,18";"0,4547";"0,38";13;10;10;22
1811;WIN;None;3;266;"120,65";"0,4543";"0,31";16;16;34;70
1812;DEATH;KilledByTarget;3;130;"-115,98";"0,4539";"0,32";8;6;11;28
1813;WIN;None;3;35;"212,22";"0,4535";"0,26";9;3;4;8
1814;WIN;None;3;67;"203,83";"0,4531";"0,4";12;9;8;16
1815;DEATH;Suicide;3;12;"-307,07";"0,4526";"0,17";10;1;2;2
1816;DEATH;Suicide;3;4;"-304,51";"0,4522";"0,25";10;0;1;2
1817;WIN;None;3;119;"187,24";"0,4518";"0,29";11;10;15;32
1818;WIN;None;3;120;"179,92";"0,4514";"0,33";11;10;16;30
1819;WIN;None;3;188;"209,16";"0,451";"0,3";12;12;22;47
1820;WIN;None;3;146;"195,25";"0,4506";"0,32";13;11;24;49
1821;WIN;None;3;112;"203,33";"0,4502";"0,29";13;10;11;22
1822;WIN;None;3;125;"150,02";"0,4498";"0,33";13;7;14;26
1823;DEATH;KilledByTarget;3;79;"-85,66";"0,4494";"0,41";8;7;9;20
1824;WIN;None;3;46;"216,5";"0,449";"0,24";8;4;6;14
1825;DEATH;Suicide;3;4;"-304,51";"0,4486";"0,5";12;0;1;2
1826;DEATH;KilledByTarget;3;74;"-94,91";"0,4482";"0,31";11;9;8;16
1827;DEATH;KilledByTarget;3;226;"-163,95";"0,4478";"0,31";13;12;33;65
1828;WIN;None;3;64;"226,24";"0,4474";"0,3";14;9;12;24
1829;WIN;None;3;87;"204,23";"0,447";"0,22";8;4;13;29
1830;WIN;None;3;47;"222,28";"0,4466";"0,32";8;6;5;8
1831;WIN;None;3;120;"176,17";"0,4462";"0,32";13;11;19;37
1832;WIN;None;3;93;"202,21";"0,4458";"0,33";13;13;13;24
1833;DEATH;KilledByTarget;3;128;"-129,24";"0,4454";"0,4";11;11;11;25
1834;WIN;None;3;172;"180,08";"0,445";"0,3";11;10;24;48
1835;WIN;None;3;93;"171,16";"0,4446";"0,35";12;7;10;19
1836;WIN;None;3;140;"143,02";"0,4442";"0,32";8;8;19;36
1837;WIN;None;3;77;"246,43";"0,4438";"0,32";9;9;13;26
1838;WIN;None;3;147;"164,18";"0,4434";"0,39";10;8;14;30
1839;WIN;None;3;77;"205,18";"0,443";"0,27";10;10;12;24
1840;WIN;None;3;111;"185,35";"0,4426";"0,3";9;8;15;30
1841;WIN;None;3;232;"152,58";"0,4422";"0,32";11;11;33;67
1842;WIN;None;3;269;"44,69";"0,4418";"0,32";14;13;44;88
1843;WIN;None;3;117;"219,88";"0,4414";"0,28";15;13;20;39
1844;WIN;None;3;34;"226,04";"0,441";"0,24";12;5;4;7
1845;WIN;None;3;130;"154,87";"0,4406";"0,36";9;9;20;40
1846;DEATH;KilledByTarget;3;50;"-113,08";"0,4402";"0,22";8;5;7;16
1847;WIN;None;3;81;"218,5";"0,4398";"0,32";14;9;12;22
1848;WIN;None;3;173;"172,41";"0,4394";"0,31";14;12;21;42
1849;WIN;None;3;40;"192,67";"0,439";"0,25";11;4;7;14
1850;WIN;None;3;204;"175,74";"0,4386";"0,36";14;14;21;42
1851;WIN;None;3;45;"224,62";"0,4382";"0,36";9;7;6;12
1852;WIN;None;3;47;"208,23";"0,4378";"0,34";14;7;4;6
1853;WIN;None;3;198;"193,51";"0,4374";"0,29";13;12;33;66
1854;WIN;None;3;88;"206,91";"0,437";"0,35";8;7;16;32
1855;WIN;None;3;130;"173,12";"0,4366";"0,28";13;11;22;42
1856;WIN;None;3;59;"172,89";"0,4362";"0,27";12;6;14;26
1857;WIN;None;3;205;"85,82";"0,4358";"0,29";15;13;34;68
1858;WIN;None;3;129;"168,79";"0,4355";"0,33";10;10;16;32
1859;WIN;None;3;356;"4,6";"0,4351";"0,32";16;16;56;112
1860;WIN;None;3;23;"207,66";"0,4347";"0,26";10;2;3;6
1861;WIN;None;3;117;"176,03";"0,4343";"0,27";9;8;20;39
1862;WIN;None;3;153;"153,01";"0,4339";"0,28";15;14;28;56
1863;WIN;None;3;283;"79,01";"0,4335";"0,28";12;12;43;86
1864;WIN;None;3;100;"172,12";"0,4331";"0,32";11;8;8;16
1865;WIN;None;3;167;"160,18";"0,4327";"0,25";14;13;32;65
1866;DEATH;Suicide;3;13;"-306,19";"0,4323";"0,54";13;0;1;2
1867;WIN;None;3;87;"171,18";"0,4319";"0,3";11;7;9;18
1868;WIN;None;3;212;"109,13";"0,4316";"0,27";11;11;30;60
1869;WIN;None;3;116;"200,95";"0,4312";"0,28";10;9;21;40
1870;WIN;None;3;61;"220,9";"0,4308";"0,28";9;8;10;18
1871;WIN;None;3;23;"193,81";"0,4304";"0,3";9;2;5;8
1872;WIN;None;3;109;"196,59";"0,43";"0,32";14;10;15;31
1873;DEATH;KilledByTarget;3;97;"-112,57";"0,4296";"0,35";11;8;14;28
1874;WIN;None;3;132;"164,78";"0,4292";"0,29";10;8;16;30
1875;WIN;None;3;116;173;"0,4288";"0,35";14;8;14;28
1876;DEATH;KilledByTarget;3;239;"-204,46";"0,4285";"0,32";10;10;37;75
1877;DEATH;KilledByTarget;3;125;"-145,43";"0,4281";"0,3";12;6;11;23
1878;WIN;None;3;177;"241,68";"0,4277";"0,37";15;14;26;53
1879;DEATH;KilledByTarget;3;222;"-189,02";"0,4273";"0,29";9;9;31;65
1880;DEATH;KilledByTarget;3;62;"-107,82";"0,4269";"0,35";11;7;4;9
1881;WIN;None;3;29;"192,09";"0,4265";"0,31";9;3;4;8
1882;DEATH;KilledByTarget;3;184;"-98,21";"0,4261";"0,36";11;11;25;48
1883;WIN;None;3;410;"-57,33";"0,4258";"0,34";10;10;68;136
1884;WIN;None;3;97;"207,68";"0,4254";"0,33";13;9;9;18
1885;WIN;None;3;254;"106,79";"0,425";"0,28";14;14;34;69
1886;WIN;None;3;133;"184,71";"0,4246";"0,29";11;10;14;28
1887;DEATH;KilledByTarget;3;152;"-124,87";"0,4242";"0,28";14;14;22;45
1888;DEATH;KilledByTarget;3;124;"-155,21";"0,4239";"0,35";9;9;17;34
1889;WIN;None;3;101;"214,35";"0,4235";"0,41";11;8;12;24
1890;WIN;None;3;183;"178,41";"0,4231";"0,31";14;12;29;59
1891;WIN;None;3;51;"222,1";"0,4227";"0,31";11;6;5;10
1892;DEATH;KilledByTarget;3;127;"-112,37";"0,4223";"0,36";12;10;18;36
1893;WIN;None;3;95;"189,27";"0,4219";"0,34";14;13;12;24
1894;DEATH;KilledByTarget;3;58;"-100,34";"0,4216";"0,38";12;7;5;11
1895;WIN;None;3;131;"173,5";"0,4212";"0,37";10;8;17;35
1896;WIN;None;3;68;"179,61";"0,4208";"0,34";8;6;8;17
1897;WIN;None;3;62;"215,53";"0,4204";"0,34";14;11;11;20
1898;DEATH;KilledByTarget;3;108;"-84,64";"0,4201";"0,28";13;9;18;38
1899;WIN;None;3;152;"251,28";"0,4197";"0,28";10;10;25;52
1900;DEATH;Suicide;3;4;"-304,51";"0,4193";"0,5";14;0;2;2
1901;WIN;None;3;65;"217,82";"0,4189";"0,35";9;5;7;14
1902;WIN;None;3;195;"155,87";"0,4185";"0,26";9;7;32;67
1903;WIN;None;3;261;"122,2";"0,4182";"0,31";14;14;29;57
1904;WIN;None;3;80;"215,77";"0,4178";"0,31";9;8;11;23
1905;DEATH;KilledByTarget;3;127;"-132,62";"0,4174";"0,32";11;11;19;37
1906;DEATH;Suicide;3;9;"-305,51";"0,417";"0,56";13;1;1;2
1907;WIN;None;3;47;"237,78";"0,4167";"0,36";15;8;6;12
1908;WIN;None;3;207;"127,18";"0,4163";"0,29";18;17;25;48
1909;WIN;None;3;146;"148,4";"0,4159";"0,3";9;8;23;46
1910;DEATH;Suicide;3;7;"-305,07";"0,4155";"0,57";13;0;1;2
1911;WIN;None;3;35;"234,22";"0,4152";"0,2";12;7;5;10
1912;WIN;None;3;101;"212,4";"0,4148";"0,38";11;9;13;26
1913;DEATH;Suicide;3;4;"-304,51";"0,4144";"0,25";14;0;1;2
1914;DEATH;KilledByTarget;3;67;"-85,72";"0,414";"0,37";10;4;9;20
1915;WIN;None;3;191;"159,7";"0,4137";"0,27";12;11;29;58
1916;DEATH;KilledByTarget;3;170;"-113,33";"0,4133";"0,36";13;12;17;38
1917;WIN;None;3;141;"255,15";"0,4129";"0,28";12;9;18;40
1918;DEATH;KilledByTarget;3;117;"-108,57";"0,4126";"0,26";15;12;16;30
1919;DEATH;Suicide;3;4;"-304,51";"0,4122";"0,25";7;0;1;2
1920;WIN;None;3;102;"214,08";"0,4118";"0,3";10;8;16;31
1921;WIN;None;3;145;"215,87";"0,4114";"0,3";10;9;16;34
1922;WIN;None;3;82;"197,43";"0,4111";"0,26";9;7;6;13
1923;WIN;None;3;145;"267,27";"0,4107";"0,3";10;8;21;40
1924;DEATH;KilledByTarget;3;43;"-91,29";"0,4103";"0,3";12;5;3;6
1925;WIN;None;3;74;"244,74";"0,41";"0,27";12;10;9;18
1926;WIN;None;3;219;"169,59";"0,4096";"0,35";13;13;25;51
1927;DEATH;KilledByTarget;3;185;"-63,98";"0,4092";"0,27";11;9;27;54
1928;DEATH;KilledByTarget;3;132;"-119,77";"0,4089";"0,4";14;13;8;18
1929;WIN;None;3;207;"144,18";"0,4085";"0,33";10;10;19;38
1930;WIN;None;3;119;"214,79";"0,4081";"0,35";13;11;19;36
1931;WIN;None;3;179;"180,94";"0,4078";"0,32";8;8;22;46
1932;WIN;None;3;55;"242,77";"0,4074";"0,42";13;10;6;12
1933;DEATH;KilledByTarget;3;205;"-135,08";"0,407";"0,36";12;12;11;25
1934;DEATH;KilledByTarget;3;60;"-81,13";"0,4067";"0,35";13;8;4;8
1935;WIN;None;3;41;"218,35";"0,4063";"0,32";11;2;3;8
1936;DEATH;KilledByTarget;3;46;"-98,25";"0,4059";"0,28";12;7;6;13
1937;WIN;None;3;112;"206,18";"0,4056";"0,35";10;10;12;24
1938;WIN;None;3;101;"221,75";"0,4052";"0,32";13;11;13;29
1939;WIN;None;3;50;"223,42";"0,4048";"0,26";13;8;8;14
1940;WIN;None;3;57;"199,53";"0,4045";"0,19";9;4;6;12
1941;WIN;None;3;214;"209,29";"0,4041";"0,33";9;9;22;48
1942;WIN;None;3;128;"181,11";"0,4037";"0,33";12;12;14;28
1943;WIN;None;3;58;"210,21";"0,4034";"0,24";8;4;4;8
1944;DEATH;Suicide;3;10;"-305,63";"0,403";"0,3";9;1;1;2
1945;WIN;None;3;115;"243,42";"0,4026";"0,27";14;10;16;30
1946;WIN;None;3;72;"197,38";"0,4023";"0,26";8;7;12;24
1947;DEATH;KilledByTarget;3;77;"-88,07";"0,4019";"0,32";11;8;6;14
1948;WIN;None;3;54;"195,94";"0,4016";"0,39";11;7;6;12
1949;WIN;None;3;83;"242,51";"0,4012";"0,28";11;8;6;14
1950;WIN;None;3;266;"207,6";"0,4008";"0,3";11;10;22;50
1951;WIN;None;3;64;"198,84";"0,4005";"0,36";11;5;6;10
1952;WIN;None;3;124;"222,64";"0,4001";"0,31";14;11;14;32
1953;WIN;None;3;54;"236,59";"0,3998";"0,31";11;9;6;12
1954;DEATH;Suicide;3;4;"-304,51";"0,3994";0;11;0;1;2
1955;WIN;None;3;160;"135,57";"0,399";"0,32";11;10;17;34
1956;DEATH;Suicide;3;8;"-305,29";"0,3987";"0,25";13;0;1;2
1957;DEATH;KilledByTarget;3;69;"-97,21";"0,3983";"0,33";15;11;9;17
1958;WIN;None;3;137;"204,88";"0,398";"0,28";14;12;19;38
1959;WIN;None;3;88;"197,76";"0,3976";"0,33";8;8;13;24
1960;DEATH;KilledByTarget;3;184;"-124,51";"0,3972";"0,33";14;14;17;36
1961;WIN;None;3;111;"217,65";"0,3969";"0,29";14;11;14;28
1962;WIN;None;3;46;"214,8";"0,3965";"0,33";12;4;5;11
1963;DEATH;Suicide;3;4;"-304,51";"0,3962";"0,25";15;0;1;2
1964;WIN;None;3;125;"190,17";"0,3958";"0,26";6;6;13;24
1965;WIN;None;3;95;"244,72";"0,3955";"0,27";12;8;11;22
1966;WIN;None;3;97;"203,33";"0,3951";"0,33";7;7;9;18
1967;DEATH;KilledByTarget;3;173;"-136,34";"0,3948";"0,27";13;9;18;36
1968;DEATH;KilledByTarget;3;218;"-101,39";"0,3944";"0,33";13;13;26;52
1969;WIN;None;3;67;"236,38";"0,394";"0,34";17;13;9;18
1970;WIN;None;3;53;"212,81";"0,3937";"0,42";7;5;3;7
1971;WIN;None;3;220;"137,72";"0,3933";"0,31";10;10;24;50
1972;WIN;None;3;81;"220,1";"0,393";"0,33";11;8;14;28
1973;WIN;None;3;382;"156,88";"0,3926";"0,29";13;13;34;75
1974;WIN;None;3;156;"177,95";"0,3923";"0,28";12;12;15;30
1975;DEATH;Suicide;3;4;"-304,51";"0,3919";"0,5";13;0;1;2
1976;WIN;None;3;46;"227,95";"0,3916";"0,33";9;6;7;16
1977;WIN;None;3;76;"214,45";"0,3912";"0,24";9;6;6;12
1978;DEATH;Suicide;3;4;"-304,51";"0,3909";"0,25";9;0;1;2
1979;WIN;None;3;78;"229,26";"0,3905";"0,26";13;10;12;22
1980;WIN;None;3;66;"188,65";"0,3902";"0,17";9;6;4;11
1981;DEATH;KilledByTarget;3;123;"-103,94";"0,3898";"0,28";15;10;11;25
1982;DEATH;KilledByTarget;3;94;"-108,46";"0,3895";"0,31";9;6;7;16
1983;WIN;None;3;91;"235,6";"0,3891";"0,24";16;10;8;16
1984;WIN;None;3;54;"206,69";"0,3888";"0,3";12;5;7;15
1985;WIN;None;3;38;"213,11";"0,3884";"0,34";15;10;5;10
1986;WIN;None;3;80;"193,12";"0,3881";"0,29";13;9;9;18
1987;DEATH;KilledByTarget;3;54;"-93,36";"0,3877";"0,26";12;5;8;16
1988;DEATH;KilledByTarget;3;85;"-99,53";"0,3874";"0,41";12;11;6;10
1989;DEATH;KilledByTarget;3;32;"-87,62";"0,387";"0,34";11;5;2;5
1990;DEATH;KilledByTarget;3;150;"-114,78";"0,3867";"0,28";11;10;14;32
1991;WIN;None;3;257;"133,98";"0,3863";"0,27";14;14;21;42
1992;WIN;None;3;277;"109,13";"0,386";"0,33";12;12;27;60
1993;DEATH;KilledByTarget;3;167;"-106,07";"0,3856";"0,29";13;13;13;26
1994;DEATH;Suicide;3;6;"-304,85";"0,3853";"0,17";13;0;2;2
1995;WIN;None;3;100;"222,22";"0,3849";"0,27";13;11;11;22
1996;DEATH;KilledByTarget;3;234;"-171,36";"0,3846";"0,27";17;17;20;42
1997;WIN;None;3;176;"151,8";"0,3842";"0,32";9;9;17;34
1998;WIN;None;3;95;"158,72";"0,3839";"0,26";7;3;8;16
1999;DEATH;KilledByTarget;3;138;"-117,34";"0,3835";"0,4";9;8;11;25
2000;WIN;None;3;110;"213,97";"0,3832";"0,35";10;10;9;18
2001;DEATH;Suicide;3;6;"-304,85";"0,3828";"0,33";11;0;1;2
2002;WIN;None;3;102;"189,73";"0,3825";"0,24";10;8;13;26
2003;WIN;None;3;133;"241,96";"0,3822";"0,28";8;8;18;38
2004;DEATH;KilledByTarget;3;431;"-171,45";"0,3818";"0,31";14;14;43;90
2005;WIN;None;3;100;"196,17";"0,3815";"0,33";10;7;12;22
2006;DEATH;KilledByTarget;3;75;"-109,78";"0,3811";"0,32";8;7;6;15
2007;DEATH;Suicide;3;5;"-304,73";"0,3808";"0,2";9;0;2;2
2008;WIN;None;3;86;"188,25";"0,3804";"0,3";11;7;5;10
2009;WIN;None;3;207;"204,08";"0,3801";"0,35";14;14;21;51
2010;DEATH;KilledByTarget;3;62;"-97,22";"0,3798";"0,5";10;9;4;10
2011;WIN;None;3;210;"243,02";"0,3794";"0,33";11;10;22;45
2012;WIN;None;3;303;"122,46";"0,3791";"0,29";14;14;31;65
2013;DEATH;KilledByTarget;3;29;"-98,61";"0,3787";"0,34";9;3;3;7
2014;DEATH;KilledByTarget;3;160;"-151,48";"0,3784";"0,28";9;7;19;38
2015;WIN;None;3;59;"210,74";"0,3781";"0,25";10;8;7;14
2016;DEATH;KilledByTarget;3;121;"-119,85";"0,3777";"0,26";13;12;8;15
2017;DEATH;KilledByTarget;3;36;"-116,3";"0,3774";"0,33";8;3;6;12
2018;WIN;None;3;33;"204,31";"0,377";"0,21";7;4;5;10
2019;WIN;None;3;155;"208,67";"0,3767";"0,28";16;16;12;24
2020;DEATH;KilledByTarget;3;111;"-134,1";"0,3764";"0,25";6;6;14;26
2021;DEATH;KilledByTarget;3;117;"-125,22";"0,376";"0,33";6;5;9;19
2022;WIN;None;3;79;"201,09";"0,3757";"0,3";11;8;8;18
2023;WIN;None;3;131;"196,4";"0,3753";"0,37";9;8;14;28
2024;DEATH;KilledByTarget;3;162;"-94,02";"0,375";"0,36";16;15;14;28
2025;WIN;None;3;306;"136,9";"0,3747";"0,32";12;11;33;66
2026;DEATH;Suicide;3;5;"-304,73";"0,3743";"0,4";12;0;1;2
2027;WIN;None;3;40;"216,92";"0,374";"0,23";7;3;7;14
2028;DEATH;Suicide;3;6;"-304,85";"0,3737";"0,33";16;0;1;2
2029;WIN;None;3;131;"211,05";"0,3733";"0,35";12;12;16;30
2030;WIN;None;3;142;"177,38";"0,373";"0,3";9;9;16;32
2031;WIN;None;3;155;"170,92";"0,3726";"0,27";12;12;14;26
2032;WIN;None;3;109;"187,79";"0,3723";"0,3";10;10;10;20
2033;WIN;None;3;33;"220,46";"0,372";"0,24";10;6;6;10
2034;WIN;None;3;119;"187,54";"0,3716";"0,32";9;6;12;26
2035;DEATH;KilledByTarget;3;54;"-83,36";"0,3713";"0,39";14;10;7;15
2036;WIN;None;3;108;"192,01";"0,371";"0,35";10;9;12;22
2037;WIN;None;3;73;"214,31";"0,3706";"0,32";10;7;5;11
2038;WIN;None;3;55;"221,17";"0,3703";"0,22";12;6;3;7
2039;DEATH;KilledByTarget;3;111;"-112,4";"0,37";"0,29";10;9;10;21
2040;WIN;None;3;111;"219,2";"0,3696";"0,33";10;9;11;22
2041;WIN;None;3;150;"175,17";"0,3693";"0,29";13;12;17;33
2042;WIN;None;3;96;"221,5";"0,369";"0,27";9;8;9;19
2043;WIN;None;3;154;"213,04";"0,3686";"0,29";11;10;22;45
2044;WIN;None;3;251;"150,85";"0,3683";"0,27";11;11;30;62
2045;WIN;None;3;161;"198,25";"0,368";"0,32";16;14;17;34
2046;DEATH;KilledByTarget;3;148;"-108,29";"0,3676";"0,3";10;9;11;23
2047;WIN;None;3;224;"225,64";"0,3673";"0,29";13;13;21;46
2048;WIN;None;3;158;"207,41";"0,367";"0,26";16;14;18;36
2049;WIN;None;3;163;"185,21";"0,3667";"0,29";15;13;15;31
2050;DEATH;KilledByTarget;3;109;"-145,71";"0,3663";"0,37";14;11;12;24
2051;DEATH;KilledByTarget;3;61;"-103,25";"0,366";"0,36";6;5;4;11
2052;WIN;None;3;97;"186,98";"0,3657";"0,35";11;9;10;22
2053;WIN;None;3;114;"179,69";"0,3653";"0,22";11;7;8;14
2054;WIN;None;3;55;"203,42";"0,365";"0,25";10;8;8;14
2055;WIN;None;3;110;"174,72";"0,3647";"0,32";11;9;13;24
2056;WIN;None;3;111;"193,9";"0,3644";"0,24";11;7;12;24
2057;DEATH;KilledByTarget;3;144;"-123,96";"0,364";"0,33";12;12;12;26
2058;DEATH;KilledByTarget;3;95;"-106,08";"0,3637";"0,25";10;7;9;18
2059;WIN;None;3;141;"208,5";"0,3634";"0,33";13;13;10;20
2060;WIN;None;3;86;"221,3";"0,363";"0,35";11;10;8;16
2061;WIN;None;3;38;"221,51";"0,3627";"0,45";6;4;4;8
2062;DEATH;Suicide;3;6;"-304,95";"0,3624";"0,5";12;0;1;2
2063;DEATH;KilledByTarget;3;85;"-104,68";"0,3621";"0,33";14;11;7;14
2064;WIN;None;3;177;"236,18";"0,3617";"0,24";10;8;19;40
2065;WIN;None;3;142;"179,48";"0,3614";"0,27";16;13;14;30
2066;DEATH;KilledByTarget;3;168;"-119,94";"0,3611";"0,3";15;14;12;26
2067;WIN;None;3;110;"179,57";"0,3608";"0,3";14;7;19;38
2068;WIN;None;3;231;"145,4";"0,3604";"0,23";8;7;28;61
2069;WIN;None;3;42;"228,23";"0,3601";"0,21";12;7;6;12
2070;WIN;None;3;70;"219,57";"0,3598";"0,29";11;7;9;18
2071;WIN;None;3;38;"204,96";"0,3595";"0,39";9;4;3;6
2072;WIN;None;3;211;"142,25";"0,3591";"0,3";9;9;24;49
2073;WIN;None;3;281;"104,4";"0,3588";"0,3";9;9;23;47
2074;WIN;None;3;98;"236,41";"0,3585";"0,31";10;9;10;20
2075;WIN;None;3;233;"180,61";"0,3582";"0,22";13;11;12;27
2076;WIN;None;3;63;"210,71";"0,3579";"0,24";8;8;7;14
2077;WIN;None;3;119;"203,49";"0,3575";"0,35";11;10;7;14
2078;WIN;None;3;102;"225,78";"0,3572";"0,26";13;9;12;24
2079;WIN;None;3;172;"195,58";"0,3569";"0,33";14;12;9;18
2080;DEATH;Suicide;3;15;"-309,98";"0,3566";"0,2";11;1;1;2
2081;WIN;None;3;63;"211,16";"0,3562";"0,32";13;8;5;10
2082;DEATH;KilledByTarget;3;74;"-99,51";"0,3559";"0,3";15;13;9;20
2083;WIN;None;3;245;"197,82";"0,3556";"0,28";12;12;24;49
2084;WIN;None;3;127;"181,23";"0,3553";"0,32";14;11;10;19
2085;WIN;None;3;243;"168,91";"0,355";"0,26";8;8;19;41
2086;DEATH;KilledByTarget;3;252;"-146,52";"0,3546";"0,28";18;16;28;57
2087;DEATH;Suicide;3;13;"-306,44";"0,3543";"0,46";11;1;2;2
2088;WIN;None;3;78;"197,56";"0,354";"0,19";9;5;13;24
2089;WIN;None;3;72;"222,13";"0,3537";"0,32";11;10;10;20
2090;WIN;None;3;119;"265,69";"0,3534";"0,24";12;12;12;24
2091;WIN;None;3;332;"187,63";"0,353";"0,27";12;12;34;72
2092;DEATH;KilledByTarget;3;54;"-89,31";"0,3527";"0,3";10;7;6;13
2093;DEATH;KilledByTarget;3;63;"-122,84";"0,3524";"0,22";7;5;6;12
2094;WIN;None;3;112;"215,78";"0,3521";"0,41";11;9;6;12
2095;DEATH;KilledByTarget;3;179;"-167,36";"0,3518";"0,32";13;12;16;34
2096;DEATH;KilledByTarget;3;83;"-101,69";"0,3515";"0,23";11;9;7;15
2097;DEATH;KilledByTarget;3;119;"-103,01";"0,3511";"0,23";12;11;15;31
2098;DEATH;KilledByTarget;3;96;"-106,45";"0,3508";"0,29";10;7;9;19
2099;DEATH;KilledByTarget;3;110;"-82,98";"0,3505";"0,27";16;13;11;22
2100;WIN;None;3;93;"200,21";"0,3502";"0,26";14;7;11;22
2101;WIN;None;3;123;"210,81";"0,3499";"0,31";7;7;12;24
2102;WIN;None;3;158;"195,01";"0,3496";"0,28";12;12;17;32
2103;WIN;None;3;126;"259,35";"0,3493";"0,25";7;5;12;24
2104;WIN;None;3;86;"200,3";"0,3489";"0,27";9;8;11;22
2105;DEATH;KilledByTarget;3;66;-95;"0,3486";"0,21";12;12;10;21
2106;WIN;None;3;85;"205,17";"0,3483";"0,27";7;6;10;20
2107;WIN;None;3;187;"141,83";"0,348";"0,3";5;5;22;44
2108;DEATH;KilledByTarget;3;61;"-107,85";"0,3477";"0,34";12;5;4;6
2109;DEATH;KilledByTarget;3;37;"-76,42";"0,3474";"0,22";17;7;5;8
2110;WIN;None;3;76;"194,5";"0,3471";"0,29";14;9;9;19
2111;WIN;None;3;38;"223,31";"0,3467";"0,21";12;7;5;10
2112;DEATH;KilledByTarget;3;75;"-95,18";"0,3464";"0,23";16;12;8;16
2113;WIN;None;3;155;"224,67";"0,3461";"0,28";11;7;19;40
2114;WIN;None;3;85;"207,47";"0,3458";"0,26";14;10;11;22
2115;WIN;None;3;51;"211,95";"0,3455";"0,2";12;4;8;16
2116;DEATH;KilledByTarget;3;86;"-95,6";"0,3452";"0,33";12;9;5;12
2117;DEATH;KilledByTarget;3;42;"-97,72";"0,3449";"0,29";12;5;5;10
2118;WIN;None;3;82;"195,33";"0,3446";"0,29";5;3;10;21
2119;DEATH;KilledByTarget;3;112;"-110,12";"0,3443";"0,29";14;9;10;21
2120;WIN;None;3;66;"213,8";"0,344";"0,26";12;5;7;14
2121;WIN;None;3;120;"195,02";"0,3436";"0,33";13;13;12;25
2122;WIN;None;3;166;"141,75";"0,3433";"0,23";10;7;13;27
2123;WIN;None;3;83;"221,31";"0,343";"0,28";6;6;11;20
2124;WIN;None;3;63;"206,51";"0,3427";"0,32";10;9;5;8
2125;WIN;None;3;101;"247,15";"0,3424";"0,24";13;11;7;14
2126;WIN;None;3;87;"234,18";"0,3421";"0,23";14;11;9;18
2127;DEATH;KilledByTarget;3;277;"-103,77";"0,3418";"0,26";12;12;31;64
2128;WIN;None;3;167;"168,23";"0,3415";"0,29";8;8;15;32
2129;WIN;None;3;95;"169,22";"0,3412";"0,31";7;4;8;17
2130;WIN;None;3;30;"191,77";"0,3409";"0,17";8;4;4;6
2131;WIN;None;3;160;"200,87";"0,3406";"0,22";13;12;15;32
2132;WIN;None;3;42;"202,98";"0,3403";"0,21";8;3;4;9
2133;WIN;None;3;181;"157,65";"0,3399";"0,25";13;12;27;54
2134;WIN;None;3;48;"181,41";"0,3396";"0,27";10;3;6;12
2135;DEATH;KilledByTarget;3;79;"-111,36";"0,3393";"0,25";11;10;12;24
2136;WIN;None;3;43;"224,86";"0,339";"0,14";10;6;7;14
2137;DEATH;KilledByTarget;3;144;"-83,96";"0,3387";"0,2";12;11;19;39
2138;WIN;None;3;34;"219,24";"0,3384";"0,24";8;1;3;6
2139;WIN;None;3;100;"219,57";"0,3381";"0,29";9;5;9;22
2140;WIN;None;3;137;"194,63";"0,3378";"0,29";11;11;16;32
2141;DEATH;KilledByTarget;3;32;"-81,47";"0,3375";"0,22";8;6;3;7
2142;WIN;None;3;163;"130,81";"0,3372";"0,25";8;6;19;38
2143;WIN;None;3;81;"202,8";"0,3369";"0,31";10;4;5;12
2144;DEATH;KilledByTarget;3;146;"-142,4";"0,3366";"0,22";8;7;16;34
2145;DEATH;KilledByTarget;3;203;"-194,99";"0,3363";"0,29";10;8;27;54
2146;DEATH;KilledByTarget;3;174;"-152,21";"0,336";"0,27";12;10;19;39
2147;WIN;None;3;204;"171,39";"0,3357";"0,29";13;13;16;33
2148;WIN;None;3;201;"146,15";"0,3354";"0,28";9;8;24;50
2149;WIN;None;3;117;"224,18";"0,3351";"0,2";11;9;15;28
2150;WIN;None;3;174;"138,64";"0,3348";"0,29";10;10;23;47
2151;DEATH;KilledByTarget;3;243;"-114,19";"0,3345";"0,28";15;15;22;48
2152;DEATH;KilledByTarget;3;134;"-124,71";"0,3342";"0,19";18;18;17;33
2153;DEATH;KilledByTarget;3;39;"-108,11";"0,3339";"0,41";12;5;2;5
2154;DEATH;KilledByTarget;3;115;"-112,03";"0,3336";"0,3";9;7;12;23
2155;DEATH;KilledByTarget;3;86;"-99,2";"0,3333";"0,26";13;11;11;23
2156;DEATH;Suicide;3;4;"-304,51";"0,333";"0,25";15;0;1;2
2157;WIN;None;3;267;"199,08";"0,3327";"0,25";8;8;32;68
2158;WIN;None;3;92;"225,03";"0,3324";"0,32";10;8;9;18
2159;DEATH;KilledByTarget;3;310;"-232,48";"0,3321";"0,24";14;14;34;70
2160;WIN;None;3;240;"141,67";"0,3318";"0,32";13;13;28;56
2161;DEATH;KilledByTarget;3;99;"-117,06";"0,3315";"0,27";12;11;10;20
2162;DEATH;KilledByTarget;3;179;"-129,16";"0,3312";"0,26";14;14;19;41
2163;WIN;None;3;129;"191,94";"0,3309";"0,28";13;13;15;30
2164;WIN;None;3;148;"226,71";"0,3306";"0,22";13;13;15;31
2165;WIN;None;3;200;"155,87";"0,3303";"0,27";15;15;22;45
2166;DEATH;KilledByTarget;3;140;"-120,68";"0,33";"0,31";8;7;13;25
2167;WIN;None;3;81;"220,9";"0,3297";"0,15";13;11;7;15
2168;DEATH;KilledByTarget;3;77;"-82,72";"0,3294";"0,23";10;6;3;9
2169;WIN;None;3;137;"211,18";"0,3291";"0,19";10;8;14;26
2170;DEATH;KilledByTarget;3;120;"-121,33";"0,3288";"0,33";12;10;16;32
2171;DEATH;KilledByTarget;3;286;"-114,8";"0,3285";"0,26";10;10;21;45
2172;DEATH;KilledByTarget;3;73;"-110,74";"0,3282";"0,29";10;6;7;15
2173;DEATH;KilledByTarget;3;68;"-118,99";"0,3279";"0,13";7;4;5;12
2174;DEATH;KilledByTarget;3;36;"-89,15";"0,3276";"0,19";11;5;3;6
2175;WIN;None;3;240;"162,42";"0,3273";"0,25";10;9;20;38
2176;WIN;None;3;39;"220,84";"0,327";"0,15";6;3;5;12
2177;DEATH;KilledByTarget;3;126;"-103,2";"0,3267";"0,31";17;13;10;23
2178;WIN;None;3;87;"195,78";"0,3264";"0,22";12;8;9;16
2179;WIN;None;3;39;"223,99";"0,3262";"0,26";10;5;3;6
2180;DEATH;KilledByTarget;3;185;"-89,23";"0,3259";"0,29";12;11;16;35
2181;DEATH;KilledByTarget;3;88;"-103,34";"0,3256";"0,25";16;13;7;12
2182;WIN;None;3;30;"204,67";"0,3253";"0,1";9;4;3;6
2183;WIN;None;3;190;"165,02";"0,325";"0,17";9;9;22;45
2184;DEATH;KilledByTarget;3;137;"-141,37";"0,3247";"0,26";15;11;16;33
2185;DEATH;KilledByTarget;3;115;"-109,73";"0,3244";"0,3";14;14;9;20
2186;WIN;None;3;36;"221,75";"0,3241";"0,36";14;4;5;8
2187;DEATH;KilledByTarget;3;106;"-99,35";"0,3238";"0,23";12;10;11;24
2188;DEATH;KilledByTarget;3;73;"-99,94";"0,3235";"0,22";14;9;9;19
2189;WIN;None;3;146;"237,4";"0,3232";"0,28";10;7;15;30
2190;DEATH;KilledByTarget;3;166;"-179,65";"0,3229";"0,31";12;12;17;36
2191;DEATH;KilledByTarget;3;161;"-166,8";"0,3227";"0,2";11;10;18;37
2192;DEATH;KilledByTarget;3;125;"-122,18";"0,3224";"0,26";12;10;16;35
2193;WIN;None;3;65;"215,47";"0,3221";"0,2";14;11;10;18
2194;WIN;None;3;71;"174,95";"0,3218";"0,25";8;4;11;20
2195;WIN;None;3;52;"200,18";"0,3215";"0,27";8;4;10;21
2196;DEATH;KilledByTarget;3;178;"-99,19";"0,3212";"0,25";15;13;16;36
2197;WIN;None;3;144;"229,94";"0,3209";"0,29";13;12;20;40
2198;WIN;None;3;143;"149,96";"0,3206";"0,25";11;9;14;30
2199;WIN;None;3;88;"205,76";"0,3203";"0,19";12;8;9;18
2200;WIN;None;3;57;"198,68";"0,32";"0,32";11;9;5;10
2201;WIN;None;3;38;"199,86";"0,3198";"0,29";12;6;4;8
2202;WIN;None;3;145;"232,62";"0,3195";"0,26";16;14;19;38
2203;WIN;None;3;251;"180,1";"0,3192";"0,21";12;12;34;66
2204;WIN;None;3;213;"141,01";"0,3189";"0,22";9;8;20;40
2205;DEATH;Suicide;3;9;"-305,41";"0,3186";"0,44";11;0;1;2
2206;WIN;None;3;134;"238,79";"0,3183";"0,19";14;14;18;36
2207;WIN;None;3;72;"219,03";"0,318";"0,25";9;7;12;22
2208;WIN;None;3;138;"181,11";"0,3178";"0,27";12;11;18;34
2209;WIN;None;3;63;"204,56";"0,3175";"0,25";10;7;7;14
2210;WIN;None;3;383;"72,41";"0,3172";"0,27";13;13;37;77
2211;WIN;None;3;198;"212,86";"0,3169";"0,23";15;13;25;51
2212;DEATH;KilledByTarget;3;85;"-103,08";"0,3166";"0,25";15;11;9;20
2213;DEATH;KilledByTarget;3;88;"-139,29";"0,3163";"0,22";7;6;15;31
2214;WIN;None;3;123;"144,01";"0,316";"0,32";8;6;15;28
2215;DEATH;Suicide;3;6;"-304,85";"0,3158";"0,33";12;0;1;2
2216;WIN;None;3;98;"169,16";"0,3155";"0,23";10;7;10;20
2217;WIN;None;3;74;"171,79";"0,3152";"0,2";10;4;6;12
2218;WIN;None;3;18;"215,16";"0,3149";"0,11";11;4;4;6
2219;WIN;None;3;122;"202,28";"0,3146";"0,2";11;10;16;30
2220;WIN;None;3;170;"182,02";"0,3143";"0,25";11;11;20;45
2221;WIN;None;3;108;"206,56";"0,3141";"0,19";10;8;14;26
2222;DEATH;KilledByTarget;3;102;"-91,02";"0,3138";"0,28";13;12;12;25
2223;WIN;None;3;85;"215,27";"0,3135";"0,32";11;8;7;12
2224;WIN;None;3;180;"147,62";"0,3132";"0,24";11;11;25;52
2225;DEATH;KilledByTarget;3;202;"-185,07";"0,3129";"0,23";9;9;19;40
2226;WIN;None;3;70;"219,17";"0,3126";"0,26";13;10;10;20
2227;WIN;None;3;116;"184,75";"0,3124";"0,2";10;7;20;41
2228;DEATH;Suicide;3;4;"-304,51";"0,3121";"0,25";16;0;1;2
2229;DEATH;KilledByTarget;3;93;"-146,59";"0,3118";"0,24";5;5;16;35
2230;WIN;None;3;104;"213,14";"0,3115";"0,19";7;5;15;31
2231;WIN;None;3;252;"197,13";"0,3112";"0,25";12;12;33;65
2232;WIN;None;3;97;"253,03";"0,311";"0,28";14;12;11;22
2233;WIN;None;3;44;"213,09";"0,3107";"0,34";12;3;3;7
2234;WIN;None;3;119;"210,49";"0,3104";"0,24";11;10;13;26
2235;DEATH;KilledByTarget;3;140;"-151,08";"0,3101";"0,23";9;9;16;32
2236;DEATH;KilledByTarget;3;258;"-167,49";"0,3098";"0,25";13;13;27;57
2237;DEATH;KilledByTarget;3;90;"-96,23";"0,3096";"0,19";15;11;14;28
2238;DEATH;KilledByTarget;3;123;"-103,89";"0,3093";"0,18";12;9;7;16
2239;WIN;None;3;102;"178,78";"0,309";"0,18";4;4;11;22
2240;WIN;None;3;195;"207,12";"0,3087";"0,25";11;11;23;46
2241;WIN;None;3;135;"231,07";"0,3084";"0,2";11;10;10;23
2242;WIN;None;3;40;"203,77";"0,3082";"0,18";10;4;3;6
2243;WIN;None;3;289;"155,59";"0,3079";"0,27";17;17;23;56
2244;WIN;None;3;43;"216,51";"0,3076";"0,23";9;3;4;8
2245;DEATH;KilledByTarget;3;85;"-97,78";"0,3073";"0,22";10;8;8;17
2246;WIN;None;3;210;"188,72";"0,3071";"0,24";12;12;27;53
2247;WIN;None;3;122;"194,43";"0,3068";"0,28";10;10;17;32
2248;WIN;None;3;73;"207,31";"0,3065";"0,29";10;8;6;16
2249;DEATH;KilledByTarget;3;116;"-100,85";"0,3062";"0,26";8;8;11;22
2250;WIN;None;3;352;"107,93";"0,306";"0,26";12;12;29;66
2251;WIN;None;3;53;"208,16";"0,3057";"0,21";12;9;11;20
2252;WIN;None;3;152;"202,58";"0,3054";"0,23";15;14;14;28
2253;WIN;None;3;98;"235,21";"0,3051";"0,17";14;9;13;29
2254;WIN;None;3;143;"209,86";"0,3049";"0,2";12;12;13;27
2255;WIN;None;3;85;"231,62";"0,3046";"0,28";12;10;8;16
2256;WIN;None;3;125;"216,32";"0,3043";"0,23";10;8;15;33
2257;WIN;None;3;159;"219,74";"0,304";"0,26";18;18;12;27
2258;WIN;None;3;78;"188,56";"0,3038";"0,27";11;8;12;24
2259;WIN;None;3;60;"194,62";"0,3035";"0,23";9;7;5;8
2260;WIN;None;3;98;"213,81";"0,3032";"0,34";13;11;8;16
2261;WIN;None;3;213;"245,21";"0,3029";"0,2";12;12;22;53
2262;WIN;None;3;113;"220,06";"0,3027";"0,34";13;11;10;20
2263;WIN;None;3;129;"197,79";"0,3024";"0,26";11;10;13;26
2264;WIN;None;3;105;"183,52";"0,3021";"0,31";13;11;11;20
2265;WIN;None;3;223;"167,71";"0,3019";"0,19";9;9;19;38
2266;WIN;None;3;184;"232,14";"0,3016";"0,19";9;9;32;63
2267;WIN;None;3;21;"197,5";"0,3013";"0,29";9;2;4;6
2268;WIN;None;3;27;"223,33";"0,301";"0,26";10;3;5;8
2269;WIN;None;3;118;"218,01";"0,3008";"0,16";7;7;10;19
2270;WIN;None;3;87;"204,53";"0,3005";"0,3";13;11;10;20
2271;WIN;None;3;300;"206,67";"0,3002";"0,23";8;8;34;76
2272;DEATH;Suicide;3;4;"-304,51";"0,3";"0,25";14;0;2;2
2273;DEATH;KilledByTarget;3;132;"-114,37";"0,2997";"0,27";7;7;13;28
2274;DEATH;Suicide;3;22;"-309,82";"0,2994";"0,41";15;2;2;2
2275;WIN;None;3;93;"171,56";"0,2991";"0,23";8;7;8;16
2276;WIN;None;3;174;"196,14";"0,2989";"0,28";9;9;15;30
2277;DEATH;KilledByTarget;3;105;"-95,43";"0,2986";"0,2";9;8;12;28
2278;WIN;None;3;101;"217,6";"0,2983";"0,29";13;9;10;20
2279;DEATH;KilledByTarget;3;55;"-113,38";"0,2981";"0,27";10;5;6;14
2280;WIN;None;3;118;"238,96";"0,2978";"0,26";11;11;20;38
2281;DEATH;Suicide;3;4;"-304,51";"0,2975";"0,25";9;0;1;2
2282;WIN;None;3;151;200;"0,2973";"0,18";11;11;19;43
2283;WIN;None;3;100;"173,32";"0,297";"0,21";6;5;14;28
2284;DEATH;KilledByTarget;3;223;"-141,24";"0,2967";"0,23";15;15;23;47
2285;DEATH;KilledByTarget;3;78;"-89,99";"0,2965";"0,19";14;9;5;10
2286;WIN;None;3;106;"178,25";"0,2962";"0,28";9;6;12;24
2287;WIN;None;3;70;"220,17";"0,2959";"0,14";12;9;11;23
2288;DEATH;KilledByTarget;3;217;"-148,22";"0,2957";"0,21";13;11;25;53
2289;WIN;None;3;114;"195,59";"0,2954";"0,23";13;11;13;26
2290;DEATH;KilledByTarget;3;76;"-98,2";"0,2951";"0,28";12;11;9;17
2291;DEATH;KilledByTarget;3;305;"-176,73";"0,2949";"0,24";11;11;34;75
2292;WIN;None;3;106;"177,6";"0,2946";"0,23";10;6;10;23
2293;WIN;None;3;179;"186,84";"0,2943";"0,21";15;15;26;52
2294;WIN;None;3;90;"210,97";"0,2941";"0,21";13;10;9;16
2295;WIN;None;3;141;"186,1";"0,2938";"0,28";7;7;12;22
2296;DEATH;KilledByTarget;3;92;"-100,42";"0,2935";"0,35";14;13;11;22
2297;WIN;None;3;75;"228,97";"0,2933";"0,21";14;10;9;19
2298;DEATH;KilledByTarget;3;56;"-84,3";"0,293";"0,11";11;8;5;13
2299;WIN;None;3;88;"227,91";"0,2928";"0,18";10;9;11;23
2300;WIN;None;3;136;"182,75";"0,2925";"0,25";9;9;9;19
2301;WIN;None;3;388;"143,61";"0,2922";"0,25";10;9;36;80
2302;WIN;None;3;225;"178,02";"0,292";"0,21";17;17;27;58
2303;WIN;None;3;140;"220,67";"0,2917";"0,19";13;12;20;39
2304;WIN;None;3;108;"230,01";"0,2914";"0,24";12;9;12;24
2305;DEATH;KilledByTarget;3;114;"-128,91";"0,2912";"0,2";11;10;20;38
2306;WIN;None;3;127;"179,78";"0,2909";"0,2";10;8;15;32
2307;WIN;None;3;102;"193,78";"0,2907";"0,25";15;10;9;18
2308;WIN;None;3;106;"183,55";"0,2904";"0,23";10;6;12;24
2309;WIN;None;3;177;"277,63";"0,2901";"0,21";15;14;20;40
2310;WIN;None;3;158;"182,51";"0,2899";"0,17";12;12;16;34
2311;DEATH;Suicide;3;4;"-304,51";"0,2896";"0,25";14;0;1;2
2312;WIN;None;3;103;"207,06";"0,2893";"0,17";15;12;11;23
2313;WIN;None;3;176;"232,1";"0,2891";"0,25";11;11;21;44
2314;WIN;None;3;30;"229,42";"0,2888";"0,07";10;5;4;8
2315;DEATH;KilledByTarget;3;151;"-118,95";"0,2886";"0,2";10;9;13;31
2316;DEATH;KilledByTarget;3;194;"-96,81";"0,2883";"0,24";12;12;21;46
2317;WIN;None;3;279;"155,99";"0,288";"0,21";15;15;31;62
2318;WIN;None;3;132;"178,88";"0,2878";"0,24";15;13;15;30
2319;DEATH;KilledByTarget;3;93;"-84,29";"0,2875";"0,27";8;8;7;15
2320;WIN;None;3;175;"244,42";"0,2873";"0,22";14;11;20;43
2321;DEATH;KilledByTarget;3;87;"-69,87";"0,287";"0,23";11;6;7;16
2322;WIN;None;3;96;"192,5";"0,2868";"0,21";11;10;8;16
2323;WIN;None;3;85;"201,07";"0,2865";"0,27";10;8;11;23
2324;WIN;None;3;56;"212,8";"0,2862";"0,2";9;7;8;16
2325;WIN;None;3;74;"191,44";"0,286";"0,27";10;6;9;16
2326;WIN;None;3;179;"195,79";"0,2857";"0,21";16;14;22;42
2327;DEATH;KilledByTarget;3;72;"-52,22";"0,2855";"0,21";11;7;8;18
2328;WIN;None;3;173;"210,56";"0,2852";"0,2";14;13;19;40
2329;WIN;None;3;159;"239,04";"0,285";"0,23";9;9;18;38
2330;WIN;None;3;138;"228,56";"0,2847";"0,26";9;7;17;36
2331;WIN;None;3;123;"204,16";"0,2844";"0,24";14;13;12;25
2332;WIN;None;3;62;"215,78";"0,2842";"0,13";12;9;8;16
2333;WIN;None;3;58;"226,01";"0,2839";"0,26";11;7;7;14
2334;WIN;None;3;158;"225,46";"0,2837";"0,22";12;12;19;38
2335;DEATH;KilledByTarget;3;100;"-97,63";"0,2834";"0,17";11;9;12;23
2336;DEATH;Suicide;3;4;"-304,51";"0,2832";"0,25";9;0;1;2
2337;WIN;None;3;103;"209,86";"0,2829";"0,25";10;6;11;24
2338;WIN;None;3;216;"187,75";"0,2827";"0,22";12;8;29;59
2339;DEATH;KilledByTarget;3;30;"-81,28";"0,2824";"0,23";14;6;5;9
2340;WIN;None;3;125;"199,82";"0,2821";"0,27";13;13;12;24
2341;DEATH;KilledByTarget;3;129;"-99,26";"0,2819";"0,21";16;12;14;31
2342;WIN;None;3;204;"151,89";"0,2816";"0,22";12;12;23;44
2343;WIN;None;3;75;"204,87";"0,2814";"0,23";12;7;10;20
2344;WIN;None;3;112;"228,13";"0,2811";"0,21";10;8;12;26
2345;WIN;None;3;109;"195,79";"0,2809";"0,25";8;7;13;26
2346;WIN;None;3;53;"236,11";"0,2806";"0,25";11;8;9;16
2347;DEATH;KilledByTarget;3;145;"-113,38";"0,2804";"0,18";12;10;15;31
2348;WIN;None;3;40;"249,32";"0,2801";"0,05";12;9;7;14
2349;WIN;None;3;210;"204,07";"0,2799";"0,21";12;12;20;43
2350;WIN;None;3;54;"189,84";"0,2796";"0,24";11;5;6;12
2351;DEATH;KilledByTarget;3;144;"-78,96";"0,2794";"0,24";14;14;16;33
2352;WIN;None;3;67;"222,38";"0,2791";"0,16";11;7;12;26
2353;WIN;None;3;160;"232,32";"0,2789";"0,21";11;10;17;35
2354;WIN;None;3;171;198;"0,2786";"0,2";12;12;16;32
2355;WIN;None;3;116;"207,85";"0,2784";"0,18";13;12;11;24
2356;DEATH;KilledByTarget;3;163;"-103,94";"0,2781";"0,2";10;10;14;32
2357;DEATH;KilledByTarget;3;66;"-94,45";"0,2779";"0,12";13;8;7;15
2358;WIN;None;3;114;"197,59";"0,2776";"0,19";13;12;17;34
2359;WIN;None;3;160;"222,57";"0,2774";"0,21";11;11;15;32
2360;WIN;None;3;187;"143,48";"0,2771";"0,26";10;10;19;39
2361;DEATH;KilledByTarget;3;147;"-98,67";"0,2769";"0,24";16;14;19;40
2362;WIN;None;3;48;"215,21";"0,2766";"0,17";7;4;6;12
2363;WIN;None;3;107;"219,73";"0,2764";"0,24";14;13;13;24
2364;DEATH;KilledByTarget;3;86;"-103,9";"0,2761";"0,22";11;7;6;13
2365;DEATH;KilledByTarget;3;254;"-153,41";"0,2759";"0,2";11;11;35;70
2366;DEATH;KilledByTarget;3;259;"-53,31";"0,2756";"0,16";13;13;21;44
2367;WIN;None;3;123;"195,91";"0,2754";"0,24";11;8;13;26
2368;DEATH;KilledByTarget;3;273;"-116,89";"0,2751";"0,25";12;12;21;46
2369;WIN;None;3;96;211;"0,2749";"0,23";11;11;11;22
2370;WIN;None;3;63;"207,86";"0,2746";"0,29";12;7;7;12
2371;WIN;None;3;139;"199,34";"0,2744";"0,22";8;8;16;34
2372;WIN;None;3;109;"170,84";"0,2741";"0,17";10;9;12;23
2373;WIN;None;3;108;"205,41";"0,2739";"0,2";10;10;10;18
2374;WIN;None;3;143;"185,16";"0,2736";"0,19";8;8;21;43
2375;WIN;None;3;143;"202,76";"0,2734";"0,16";12;11;28;54
2376;WIN;None;3;200;"196,22";"0,2731";"0,22";15;15;22;47
2377;WIN;None;3;68;"242,96";"0,2729";"0,16";13;11;8;16
2378;WIN;None;3;75;"207,22";"0,2727";"0,21";12;7;12;22
2379;DEATH;Suicide;3;4;"-304,51";"0,2724";"0,25";15;0;1;2
2380;DEATH;KilledByTarget;3;120;"-78,23";"0,2722";"0,21";15;15;11;22
2381;DEATH;KilledByTarget;3;43;"-96,24";"0,2719";"0,12";12;4;6;12
2382;WIN;None;3;36;"223,35";"0,2717";"0,11";13;8;5;10
2383;DEATH;KilledByTarget;3;194;"-149,61";"0,2714";"0,21";14;14;26;55
2384;WIN;None;3;83;"177,06";"0,2712";"0,22";6;6;13;24
2385;DEATH;KilledByTarget;3;110;"-108,33";"0,2709";"0,25";18;15;9;21
2386;WIN;None;3;28;"231,21";"0,2707";"0,11";11;4;7;14
2387;WIN;None;3;19;"202,49";"0,2705";"0,11";8;2;3;4
2388;WIN;None;3;156;"220,25";"0,2702";"0,19";12;11;18;40
2389;DEATH;Suicide;3;4;"-304,51";"0,27";"0,25";13;0;1;2
2390;WIN;None;3;58;"210,76";"0,2697";"0,28";12;8;5;10
2391;WIN;None;3;141;"225,6";"0,2695";"0,14";13;13;14;28
2392;WIN;None;3;171;"185,5";"0,2692";"0,2";15;14;21;44
2393;WIN;None;3;42;"199,83";"0,269";"0,29";8;5;4;8
2394;WIN;None;3;159;"221,39";"0,2688";"0,16";12;10;13;26
2395;WIN;None;3;37;"237,53";"0,2685";"0,14";13;6;6;12
2396;WIN;None;3;121;"201,55";"0,2683";"0,15";7;6;18;36
2397;WIN;None;3;202;"127,78";"0,268";"0,2";9;9;22;42
2398;DEATH;Suicide;3;4;"-304,51";"0,2678";"0,25";17;0;1;2
2399;WIN;None;3;76;"197,65";"0,2675";"0,16";12;8;8;16
2400;WIN;None;3;41;"235,85";"0,2673";"0,2";10;7;4;10
2401;WIN;None;3;162;"191,08";"0,2671";"0,22";12;11;20;38
2402;WIN;None;3;100;"200,12";"0,2668";"0,17";14;10;16;30
2403;WIN;None;3;105;"203,47";"0,2666";"0,21";8;7;5;11
2404;DEATH;KilledByTarget;3;84;"-94,16";"0,2663";"0,24";13;8;7;13
2405;WIN;None;3;251;"156,85";"0,2661";"0,2";14;14;29;58
2406;WIN;None;3;52;"206,88";"0,2659";"0,25";13;9;7;14
2407;WIN;None;3;89;"200,89";"0,2656";"0,1";9;5;13;32
2408;WIN;None;3;83;"220,76";"0,2654";"0,14";13;9;17;32
2409;WIN;None;3;138;"240,01";"0,2651";"0,21";13;11;21;40
2410;WIN;None;3;117;"214,78";"0,2649";"0,16";10;7;9;22
2411;WIN;None;3;69;"207,89";"0,2647";"0,23";13;9;10;18
2412;DEATH;KilledByTarget;3;73;"-119,04";"0,2644";"0,21";7;5;5;12
2413;DEATH;KilledByTarget;3;106;"-107,1";"0,2642";"0,13";10;9;8;17
2414;WIN;None;3;221;"175,5";"0,264";"0,22";16;16;16;32
2415;WIN;None;3;59;"233,04";"0,2637";"0,19";11;8;13;24
2416;WIN;None;3;191;"158,6";"0,2635";"0,23";9;9;14;28
2417;DEATH;KilledByTarget;3;199;"-110,61";"0,2632";"0,18";11;9;25;55
2418;WIN;None;3;52;"249,33";"0,263";"0,19";13;9;7;14
2419;WIN;None;3;86;"233,6";"0,2628";"0,21";10;9;13;24
2420;DEATH;KilledByTarget;3;45;"-87,63";"0,2625";"0,18";14;8;5;12
2421;WIN;None;3;199;"175,14";"0,2623";"0,21";13;13;25;51
2422;DEATH;KilledByTarget;3;36;"-96,85";"0,2621";"0,19";7;3;3;7
2423;WIN;None;3;74;"202,04";"0,2618";"0,18";13;9;8;14
2424;DEATH;KilledByTarget;3;64;"-81,86";"0,2616";"0,3";10;8;6;13
2425;WIN;None;3;212;"108,88";"0,2614";"0,22";14;11;25;50
2426;DEATH;KilledByTarget;3;63;"-94,69";"0,2611";"0,24";10;8;6;12
2427;WIN;None;3;186;"162,35";"0,2609";"0,16";12;11;21;41
2428;WIN;None;3;59;"218,14";"0,2607";"0,19";12;6;8;14
2429;WIN;None;3;137;"190,38";"0,2604";"0,18";14;13;12;24
2430;WIN;None;3;129;"225,14";"0,2602";"0,22";11;10;16;32
2431;WIN;None;3;50;"206,77";"0,2599";"0,1";12;7;10;19
2432;WIN;None;3;128;"195,96";"0,2597";"0,15";10;9;23;44
2433;WIN;None;3;84;"224,99";"0,2595";"0,13";7;7;9;16
2434;WIN;None;3;120;"173,47";"0,2592";"0,2";10;5;8;14
2435;WIN;None;3;133;"191,61";"0,259";"0,2";11;9;20;38
2436;WIN;None;3;85;"219,02";"0,2588";"0,19";12;7;11;21
2437;DEATH;KilledByTarget;3;33;"-97,54";"0,2585";"0,18";8;4;3;7
2438;WIN;None;3;142;"185,43";"0,2583";"0,18";11;6;8;16
2439;WIN;None;3;73;"242,86";"0,2581";"0,16";13;9;4;10
2440;DEATH;KilledByTarget;3;124;"-108,16";"0,2578";"0,21";15;12;15;29
2441;DEATH;KilledByTarget;3;78;"-106,74";"0,2576";"0,24";11;10;3;6
2442;DEATH;KilledByTarget;3;95;"-111,08";"0,2574";"0,14";13;10;11;23
2443;DEATH;KilledByTarget;3;206;"-141,4";"0,2572";"0,19";9;9;18;41
2444;WIN;None;3;66;"208,4";"0,2569";"0,27";14;9;10;18
2445;WIN;None;3;135;"204,37";"0,2567";"0,21";13;12;18;34
2446;WIN;None;3;25;"199,67";"0,2565";"0,24";8;4;3;6
2447;WIN;None;3;121;"200,45";"0,2562";"0,25";7;4;12;23
2448;WIN;None;3;36;"231,95";"0,256";"0,17";11;5;4;8
2449;WIN;None;3;227;"159,73";"0,2558";"0,28";12;12;27;54
2450;DEATH;KilledByTarget;3;145;"-110,63";"0,2555";"0,19";14;11;11;28
2451;WIN;None;3;82;"230,78";"0,2553";"0,21";11;8;9;19
2452;WIN;None;3;124;"214,19";"0,2551";"0,18";8;8;23;46
2453;WIN;None;3;99;"202,59";"0,2548";"0,18";9;5;10;20
2454;WIN;None;3;100;"195,22";"0,2546";"0,19";11;10;12;24
2455;WIN;None;3;123;"265,56";"0,2544";"0,21";10;10;17;34
2456;WIN;None;3;287;"107,68";"0,2542";"0,18";10;10;37;75
2457;WIN;None;3;189;"153,79";"0,2539";"0,2";10;10;24;50
2458;WIN;None;3;106;"174,55";"0,2537";"0,17";11;8;20;38
2459;WIN;None;3;332;"136,28";"0,2535";"0,18";7;7;47;94
2460;DEATH;Suicide;3;4;"-304,51";"0,2532";"0,25";12;0;1;2
2461;WIN;None;3;109;"229,79";"0,253";"0,24";10;8;13;31
2462;WIN;None;3;129;"207,49";"0,2528";"0,2";13;10;11;24
2463;WIN;None;3;88;"244,96";"0,2526";"0,17";12;9;10;19
2464;WIN;None;3;79;"207,89";"0,2523";"0,32";14;7;6;12
2465;WIN;None;3;74;"221,94";"0,2521";"0,19";13;9;10;18
2466;WIN;None;3;85;"243,87";"0,2519";"0,21";14;12;9;19
2467;WIN;None;3;281;"103,7";"0,2517";"0,23";14;14;31;62
2468;WIN;None;3;88;"209,66";"0,2514";"0,25";10;7;6;13
2469;WIN;None;3;95;"232,17";"0,2512";"0,15";11;10;8;16
2470;WIN;None;3;103;"218,66";"0,251";"0,23";11;11;12;24
2471;WIN;None;3;105;"225,32";"0,2508";"0,24";9;9;13;26
2472;WIN;None;3;129;"225,59";"0,2505";"0,26";12;10;15;30
2473;WIN;None;3;147;"213,63";"0,2503";"0,19";12;10;21;45
2474;WIN;None;3;149;"189,79";"0,2501";"0,17";11;11;19;36
2475;WIN;None;3;65;"210,57";"0,2499";"0,15";12;8;9;16
2476;WIN;None;3;41;"200,8";"0,2496";"0,1";11;2;5;8
2477;WIN;None;3;209;"210,09";"0,2494";"0,22";13;13;20;41
2478;WIN;None;3;64;"235,14";"0,2492";"0,17";11;9;7;14
2479;WIN;None;3;79;"210,89";"0,249";"0,25";12;9;10;21
2480;WIN;None;3;55;"242,87";"0,2487";"0,22";12;10;6;12
2481;WIN;None;3;17;"202,18";"0,2485";"0,18";11;2;2;4
2482;DEATH;KilledByTarget;3;133;"-57,54";"0,2483";"0,14";14;12;16;35
2483;DEATH;KilledByTarget;3;219;"-167,41";"0,2481";"0,21";12;11;17;36
2484;WIN;None;3;175;"235,22";"0,2478";"0,23";13;13;14;27
2485;WIN;None;3;41;"233,15";"0,2476";"0,27";10;6;6;12
2486;WIN;None;3;159;"185,89";"0,2474";"0,21";11;11;17;34
2487;WIN;None;3;69;"224,09";"0,2472";"0,16";9;7;6;15
2488;WIN;None;3;47;"213,93";"0,2469";"0,13";7;7;6;12
2489;WIN;None;3;99;"219,74";"0,2467";"0,16";9;9;13;26
2490;WIN;None;3;112;"228,33";"0,2465";"0,28";12;12;9;18
2491;WIN;None;3;47;"234,03";"0,2463";"0,13";10;8;3;8
2492;WIN;None;3;103;"223,36";"0,2461";"0,23";9;5;10;20
2493;DEATH;KilledByTarget;3;119;"-112,86";"0,2458";"0,21";12;11;12;25
2494;WIN;None;3;78;"210,46";"0,2456";"0,18";8;5;6;12
2495;WIN;None;3;97;"202,93";"0,2454";"0,16";12;10;9;18
2496;WIN;None;3;90;"259,57";"0,2452";"0,21";13;12;12;25
2497;WIN;None;3;128;"190,81";"0,245";"0,13";5;4;12;23
2498;WIN;None;3;78;"202,01";"0,2447";"0,17";10;5;7;16
2499;WIN;None;3;66;"213,6";"0,2445";"0,23";13;7;6;12
2500;WIN;None;3;44;"216,64";"0,2443";"0,16";8;5;2;4
2501;WIN;None;3;76;"226,5";"0,2441";"0,24";15;9;11;22
2502;WIN;None;3;125;"240,22";"0,2439";"0,17";15;13;11;22
2503;DEATH;KilledByTarget;3;67;"-118,97";"0,2436";"0,22";11;8;4;9
2504;DEATH;KilledByTarget;3;47;"-85,17";"0,2434";"0,21";12;8;6;10
2505;DEATH;KilledByTarget;3;142;"-100,87";"0,2432";"0,15";15;14;21;42
2506;DEATH;KilledByTarget;3;39;"-86,71";"0,243";"0,21";14;7;5;9
2507;WIN;None;3;199;"178,34";"0,2428";"0,19";12;12;21;46
2508;WIN;None;3;83;"192,46";"0,2425";"0,17";9;8;5;10
2509;DEATH;KilledByTarget;3;70;"-83,73";"0,2423";"0,33";15;11;7;15
2510;WIN;None;3;201;"181,4";"0,2421";"0,24";10;10;12;27
2511;WIN;None;3;25;"220,17";"0,2419";"0,16";10;2;2;4
2512;WIN;None;3;25;"211,97";"0,2417";"0,16";8;1;2;4
2513;WIN;None;3;110;"248,42";"0,2414";"0,21";9;9;14;26
2514;WIN;None;3;110;"263,12";"0,2412";"0,18";12;8;11;24
2515;WIN;None;3;57;"189,78";"0,241";"0,23";9;4;6;13
2516;WIN;None;3;112;"227,58";"0,2408";"0,17";14;11;9;22
2517;WIN;None;3;82;"239,58";"0,2406";"0,21";15;10;10;21
2518;WIN;None;3;79;"213,69";"0,2404";"0,14";11;9;9;18
2519;WIN;None;3;121;"244,85";"0,2401";"0,21";14;11;14;28
2520;DEATH;KilledByTarget;3;82;"-101,27";"0,2399";"0,18";10;8;5;12
2521;WIN;None;3;72;"246,83";"0,2397";"0,21";12;9;7;17
2522;WIN;None;3;88;"210,71";"0,2395";"0,18";10;7;7;14
2523;DEATH;KilledByTarget;3;106;"-129,2";"0,2393";"0,23";8;4;6;17
2524;WIN;None;3;82;"219,78";"0,2391";"0,2";10;8;11;20
2525;WIN;None;3;55;"206,07";"0,2389";"0,2";14;8;5;10
2526;WIN;None;3;126;"196,15";"0,2386";"0,16";15;14;10;20
2527;WIN;None;3;53;"233,11";"0,2384";"0,21";10;6;6;12
2528;WIN;None;3;79;"219,64";"0,2382";"0,2";11;11;11;22
2529;DEATH;Suicide;3;4;"-304,51";"0,238";"0,25";12;0;1;2
2530;WIN;None;3;122;"193,53";"0,2378";"0,16";11;10;14;30
2531;DEATH;KilledByTarget;3;60;"-91,08";"0,2376";"0,17";7;5;6;14
2532;DEATH;KilledByTarget;3;128;"-103,84";"0,2374";"0,15";8;8;11;27
2533;WIN;None;3;118;"216,71";"0,2371";"0,17";11;10;12;24
2534;DEATH;KilledByTarget;3;115;"-99,33";"0,2369";"0,15";10;8;12;26
2535;WIN;None;3;37;"231,83";"0,2367";"0,24";11;6;4;8
2536;WIN;None;3;92;"227,03";"0,2365";"0,16";13;11;7;15
2537;WIN;None;3;136;"197,45";"0,2363";"0,2";12;9;10;26
2538;WIN;None;3;159;"183,94";"0,2361";"0,18";10;10;16;35
2539;DEATH;Suicide;3;4;"-304,51";"0,2359";"0,25";14;0;1;2
2540;WIN;None;3;69;"195,39";"0,2356";"0,12";14;9;10;20
2541;DEATH;KilledByTarget;3;32;"-87,32";"0,2354";"0,13";8;5;3;8
2542;DEATH;KilledByTarget;3;31;"-101,2";"0,2352";"0,16";11;3;4;10
2543;DEATH;KilledByTarget;3;24;"-98,91";"0,235";"0,17";10;4;1;3
2544;DEATH;KilledByTarget;3;77;"-86,52";"0,2348";"0,17";11;9;9;22
2545;DEATH;KilledByTarget;3;184;"-133,96";"0,2346";"0,21";14;13;21;42
2546;WIN;None;3;80;"185,17";"0,2344";"0,15";11;6;13;24
2547;WIN;None;3;170;"174,77";"0,2342";"0,15";17;15;17;36
2548;WIN;None;3;144;"202,19";"0,234";"0,24";9;7;10;26
2549;WIN;None;3;83;"203,06";"0,2337";"0,22";11;8;8;15
2550;WIN;None;3;135;"212,22";"0,2335";"0,21";14;13;13;31
2551;DEATH;KilledByTarget;3;52;"-102,27";"0,2333";"0,21";8;4;3;11
2552;WIN;None;3;249;"173,09";"0,2331";"0,19";13;13;22;49
2553;WIN;None;3;88;"203,51";"0,2329";"0,18";11;9;13;26
2554;DEATH;KilledByTarget;3;84;"-97,06";"0,2327";"0,15";13;11;8;17
2555;WIN;None;3;74;"220,49";"0,2325";"0,19";14;12;8;16
2556;DEATH;KilledByTarget;3;74;"-112,66";"0,2323";"0,16";9;8;7;16
2557;WIN;None;3;94;"229,69";"0,2321";"0,19";14;9;12;25
2558;WIN;None;3;116;"168,9";"0,2319";"0,15";7;7;12;24
2559;DEATH;KilledByTarget;3;129;"-118,56";"0,2317";"0,19";15;13;9;19
2560;WIN;None;3;123;"195,66";"0,2314";"0,28";12;10;11;22
2561;WIN;None;3;87;"227,88";"0,2312";"0,18";11;10;8;16
2562;DEATH;KilledByTarget;3;95;"-83,53";"0,231";"0,22";10;6;6;13
2563;DEATH;KilledByTarget;3;39;"-86,71";"0,2308";"0,13";12;7;5;10
2564;WIN;None;3;75;"233,32";"0,2306";"0,15";16;13;10;20
2565;WIN;None;3;60;"229,82";"0,2304";"0,18";12;8;7;14
2566;WIN;None;3;230;"176,62";"0,2302";"0,15";11;11;18;39
2567;DEATH;KilledByTarget;3;141;"-103,25";"0,23";"0,23";14;13;12;25
2568;WIN;None;3;68;"219,61";"0,2298";"0,13";13;10;6;12
2569;WIN;None;3;101;"190,4";"0,2296";"0,18";11;10;13;24
2570;WIN;None;3;177;"238,53";"0,2294";"0,17";14;14;13;29
2571;WIN;None;3;65;"217,77";"0,2292";"0,22";12;6;5;10
2572;DEATH;KilledByTarget;3;88;"-96,49";"0,229";"0,19";12;8;7;14
2573;WIN;None;3;86;"205,3";"0,2287";"0,15";12;8;10;20
2574;WIN;None;3;113;"168,06";"0,2285";"0,18";14;9;7;17
2575;WIN;None;3;72;"231,03";"0,2283";"0,18";11;7;8;16
2576;WIN;None;3;100;"212,52";"0,2281";"0,15";12;9;5;12
2577;WIN;None;3;187;"216,18";"0,2279";"0,2";13;13;12;28
2578;DEATH;KilledByTarget;3;101;"-69,8";"0,2277";"0,23";11;8;7;14
2579;WIN;None;3;76;"225,95";"0,2275";"0,14";10;7;8;16
2580;DEATH;KilledByTarget;3;24;"-99,51";"0,2273";"0,17";9;4;1;3
2581;WIN;None;3;99;"238,99";"0,2271";"0,23";15;12;13;26
2582;DEATH;KilledByTarget;3;78;"-93,74";"0,2269";"0,19";13;10;8;18
2583;WIN;None;3;107;"215,13";"0,2267";"0,24";9;9;9;18
2584;DEATH;KilledByTarget;3;121;"-82,2";"0,2265";"0,2";10;10;6;16
2585;WIN;None;3;47;"215,33";"0,2263";"0,15";13;9;6;10
2586;WIN;None;3;57;"235,43";"0,2261";"0,21";14;10;7;14
2587;DEATH;KilledByTarget;3;71;"-96,2";"0,2259";"0,25";9;6;6;12
2588;DEATH;KilledByTarget;3;143;"-100,54";"0,2257";"0,17";16;13;11;29
2589;WIN;None;3;109;"225,99";"0,2255";"0,17";10;9;9;16
2590;WIN;None;3;74;"249,29";"0,2253";"0,15";10;4;13;25
2591;WIN;None;3;53;"238,86";"0,2251";"0,19";13;10;7;14
2592;WIN;None;3;137;"218,28";"0,2249";"0,2";13;12;10;21
2593;WIN;None;3;135;"222,62";"0,2247";"0,2";11;11;10;23
2594;WIN;None;3;69;"218,94";"0,2245";"0,22";13;9;7;14
2595;WIN;None;3;127;"216,13";"0,2243";"0,21";10;9;12;24
2596;DEATH;KilledByTarget;3;85;"-62,43";"0,2241";"0,08";12;9;9;20
2597;WIN;None;3;137;"209,23";"0,2239";"0,2";13;12;11;24
2598;WIN;None;3;245;"218,42";"0,2237";"0,16";18;17;19;41
2599;WIN;None;3;61;"194,6";"0,2235";"0,2";9;7;7;14
2600;WIN;None;3;83;"169,26";"0,2233";"0,13";13;7;7;14
2601;DEATH;KilledByTarget;3;80;"-115,08";"0,2231";"0,21";10;9;9;16
2602;DEATH;KilledByTarget;3;250;"-153,23";"0,2229";"0,19";12;12;21;44
2603;WIN;None;3;99;"232,04";"0,2227";"0,2";12;8;17;36
2604;WIN;None;3;217;"187,18";"0,2225";"0,22";14;13;23;47
2605;WIN;None;3;121;"196,3";"0,2223";"0,18";6;6;7;14
2606;WIN;None;3;122;"226,93";"0,2221";"0,2";13;13;13;26
2607;WIN;None;3;78;"217,06";"0,2219";"0,19";12;10;9;18
2608;DEATH;KilledByTarget;3;122;"-126,52";"0,2217";"0,27";11;9;11;24
2609;WIN;None;3;59;"228,14";"0,2215";"0,12";12;9;4;8
2610;WIN;None;3;168;"206,81";"0,2213";"0,2";16;14;10;21
2611;WIN;None;3;193;"196,91";"0,2211";"0,17";13;11;27;55
2612;DEATH;KilledByTarget;3;262;"-92,52";"0,2209";"0,16";13;13;30;63
2613;WIN;None;3;51;"222,5";"0,2207";"0,24";12;7;3;8
2614;WIN;None;3;171;"215,8";"0,2205";"0,16";9;9;10;22
2615;WIN;None;3;180;"237,17";"0,2203";"0,17";11;11;19;42
2616;WIN;None;3;71;"259,7";"0,2201";"0,21";14;9;9;18
2617;WIN;None;3;39;"211,19";"0,2199";"0,21";13;6;6;10
2618;WIN;None;3;155;"150,67";"0,2197";"0,19";10;9;14;29
2619;DEATH;KilledByTarget;3;73;"-103,64";"0,2195";"0,12";9;7;8;17
2620;WIN;None;3;418;"93,56";"0,2193";"0,18";13;13;53;108
2621;DEATH;KilledByTarget;3;111;"-83,75";"0,2191";"0,11";14;12;9;20
2622;DEATH;KilledByTarget;3;235;"-92,83";"0,2189";"0,16";14;13;14;30
2623;DEATH;KilledByTarget;3;115;"-86,43";"0,2187";"0,21";12;10;11;24
2624;WIN;None;3;134;"207,99";"0,2185";"0,2";11;11;13;26
2625;WIN;None;3;73;"232,21";"0,2183";"0,22";9;9;7;15
2626;WIN;None;3;49;"213,44";"0,2181";"0,16";10;6;7;16
2627;DEATH;KilledByTarget;3;119;"-106,21";"0,2179";"0,13";13;9;17;33
2628;WIN;None;3;123;"237,06";"0,2177";"0,21";16;12;9;18
2629;DEATH;KilledByTarget;3;101;"-110,85";"0,2175";"0,16";7;7;12;26
2630;DEATH;KilledByTarget;3;37;"-88,77";"0,2173";"0,11";12;6;4;9
2631;WIN;None;3;130;"222,62";"0,2171";"0,13";10;10;13;28
2632;WIN;None;3;134;"313,44";"0,2169";"0,16";12;9;21;42
2633;DEATH;KilledByTarget;3;110;"-71,03";"0,2167";"0,16";15;13;12;23
2634;WIN;None;3;101;"242,35";"0,2165";"0,17";16;15;8;20
2635;WIN;None;3;75;"228,97";"0,2163";"0,12";13;10;9;18
2636;DEATH;KilledByTarget;3;107;"-116,07";"0,2161";"0,18";8;7;5;12
2637;WIN;None;3;170;"202,82";"0,2159";"0,16";10;8;18;40
2638;WIN;None;3;171;"220,35";"0,2157";"0,18";11;11;14;28
2639;WIN;None;3;160;"165,57";"0,2156";"0,22";11;10;10;20
2640;WIN;None;3;122;"225,73";"0,2154";"0,14";14;12;10;25
2641;DEATH;KilledByTarget;3;68;"-76,14";"0,2152";"0,21";15;10;5;12
2642;WIN;None;3;153;"249,66";"0,215";"0,15";11;10;15;30
2643;WIN;None;3;59;"248,14";"0,2148";"0,2";13;9;9;18
2644;DEATH;Suicide;3;4;"-304,51";"0,2146";"0,25";12;0;1;2
2645;WIN;None;3;139;"213,99";"0,2144";"0,16";17;14;13;27
2646;DEATH;KilledByTarget;3;159;"-113,11";"0,2142";"0,13";12;10;16;35
2647;DEATH;KilledByTarget;3;96;"-127,1";"0,214";"0,16";13;10;6;16
2648;WIN;None;3;186;"184,95";"0,2138";"0,18";14;12;11;22
2649;WIN;None;3;75;"245,52";"0,2136";"0,23";14;10;10;18
2650;WIN;None;3;137;"244,88";"0,2134";"0,17";13;13;12;26
2651;WIN;None;3;222;"159,43";"0,2132";"0,19";14;14;25;50
2652;DEATH;KilledByTarget;3;56;"-96,3";"0,213";"0,16";10;5;5;14
2653;WIN;None;3;116;"191,35";"0,2129";"0,16";12;7;6;12
2654;WIN;None;3;28;"233,36";"0,2127";"0,21";12;5;4;9
2655;WIN;None;3;81;"256,5";"0,2125";"0,14";10;7;8;18
2656;WIN;None;3;290;"183,57";"0,2123";"0,17";11;11;31;64
2657;WIN;None;3;151;"241,15";"0,2121";"0,15";10;10;19;36
2658;DEATH;KilledByTarget;3;152;"-124,07";"0,2119";"0,21";14;14;10;22
2659;WIN;None;3;59;"228,59";"0,2117";"0,14";15;9;7;14
2660;WIN;None;3;107;"235,83";"0,2115";"0,18";15;15;13;28
2661;WIN;None;3;202;"194,33";"0,2113";"0,19";14;12;22;46
2662;WIN;None;3;108;"226,61";"0,2111";"0,2";9;9;8;14
2663;WIN;None;3;90;"210,17";"0,2109";"0,17";8;6;14;28
2664;DEATH;KilledByTarget;3;88;"-85,49";"0,2108";"0,13";12;10;9;19
2665;DEATH;KilledByTarget;3;67;"-92,72";"0,2106";"0,24";9;7;5;10
2666;WIN;None;3;172;"205,53";"0,2104";"0,14";16;16;18;41
2667;WIN;None;3;32;"208,48";"0,2102";"0,22";4;3;6;12
2668;DEATH;KilledByTarget;3;230;"-113,03";"0,21";"0,18";12;12;19;45
2669;WIN;None;3;137;"188,08";"0,2098";"0,2";10;10;10;20
2670;DEATH;KilledByTarget;3;92;"-70,72";"0,2096";"0,17";11;7;8;18
2671;WIN;None;3;193;"226,91";"0,2094";"0,13";11;11;18;36
2672;WIN;None;3;190;"182,92";"0,2092";"0,17";12;12;21;43
2673;WIN;None;3;236;"285,35";"0,2091";"0,13";12;12;29;57
2674;WIN;None;3;80;"244,62";"0,2089";"0,13";14;12;8;17
2675;WIN;None;3;40;"226,72";"0,2087";"0,23";11;4;5;10
2676;WIN;None;3;59;"227,24";"0,2085";"0,12";10;7;9;20
2677;WIN;None;3;45;"262,57";"0,2083";"0,11";14;7;5;10
2678;WIN;None;3;140;"227,37";"0,2081";"0,2";14;14;17;34
2679;DEATH;Suicide;3;4;"-304,51";"0,2079";"0,5";11;0;1;2
2680;DEATH;KilledByTarget;3;95;"-87,98";"0,2077";"0,16";12;10;10;21
2681;WIN;None;3;90;"216,67";"0,2076";"0,13";8;5;7;17
2682;WIN;None;3;68;"244,41";"0,2074";"0,21";12;8;6;12
2683;WIN;None;3;61;"215,9";"0,2072";"0,15";12;9;6;12
2684;WIN;None;3;162;"232,38";"0,207";"0,22";14;14;23;44
2685;DEATH;Suicide;3;6;"-304,95";"0,2068";"0,33";12;0;1;2
2686;DEATH;KilledByTarget;3;24;"-91,96";"0,2066";"0,08";7;2;2;6
2687;WIN;None;3;82;"223,73";"0,2064";"0,13";10;8;11;22
2688;WIN;None;3;62;"221,38";"0,2062";"0,16";13;11;11;22
2689;WIN;None;3;89;"215,49";"0,2061";"0,18";13;8;10;20
2690;WIN;None;3;59;"244,04";"0,2059";"0,14";15;12;9;18
2691;DEATH;KilledByTarget;3;81;"-86,05";"0,2057";"0,15";10;8;10;19
2692;WIN;None;3;71;"221,45";"0,2055";"0,17";6;5;9;18
2693;WIN;None;3;84;"197,24";"0,2053";"0,13";6;6;9;18
2694;WIN;None;3;71;"227,35";"0,2051";"0,07";11;8;5;10
2695;DEATH;KilledByTarget;3;120;"-88,28";"0,205";"0,15";9;9;14;26
2696;WIN;None;3;42;"224,18";"0,2048";"0,17";12;5;3;6
2697;WIN;None;3;107;"225,48";"0,2046";"0,21";16;13;11;22
2698;WIN;None;3;62;"230,43";"0,2044";"0,18";15;8;7;14
2699;WIN;None;3;262;"169,63";"0,2042";"0,15";13;13;16;31
2700;WIN;None;3;54;"207,99";"0,204";"0,13";9;6;10;21
2701;WIN;None;3;106;"201,75";"0,2038";"0,19";10;9;11;22
2702;WIN;None;3;35;"213,42";"0,2037";"0,14";15;4;3;6
2703;WIN;None;3;114;"257,54";"0,2035";"0,17";13;10;13;24
2704;WIN;None;3;73;"255,11";"0,2033";"0,08";15;13;10;20
2705;DEATH;KilledByTarget;3;181;"-136,55";"0,2031";"0,12";7;7;16;36
2706;WIN;None;3;167;"175,08";"0,2029";"0,19";7;7;19;38
2707;WIN;None;3;121;"189,15";"0,2028";"0,1";13;11;17;32
2708;WIN;None;3;243;"144,16";"0,2026";"0,16";10;9;20;41
2709;WIN;None;3;111;"217,15";"0,2024";"0,08";8;7;14;26
2710;DEATH;KilledByTarget;3;84;"-93,11";"0,2022";"0,14";11;7;9;21
2711;WIN;None;3;40;"205,77";"0,202";"0,15";10;6;5;10
2712;WIN;None;3;176;"193,05";"0,2018";"0,15";12;12;14;26
2713;WIN;None;3;87;"230,33";"0,2017";"0,21";14;13;10;20
2714;DEATH;KilledByTarget;3;140;"-95,48";"0,2015";"0,14";9;8;19;37
2715;WIN;None;3;245;"208,47";"0,2013";"0,17";12;12;21;44
2716;DEATH;KilledByTarget;3;36;"-82,45";"0,2011";"0,22";14;7;4;8
2717;DEATH;KilledByTarget;3;183;"-105,74";"0,2009";"0,18";13;12;19;38
2718;WIN;None;3;102;"215,53";"0,2008";"0,14";10;7;12;24
2719;DEATH;KilledByTarget;3;87;"-86,02";"0,2006";"0,17";15;11;12;23
2720;DEATH;KilledByTarget;3;43;"-71,19";"0,2004";"0,28";8;7;7;14
2721;DEATH;KilledByTarget;3;58;"-97,34";"0,2002";"0,16";10;7;3;8
2722;WIN;None;3;203;"150,76";"0,2";"0,21";14;14;20;43
2723;DEATH;KilledByTarget;3;41;"-63,4";"0,1999";"0,17";10;6;6;13
2724;DEATH;KilledByTarget;3;80;"-84,43";"0,1997";"0,11";12;10;5;15
2725;DEATH;KilledByTarget;3;42;"-64,92";"0,1995";"0,21";15;7;7;15
2726;WIN;None;3;46;"223,45";"0,1993";"0,2";10;5;5;10
2727;WIN;None;3;129;"270,09";"0,1991";"0,08";8;7;19;38
2728;WIN;None;3;213;"179,46";"0,199";"0,13";13;13;25;54
2729;WIN;None;3;94;"198,84";"0,1988";"0,19";15;13;15;30
2730;DEATH;KilledByTarget;3;31;"-97,2";"0,1986";"0,23";12;3;4;7
2731;WIN;None;3;102;"177,38";"0,1984";"0,15";11;8;8;18
2732;WIN;None;3;125;"211,52";"0,1982";"0,14";13;12;13;26
2733;WIN;None;3;122;"179,18";"0,1981";"0,23";12;11;11;23
2734;WIN;None;3;58;"217,71";"0,1979";"0,14";9;3;5;10
2735;WIN;None;3;299;"182,64";"0,1977";"0,15";11;11;45;90
2736;WIN;None;3;151;"185,15";"0,1975";"0,18";13;13;14;28
2737;WIN;None;3;50;"237,77";"0,1973";"0,08";12;9;7;14
2738;WIN;None;3;131;"248,1";"0,1972";"0,11";14;13;16;34
2739;WIN;None;3;74;"219,54";"0,197";"0,12";11;8;8;16
2740;WIN;None;3;88;"225,11";"0,1968";"0,17";13;10;10;21
2741;WIN;None;3;56;"200,15";"0,1966";"0,09";9;5;6;12
2742;WIN;None;3;59;"225,59";"0,1965";"0,12";11;10;7;14
2743;DEATH;KilledByTarget;3;110;"-84,93";"0,1963";"0,14";12;11;16;36
2744;WIN;None;3;167;"165,33";"0,1961";"0,16";13;13;9;20
2745;WIN;None;3;195;"187,77";"0,1959";"0,18";11;11;16;34
2746;WIN;None;3;57;"184,33";"0,1958";"0,12";7;6;3;6
2747;DEATH;KilledByTarget;3;52;"-97,37";"0,1956";"0,1";13;7;3;6
2748;DEATH;KilledByTarget;3;79;"-80,56";"0,1954";"0,1";13;9;8;15
2749;DEATH;KilledByTarget;3;79;"-97,36";"0,1952";"0,19";9;7;8;16
2750;WIN;None;3;215;"147,02";"0,1951";"0,15";14;13;20;40
2751;WIN;None;3;100;"228,52";"0,1949";"0,11";12;12;11;22
2752;WIN;None;3;68;"215,21";"0,1947";"0,19";11;8;5;10
2753;WIN;None;3;58;"195,11";"0,1945";"0,07";12;4;5;10
2754;WIN;None;3;90;"271,12";"0,1943";"0,2";15;8;16;30
2755;WIN;None;3;73;"198,51";"0,1942";"0,12";12;9;6;10
2756;WIN;None;3;163;"204,36";"0,194";"0,12";12;12;16;35
2757;WIN;None;3;230;"202,37";"0,1938";"0,18";12;12;26;53
2758;DEATH;KilledByTarget;3;102;"-101,67";"0,1937";"0,18";9;6;10;19
2759;WIN;None;3;86;"218,2";"0,1935";"0,1";6;6;11;22
2760;WIN;None;3;105;"227,57";"0,1933";"0,17";13;11;9;16
2761;WIN;None;3;52;"223,78";"0,1931";"0,1";11;6;5;10
2762;WIN;None;3;117;"207,98";"0,193";"0,18";9;9;9;18
2763;WIN;None;3;248;"188,96";"0,1928";"0,17";16;16;24;50
2764;WIN;None;3;75;"217,62";"0,1926";"0,15";14;8;6;12
2765;WIN;None;3;118;"194,11";"0,1924";"0,19";10;9;14;28
2766;WIN;None;3;158;"174,36";"0,1923";"0,13";13;11;23;49
2767;WIN;None;3;96;"233,8";"0,1921";"0,16";9;8;10;19
2768;WIN;None;3;70;"248,67";"0,1919";"0,13";8;7;7;16
2769;WIN;None;3;101;"198,95";"0,1917";"0,13";13;7;7;14
2770;WIN;None;3;129;"205,89";"0,1916";"0,16";12;11;14;29
2771;WIN;None;3;116;"217,45";"0,1914";"0,18";10;9;7;16
2772;WIN;None;3;104;"196,99";"0,1912";"0,17";11;10;10;21
2773;WIN;None;3;102;"191,43";"0,1911";"0,15";12;9;8;17
2774;WIN;None;3;199;"207,79";"0,1909";"0,12";10;10;21;43
2775;WIN;None;3;166;"225,1";"0,1907";"0,11";10;7;18;40
2776;WIN;None;3;86;"212,3";"0,1905";"0,2";10;8;9;18
2777;WIN;None;3;136;"196,2";"0,1904";"0,17";11;10;10;21
2778;DEATH;KilledByTarget;3;124;"-100,96";"0,1902";"0,16";11;10;9;18
2779;DEATH;KilledByTarget;3;126;"-103,6";"0,19";"0,13";12;9;17;36
2780;WIN;None;3;115;"189,17";"0,1899";"0,16";15;13;12;25
2781;WIN;None;3;81;"214,55";"0,1897";"0,14";10;9;7;14
2782;WIN;None;3;139;"188,94";"0,1895";"0,09";7;7;17;37
2783;WIN;None;3;131;"177,7";"0,1893";"0,16";9;9;12;24
2784;WIN;None;3;62;"210,18";"0,1892";"0,15";10;5;10;18
2785;DEATH;KilledByTarget;3;66;"-90,65";"0,189";"0,18";12;10;8;17
2786;WIN;None;3;130;"198,32";"0,1888";"0,12";10;10;15;29
2787;WIN;None;3;52;"221,43";"0,1887";"0,12";11;7;6;12
2788;WIN;None;3;81;"266,25";"0,1885";"0,16";12;10;10;20
2789;WIN;None;3;67;"245,18";"0,1883";"0,22";9;7;11;23
2790;WIN;None;3;94;"240,39";"0,1882";"0,14";15;15;11;23
2791;WIN;None;3;80;"218,82";"0,188";"0,08";11;9;5;10
2792;WIN;None;3;51;"213,05";"0,1878";"0,24";9;7;6;12
2793;WIN;None;3;95;"190,57";"0,1876";"0,14";10;9;10;20
2794;WIN;None;3;62;"251,03";"0,1875";"0,15";9;7;9;18
2795;WIN;None;3;127;"203,08";"0,1873";"0,17";12;11;10;20
2796;WIN;None;3;203;"191,41";"0,1871";"0,15";9;9;16;33
2797;WIN;None;3;124;"163,24";"0,187";"0,12";15;11;13;26
2798;DEATH;KilledByTarget;3;163;"-76,59";"0,1868";"0,15";9;9;16;35
2799;WIN;None;3;65;"191,67";"0,1866";"0,11";8;4;6;12
2800;WIN;None;3;55;"216,47";"0,1865";"0,13";11;7;7;14
2801;WIN;None;3;90;"184,82";"0,1863";"0,21";12;8;9;19
2802;WIN;None;3;84;"217,19";"0,1861";"0,14";10;9;7;14
2803;WIN;None;3;79;"219,19";"0,186";"0,13";11;6;6;10
2804;WIN;None;3;87;"218,53";"0,1858";"0,21";13;8;9;16
2805;WIN;None;3;78;"230,86";"0,1856";"0,19";12;10;7;14
2806;WIN;None;3;53;"203,96";"0,1855";"0,21";6;5;7;16
2807;WIN;None;3;161;"194,35";"0,1853";"0,11";13;13;15;28
2808;WIN;None;3;178;"234,86";"0,1851";"0,17";15;12;18;35
2809;DEATH;KilledByTarget;3;68;"-144,94";"0,185";"0,09";6;3;0;3
2810;WIN;None;3;309;"159,14";"0,1848";"0,17";16;16;21;40
2811;WIN;None;3;118;"170,76";"0,1846";"0,19";15;12;9;18
2812;WIN;None;3;36;"197,1";"0,1845";"0,14";9;5;3;6
2813;WIN;None;3;44;"212,29";"0,1843";"0,18";13;7;6;12
2814;DEATH;KilledByTarget;3;168;"-114,89";"0,1841";"0,17";14;13;14;30
2815;WIN;None;3;99;"192,04";"0,184";"0,16";14;5;4;10
2816;DEATH;KilledByTarget;3;91;"-124,25";"0,1838";"0,14";10;8;6;13
2817;WIN;None;3;142;"186,23";"0,1836";"0,16";14;9;8;17
2818;WIN;None;3;75;"206,82";"0,1835";"0,16";10;7;8;16
2819;WIN;None;3;64;"210,89";"0,1833";"0,16";9;5;5;10
2820;WIN;None;3;61;"213,3";"0,1831";"0,21";10;6;4;8
2821;WIN;None;3;111;"210,35";"0,183";"0,16";13;9;9;16
2822;WIN;None;3;208;"225,96";"0,1828";"0,15";13;12;13;29
2823;DEATH;KilledByTarget;3;53;"-106,29";"0,1826";"0,15";9;6;3;7
2824;DEATH;KilledByTarget;3;90;"-99,93";"0,1825";"0,1";14;9;5;11
2825;WIN;None;3;68;"235,96";"0,1823";"0,13";10;8;8;16
2826;DEATH;KilledByTarget;3;133;"-115,04";"0,1822";"0,14";10;10;11;25
2827;WIN;None;3;41;"227,3";"0,182";"0,17";12;7;5;11
2828;DEATH;KilledByTarget;3;132;"-68,22";"0,1818";"0,16";16;13;13;29
2829;WIN;None;3;82;"255,38";"0,1817";"0,1";10;10;7;17
2830;WIN;None;3;81;"219,75";"0,1815";"0,12";13;10;5;10
2831;WIN;None;3;103;"230,36";"0,1813";"0,17";16;12;7;15
2832;WIN;None;3;39;"213,64";"0,1812";"0,18";6;5;3;6
2833;WIN;None;3;32;"221,03";"0,181";"0,25";7;3;8;14
2834;WIN;None;3;87;"246,08";"0,1808";"0,15";13;9;9;18
2835;WIN;None;3;114;"200,24";"0,1807";"0,14";13;10;9;18
2836;DEATH;KilledByTarget;3;80;"-67,58";"0,1805";"0,14";14;11;11;21
2837;DEATH;KilledByTarget;3;143;"-109,09";"0,1804";"0,15";12;10;15;28
2838;WIN;None;3;116;"174,8";"0,1802";"0,19";13;11;15;30
2839;WIN;None;3;42;"216,33";"0,18";"0,07";13;8;4;8
2840;WIN;None;3;77;"230,33";"0,1799";"0,12";16;9;10;20
2841;WIN;None;3;197;"188,43";"0,1797";"0,15";11;11;11;24
2842;WIN;None;3;128;"176,31";"0,1795";"0,15";9;8;12;24
2843;DEATH;KilledByTarget;3;115;"-123,28";"0,1794";"0,15";9;8;9;20
2844;WIN;None;3;159;"111,19";"0,1792";"0,12";8;8;10;20
2845;WIN;None;3;157;"175,48";"0,1791";"0,18";12;12;16;32
2846;DEATH;KilledByTarget;3;81;"-78,45";"0,1789";"0,07";14;11;10;21
2847;WIN;None;3;134;"196,29";"0,1787";"0,18";11;10;10;25
2848;WIN;None;3;377;"136,08";"0,1786";"0,18";11;11;26;59
2849;WIN;None;3;71;"246,35";"0,1784";"0,15";17;11;7;12
2850;WIN;None;3;82;"214,63";"0,1783";"0,13";5;5;6;13
2851;WIN;None;3;94;"234,64";"0,1781";"0,23";13;9;7;15
2852;WIN;None;3;61;"225,5";"0,1779";"0,18";11;7;5;10
2853;WIN;None;3;88;"212,71";"0,1778";"0,17";9;7;8;16
2854;DEATH;KilledByTarget;3;52;"-91,82";"0,1776";"0,08";10;7;5;10
2855;WIN;None;3;113;"220,91";"0,1775";"0,11";12;11;10;24
2856;WIN;None;3;179;"202,59";"0,1773";"0,18";13;13;12;24
2857;WIN;None;3;32;"226,68";"0,1771";"0,09";10;6;3;6
2858;WIN;None;3;72;"223,33";"0,177";"0,21";13;9;6;12
2859;WIN;None;3;80;"207,52";"0,1768";"0,13";9;7;9;18
2860;WIN;None;3;71;"224,4";"0,1767";"0,2";12;11;10;18
2861;WIN;None;3;97;"197,13";"0,1765";"0,12";10;8;6;12
2862;WIN;None;3;93;"162,61";"0,1763";"0,19";9;7;6;12
2863;WIN;None;3;83;"206,06";"0,1762";"0,19";9;6;6;14
2864;DEATH;KilledByTarget;3;70;"-105,93";"0,176";"0,11";11;5;4;7
2865;DEATH;KilledByTarget;3;82;"-67,47";"0,1759";"0,11";16;11;9;17
2866;WIN;None;3;176;"222,9";"0,1757";"0,13";13;12;14;31
2867;DEATH;KilledByTarget;3;101;"-121,5";"0,1755";"0,12";7;7;12;25
2868;WIN;None;3;173;"174,86";"0,1754";"0,16";11;11;12;27
2869;WIN;None;3;90;"238,57";"0,1752";"0,11";13;11;5;10
2870;WIN;None;3;70;"212,07";"0,1751";"0,16";11;6;5;12
2871;DEATH;KilledByTarget;3;124;"-119,96";"0,1749";"0,12";13;11;8;18
2872;DEATH;KilledByTarget;3;121;-76;"0,1748";"0,12";13;10;8;16
2873;WIN;None;3;140;"212,02";"0,1746";"0,14";12;12;15;30
2874;WIN;None;3;260;"196,52";"0,1744";"0,13";15;15;18;37
2875;WIN;None;3;93;"225,11";"0,1743";"0,12";12;11;7;14
2876;WIN;None;3;80;"209,42";"0,1741";"0,14";10;7;5;13
2877;WIN;None;3;188;"221,06";"0,174";"0,11";10;10;17;38
2878;WIN;None;3;160;"274,67";"0,1738";"0,13";6;6;15;30
2879;WIN;None;3;109;"239,99";"0,1737";"0,17";7;6;6;12
2880;DEATH;KilledByTarget;3;62;"-84,37";"0,1735";"0,08";16;14;6;14
2881;WIN;None;3;134;"219,94";"0,1733";"0,16";11;9;11;28
2882;WIN;None;3;193;"214,41";"0,1732";"0,18";9;9;15;36
2883;WIN;None;3;83;"229,61";"0,173";"0,14";10;7;6;14
2884;WIN;None;3;58;"215,11";"0,1729";"0,12";11;7;7;14
2885;DEATH;KilledByTarget;3;46;"-83,45";"0,1727";"0,17";10;9;5;12
2886;WIN;None;3;147;"161,98";"0,1726";"0,14";13;13;14;28
2887;WIN;None;3;88;"241,56";"0,1724";"0,16";9;8;8;15
2888;WIN;None;3;51;"231,6";"0,1723";"0,1";11;7;6;12
2889;WIN;None;3;55;"189,87";"0,1721";"0,27";6;5;7;14
2890;WIN;None;3;88;"225,01";"0,172";"0,13";11;10;12;24
2891;WIN;None;3;96;"225,85";"0,1718";"0,09";13;11;5;10
2892;WIN;None;3;104;"220,69";"0,1716";"0,15";15;12;8;16
2893;WIN;None;3;138;"209,26";"0,1715";"0,11";11;11;16;32
2894;WIN;None;3;87;"162,03";"0,1713";"0,16";13;9;4;8
2895;WIN;None;3;164;"222,49";"0,1712";"0,2";8;8;12;30
2896;WIN;None;3;240;"142,82";"0,171";"0,15";16;16;20;40
2897;WIN;None;3;199;"192,84";"0,1709";"0,16";9;9;16;35
2898;WIN;None;3;52;"187,58";"0,1707";"0,13";7;4;3;6
2899;WIN;None;3;47;"229,53";"0,1706";"0,17";10;6;4;8
2900;DEATH;KilledByTarget;3;59;"-84,06";"0,1704";"0,14";13;9;5;11
2901;WIN;None;3;115;"197,32";"0,1703";"0,12";11;10;9;18
2902;WIN;None;3;65;"241,32";"0,1701";"0,15";12;11;7;14
2903;WIN;None;3;91;"218,25";"0,1699";"0,15";10;7;8;17
2904;WIN;None;3;95;"207,67";"0,1698";"0,12";8;7;8;16
2905;WIN;None;3;144;"198,74";"0,1696";"0,17";14;13;15;32
2906;WIN;None;3;76;230;"0,1695";"0,07";11;9;7;16
2907;WIN;None;3;33;"211,96";"0,1693";"0,21";11;8;4;10
2908;WIN;None;3;15;"216,42";"0,1692";"0,2";9;1;2;4
2909;WIN;None;3;242;"249,58";"0,169";"0,1";16;16;17;34
2910;WIN;None;3;170;"170,07";"0,1689";"0,15";11;10;13;28
2911;WIN;None;3;86;"197,55";"0,1687";"0,13";10;9;7;14
2912;DEATH;Suicide;3;4;"-304,51";"0,1686";"0,25";12;0;1;2
2913;WIN;None;3;64;"219,94";"0,1684";"0,09";9;6;5;14
2914;WIN;None;3;120;"199,67";"0,1683";"0,17";10;7;9;22
2915;WIN;None;3;109;"208,09";"0,1681";"0,08";16;15;15;30
2916;WIN;None;3;107;"251,33";"0,168";"0,12";12;10;14;26
2917;WIN;None;3;75;"196,27";"0,1678";"0,16";12;9;7;14
2918;WIN;None;3;147;"219,18";"0,1677";"0,14";11;10;16;33
2919;WIN;None;3;175;"245,62";"0,1675";"0,11";9;9;15;32
2920;WIN;None;3;61;"217,25";"0,1674";"0,16";14;8;9;18
2921;WIN;None;3;113;"259,46";"0,1672";"0,15";12;9;13;28
2922;WIN;None;3;121;"194,45";"0,1671";"0,15";12;9;11;23
2923;DEATH;KilledByTarget;3;103;"-93,09";"0,1669";"0,13";12;12;11;22
2924;WIN;None;3;40;"204,92";"0,1668";"0,1";8;4;4;6
2925;WIN;None;3;107;"227,53";"0,1666";"0,12";13;11;10;20
2926;WIN;None;3;41;"236,8";"0,1665";"0,15";16;9;5;10
2927;DEATH;KilledByTarget;3;75;"-76,33";"0,1663";"0,16";13;10;7;15
2928;WIN;None;3;107;"175,33";"0,1662";"0,1";12;11;8;20
2929;WIN;None;3;67;"216,03";"0,166";"0,16";11;8;5;10
2930;DEATH;KilledByTarget;3;145;"-177,18";"0,1659";"0,12";12;9;6;16
2931;WIN;None;3;98;"222,06";"0,1657";"0,19";13;7;6;12
2932;WIN;None;3;230;"189,52";"0,1656";"0,12";15;14;14;36
2933;WIN;None;3;171;"205,75";"0,1654";"0,15";15;13;10;20
2934;WIN;None;3;85;"246,62";"0,1653";"0,13";10;8;11;22
2935;WIN;None;3;216;"179,15";"0,1651";"0,13";12;12;13;28
2936;WIN;None;3;119;"202,59";"0,165";"0,14";10;8;10;20
2937;WIN;None;3;136;"240,35";"0,1648";"0,16";13;10;12;25
2938;WIN;None;3;27;"227,48";"0,1647";"0,19";12;5;3;6
2939;DEATH;KilledByTarget;3;59;"-96,36";"0,1645";"0,17";13;8;3;6
2940;DEATH;KilledByTarget;3;84;"-120,96";"0,1644";"0,11";8;6;6;14
2941;WIN;None;3;101;"228,4";"0,1642";"0,11";10;8;5;15
2942;WIN;None;3;41;"231,1";"0,1641";"0,15";12;7;4;6
2943;WIN;None;3;86;"231,6";"0,1639";"0,09";12;9;8;16
2944;DEATH;KilledByTarget;3;87;"-109,77";"0,1638";"0,14";9;8;5;12
2945;WIN;None;3;64;"194,54";"0,1636";"0,11";8;5;7;14
2946;WIN;None;3;117;"207,53";"0,1635";"0,13";16;14;15;30
2947;DEATH;KilledByTarget;3;121;"-52,85";"0,1633";"0,12";14;13;9;23
2948;DEATH;KilledByTarget;3;98;"-94,84";"0,1632";"0,12";8;8;6;13
2949;DEATH;KilledByTarget;3;189;"-136,81";"0,1631";"0,16";12;11;12;25
2950;WIN;None;3;67;"212,58";"0,1629";"0,15";9;9;10;20
2951;WIN;None;3;53;"210,66";"0,1628";"0,15";12;6;7;16
2952;WIN;None;3;89;"210,64";"0,1626";"0,12";11;8;10;23
2953;WIN;None;3;57;"209,53";"0,1625";"0,11";9;6;6;12
2954;WIN;None;3;132;"212,48";"0,1623";"0,12";10;10;12;23
2955;WIN;None;3;80;"220,62";"0,1622";"0,16";8;8;5;10
2956;WIN;None;3;36;"234,35";"0,162";"0,11";11;6;4;10
2957;WIN;None;3;66;"203,3";"0,1619";"0,08";8;5;5;10
2958;WIN;None;3;99;"210,04";"0,1617";"0,14";11;7;11;22
2959;DEATH;KilledByTarget;3;75;"-99,58";"0,1616";"0,11";11;10;7;15
2960;WIN;None;3;225;"141,87";"0,1614";"0,11";13;13;16;33
2961;WIN;None;3;146;"253,1";"0,1613";"0,16";12;9;23;46
2962;WIN;None;3;70;"220,77";"0,1612";"0,07";11;6;6;13
2963;WIN;None;3;64;"202,19";"0,161";"0,14";10;6;4;10
2964;WIN;None;3;42;"199,13";"0,1609";"0,17";11;6;5;10
2965;WIN;None;3;150;"228,92";"0,1607";"0,11";11;8;18;36
2966;DEATH;KilledByTarget;3;124;"-191,76";"0,1606";"0,08";10;8;9;20
2967;WIN;None;3;80;"174,42";"0,1604";"0,08";13;11;5;10
2968;WIN;None;3;44;"219,64";"0,1603";"0,23";11;8;8;16
2969;WIN;None;3;60;"230,67";"0,1601";"0,15";13;9;4;10
2970;WIN;None;3;55;"196,82";"0,16";"0,11";9;4;6;14
2971;WIN;None;3;28;"200,71";"0,1599";"0,18";10;1;2;4
2972;WIN;None;3;158;"198,61";"0,1597";"0,12";11;10;23;45
2973;WIN;None;3;66;"191,6";"0,1596";"0,14";9;6;9;19
2974;WIN;None;3;111;"159,8";"0,1594";"0,14";10;8;5;10
2975;DEATH;KilledByTarget;3;97;"-88,82";"0,1593";"0,15";13;9;11;21
2976;WIN;None;3;119;"249,69";"0,1591";"0,09";12;12;13;26
2977;WIN;None;3;154;"186,19";"0,159";"0,12";12;12;20;39
2978;DEATH;Suicide;3;4;"-304,51";"0,1589";"0,25";18;0;1;2
2979;WIN;None;3;28;"208,61";"0,1587";"0,11";7;3;5;10
2980;WIN;None;3;141;"219,15";"0,1586";"0,13";10;8;15;32
2981;DEATH;Suicide;3;4;"-304,51";"0,1584";"0,25";17;0;1;2
2982;WIN;None;3;53;"209,56";"0,1583";"0,11";8;6;6;14
2983;DEATH;KilledByTarget;3;54;"-96,81";"0,1581";"0,04";11;6;6;13
2984;WIN;None;3;83;"204,56";"0,158";"0,17";9;8;7;16
2985;WIN;None;3;52;"205,73";"0,1579";"0,17";8;3;4;8
2986;WIN;None;3;80;"227,52";"0,1577";"0,14";14;12;10;20
2987;WIN;None;3;82;"219,53";"0,1576";"0,11";14;11;9;16
2988;DEATH;KilledByTarget;3;26;"-68,3";"0,1574";"0,04";12;7;4;6
2989;WIN;None;3;22;"228,53";"0,1573";"0,09";6;3;4;6
2990;WIN;None;3;95;"236,52";"0,1571";"0,17";18;13;14;26
2991;WIN;None;3;55;"232,32";"0,157";"0,15";13;9;8;16
2992;WIN;None;3;69;"230,49";"0,1569";"0,12";12;8;7;14
2993;WIN;None;3;57;"199,28";"0,1567";"0,14";14;10;4;8
2994;DEATH;KilledByTarget;3;48;"-72,24";"0,1566";"0,19";13;11;7;12
2995;DEATH;KilledByTarget;3;46;"-89,75";"0,1564";"0,15";10;6;3;7
2996;DEATH;KilledByTarget;3;59;"-105,86";"0,1563";"0,12";6;5;4;9
2997;WIN;None;3;48;"211,01";"0,1562";"0,13";13;10;6;12
2998;DEATH;KilledByTarget;3;248;"-145,29";"0,156";"0,15";13;11;17;36
2999;DEATH;KilledByTarget;3;176;"-145,95";"0,1559";"0,16";6;6;8;17
3000;WIN;None;3;78;"216,36";"0,1557";"0,14";11;9;6;10
3001;WIN;None;3;65;"215,62";"0,1556";"0,09";11;8;7;14
3002;WIN;None;3;63;"239,31";"0,1555";"0,14";13;10;7;13
3003;WIN;None;3;122;"228,93";"0,1553";"0,11";14;11;19;38
3004;WIN;None;3;55;"224,77";"0,1552";"0,05";10;4;5;10
3005;WIN;None;3;93;"214,46";"0,155";"0,12";10;8;10;20
3006;DEATH;KilledByTarget;3;266;"-128,85";"0,1549";"0,11";16;16;21;41
3007;WIN;None;3;88;"230,41";"0,1548";"0,09";12;9;10;24
3008;DEATH;KilledByTarget;3;55;"-89,08";"0,1546";"0,15";10;8;5;12
3009;DEATH;KilledByTarget;3;175;"-91,88";"0,1545";"0,14";13;12;21;45
3010;WIN;None;3;135;"156,97";"0,1543";"0,11";12;11;9;18
3011;WIN;None;3;199;"176,64";"0,1542";"0,1";8;7;21;40
3012;WIN;None;3;99;"228,24";"0,1541";"0,12";15;11;8;21
3013;WIN;None;3;130;"206,22";"0,1539";"0,15";12;11;12;25
3014;WIN;None;3;92;"205,33";"0,1538";"0,2";10;9;8;16
3015;WIN;None;3;128;"196,41";"0,1536";"0,14";5;5;10;20
3016;WIN;None;3;447;"56,08";"0,1535";"0,16";11;11;33;66
3017;WIN;None;3;146;210;"0,1534";"0,12";13;8;15;31
3018;WIN;None;3;103;"266,56";"0,1532";"0,08";13;12;13;29
3019;WIN;None;3;136;"212,55";"0,1531";"0,15";7;7;15;29
3020;WIN;None;3;64;"200,09";"0,153";"0,16";8;5;7;14
3021;WIN;None;3;125;"189,87";"0,1528";"0,18";11;10;11;22
3022;WIN;None;3;122;"158,98";"0,1527";"0,11";14;12;14;28
3023;DEATH;KilledByTarget;3;62;"-83,82";"0,1525";"0,13";11;8;5;11
3024;WIN;None;3;111;"205,5";"0,1524";"0,14";14;12;7;14
3025;WIN;None;3;146;"225,75";"0,1523";"0,14";13;13;13;24
3026;WIN;None;3;187;"153,98";"0,1521";"0,14";14;11;15;30
3027;WIN;None;3;106;"230,45";"0,152";"0,08";13;10;8;17
3028;WIN;None;3;170;"247,97";"0,1519";"0,08";10;10;19;38
3029;WIN;None;3;217;"154,78";"0,1517";"0,14";14;14;20;44
3030;WIN;None;3;155;"198,72";"0,1516";"0,12";9;8;8;16
3031;DEATH;KilledByTarget;3;175;"-149,98";"0,1514";"0,15";9;9;13;26
3032;WIN;None;3;119;"238,04";"0,1513";"0,09";13;12;10;22
3033;WIN;None;3;130;"171,67";"0,1512";"0,15";10;10;11;20
3034;DEATH;KilledByTarget;3;140;"-122,83";"0,151";"0,14";11;9;12;26
3035;WIN;None;3;112;"185,38";"0,1509";"0,15";12;8;8;17
3036;WIN;None;3;60;"217,37";"0,1508";"0,1";7;6;4;6
3037;WIN;None;3;126;"191,15";"0,1506";"0,1";16;11;6;14
3038;DEATH;KilledByTarget;3;102;"-57,72";"0,1505";"0,1";15;12;12;25
3039;WIN;None;3;80;"213,52";"0,1504";"0,09";9;6;8;16
3040;DEATH;Suicide;3;5;"-304,73";"0,1502";"0,2";17;0;2;2
3041;WIN;None;3;97;"210,38";"0,1501";"0,12";10;6;7;14
3042;DEATH;KilledByTarget;3;170;"-171,28";"0,15";"0,12";10;9;14;30
3043;WIN;None;3;74;"226,84";"0,1498";"0,09";9;8;5;10
3044;WIN;None;3;157;"203,63";"0,1497";"0,13";12;11;7;15
3045;WIN;None;3;97;"234,98";"0,1496";"0,11";11;7;8;15
3046;WIN;None;3;146;"156,1";"0,1494";"0,1";12;12;15;30
3047;WIN;None;3;244;"126,14";"0,1493";"0,16";14;14;14;28
3048;WIN;None;3;144;"228,39";"0,1491";"0,1";11;10;14;28
3049;WIN;None;3;225;"163,42";"0,149";"0,12";14;12;13;27
3050;WIN;None;3;142;"169,68";"0,1489";"0,13";11;8;12;24
3051;WIN;None;3;132;"170,43";"0,1487";"0,14";9;7;5;12
3052;DEATH;KilledByTarget;3;140;"-118,98";"0,1486";"0,13";14;13;9;22
3053;WIN;None;3;259;"174,99";"0,1485";"0,1";15;15;20;44
3054;WIN;None;3;157;"210,83";"0,1483";"0,14";11;10;9;17
3055;WIN;None;3;100;"220,12";"0,1482";"0,12";13;10;9;18
3056;WIN;None;3;213;"154,51";"0,1481";"0,14";14;14;12;27
3057;WIN;None;3;68;"213,81";"0,1479";"0,24";11;7;6;12
3058;WIN;None;3;48;"201,06";"0,1478";"0,1";9;4;5;8
3059;WIN;None;3;90;"198,67";"0,1477";"0,13";10;8;10;21
3060;DEATH;KilledByTarget;3;166;"-145,85";"0,1475";"0,13";15;13;9;23
3061;WIN;None;3;67;"185,48";"0,1474";"0,12";10;6;4;9
3062;WIN;None;3;152;"231,83";"0,1473";"0,11";14;13;12;27
3063;DEATH;KilledByTarget;3;147;"-131,27";"0,1471";"0,18";12;9;6;13
3064;DEATH;KilledByTarget;3;68;"-116,34";"0,147";"0,15";7;5;3;7
3065;WIN;None;3;139;"151,89";"0,1469";"0,13";9;9;14;28
3066;WIN;None;3;179;"123,09";"0,1468";"0,13";10;7;8;17
3067;WIN;None;3;137;"158,13";"0,1466";"0,12";14;12;5;17
3068;WIN;None;3;77;"245,23";"0,1465";"0,09";12;9;9;19
3069;WIN;None;3;123;"169,76";"0,1464";"0,11";11;11;13;26
3070;WIN;None;3;81;"219,95";"0,1462";"0,09";12;9;6;12
3071;WIN;None;3;141;"187,6";"0,1461";"0,09";8;6;10;21
3072;WIN;None;3;69;"206,84";"0,146";"0,16";10;8;7;14
3073;DEATH;KilledByTarget;3;201;"-113,55";"0,1458";"0,14";11;9;17;35
3074;WIN;None;3;105;"201,67";"0,1457";"0,11";10;7;7;14
3075;WIN;None;3;47;"198,23";"0,1456";"0,06";11;6;3;4
3076;WIN;None;3;101;"190,9";"0,1454";"0,15";10;8;7;13
3077;WIN;None;3;192;"143,63";"0,1453";"0,2";12;10;16;32
3078;WIN;None;3;102;"170,48";"0,1452";"0,1";11;7;6;12
3079;WIN;None;3;64;"146,69";"0,145";"0,09";13;6;3;6
3080;WIN;None;3;97;"235,58";"0,1449";"0,18";12;12;9;18
3081;WIN;None;3;44;"211,14";"0,1448";"0,14";9;2;1;2
3082;WIN;None;3;92;"215,78";"0,1447";"0,11";11;10;10;19
3083;WIN;None;3;230;"151,97";"0,1445";"0,16";14;14;21;44
3084;WIN;None;3;151;"198,75";"0,1444";"0,14";12;10;12;24
3085;WIN;None;3;166;"120,05";"0,1443";"0,09";8;8;12;26
3086;WIN;None;3;112;"188,98";"0,1441";"0,14";9;8;7;15
3087;DEATH;KilledByTarget;3;178;"-146,19";"0,144";"0,13";10;9;12;24
3088;WIN;None;3;91;"186,2";"0,1439";"0,12";10;7;10;20
3089;DEATH;KilledByTarget;3;95;"-105,23";"0,1437";"0,17";13;7;4;9
3090;DEATH;KilledByTarget;3;104;"-105,51";"0,1436";"0,1";8;6;6;12
3091;WIN;None;3;214;"149,14";"0,1435";"0,13";10;9;10;20
3092;WIN;None;3;168;"195,16";"0,1434";"0,13";13;13;11;24
3093;WIN;None;3;87;"213,68";"0,1432";"0,08";13;12;9;18
3094;WIN;None;3;260;"152,82";"0,1431";"0,12";12;11;9;20
3095;WIN;None;3;137;"222,93";"0,143";"0,1";16;12;10;28
3096;DEATH;KilledByTarget;3;108;"-118,74";"0,1428";"0,14";10;9;7;14
3097;WIN;None;3;111;"168,8";"0,1427";"0,14";9;6;5;11
3098;WIN;None;3;67;"230,48";"0,1426";"0,1";9;4;5;10
3099;WIN;None;3;185;"216,42";"0,1425";"0,09";13;11;9;23
3100;DEATH;KilledByTarget;3;89;"-126,86";"0,1423";"0,07";12;6;1;3
3101;DEATH;KilledByTarget;3;92;"-72,87";"0,1422";"0,1";13;11;6;13
3102;WIN;None;3;145;"101,02";"0,1421";"0,08";9;7;9;20
3103;WIN;None;3;84;"156,19";"0,1419";"0,08";13;8;3;6
3104;DEATH;KilledByTarget;3;232;"-191,92";"0,1418";"0,13";11;11;14;32
3105;WIN;None;3;69;"232,19";"0,1417";"0,16";8;7;6;12
3106;WIN;None;3;36;"207,25";"0,1416";"0,22";9;4;4;8
3107;WIN;None;3;107;"217,93";"0,1414";"0,14";10;8;12;24
3108;DEATH;KilledByTarget;3;77;"-120,27";"0,1413";"0,19";14;10;6;14
3109;WIN;None;3;82;"222,88";"0,1412";"0,1";12;9;6;12
3110;WIN;None;3;230;"200,32";"0,1411";"0,13";13;13;16;35
3111;WIN;None;3;166;"168,4";"0,1409";"0,07";6;6;10;23
3112;WIN;None;3;33;"229,91";"0,1408";"0,12";9;1;5;10
3113;DEATH;KilledByTarget;3;78;"-109,79";"0,1407";"0,06";13;7;2;9
3114;WIN;None;3;37;"237,48";"0,1405";"0,08";11;5;4;8
3115;WIN;None;3;83;"212,21";"0,1404";"0,18";10;8;8;14
3116;DEATH;KilledByTarget;3;41;"-101,4";"0,1403";"0,12";8;4;3;8
3117;DEATH;KilledByTarget;3;70;"-102,63";"0,1402";"0,14";11;8;6;14
3118;DEATH;KilledByTarget;3;119;"-126,31";"0,14";"0,12";9;5;11;22
3119;WIN;None;3;74;"200,29";"0,1399";"0,15";10;7;6;14
3120;DEATH;KilledByTarget;3;84;"-98,01";"0,1398";"0,12";8;8;4;9
3121;WIN;None;3;52;"229,08";"0,1397";"0,08";9;6;4;8
3122;WIN;None;3;115;"103,82";"0,1395";"0,07";14;9;5;10
3123;WIN;None;3;78;"208,46";"0,1394";"0,13";14;12;6;12
3124;WIN;None;3;220;"228,02";"0,1393";"0,13";10;9;13;27
3125;WIN;None;3;56;"212,5";"0,1392";"0,07";12;6;4;8
3126;DEATH;KilledByTarget;3;137;"-141,67";"0,139";"0,16";10;9;7;14
3127;WIN;None;3;52;"210,33";"0,1389";"0,17";10;6;4;8
3128;WIN;None;3;89;"203,74";"0,1388";"0,12";9;6;3;6
3129;DEATH;KilledByTarget;3;146;"-121,05";"0,1387";"0,14";13;13;11;27
3130;DEATH;KilledByTarget;3;85;"-96,38";"0,1385";"0,09";11;9;6;14
3131;WIN;None;3;315;"181,47";"0,1384";"0,12";10;10;13;25
3132;WIN;None;3;120;"202,47";"0,1383";"0,1";10;10;11;22
3133;DEATH;KilledByTarget;3;173;"-193,39";"0,1382";"0,14";14;12;6;13
3134;DEATH;KilledByTarget;3;23;"-110,09";"0,138";"0,04";5;1;0;1
3135;WIN;None;3;87;"200,18";"0,1379";"0,17";8;6;10;20
3136;WIN;None;3;180;"168,77";"0,1378";"0,15";9;6;9;20
3137;DEATH;KilledByTarget;3;58;"-108,99";"0,1377";"0,17";10;3;3;7
3138;WIN;None;3;133;"177,36";"0,1375";"0,12";11;9;19;37
3139;WIN;None;3;79;"210,49";"0,1374";"0,05";14;12;11;22
3140;DEATH;KilledByTarget;3;94;"-52,11";"0,1373";"0,09";13;10;11;22
3141;WIN;None;3;38;"231,91";"0,1372";"0,08";7;2;2;4
3142;DEATH;Suicide;3;4;"-304,51";"0,137";"0,25";10;0;1;2
3143;WIN;None;3;102;"201,23";"0,1369";"0,11";8;8;7;15
3144;WIN;None;3;65;"228,47";"0,1368";"0,18";7;7;7;12
3145;DEATH;KilledByTarget;3;186;"-141,3";"0,1367";"0,14";14;14;12;26
3146;WIN;None;3;86;"199,9";"0,1366";"0,14";8;7;14;26
3147;WIN;None;3;119;"215,94";"0,1364";"0,18";15;14;11;22
3148;WIN;None;3;135;"178,22";"0,1363";"0,12";14;13;11;20
3149;DEATH;KilledByTarget;3;107;"-124,67";"0,1362";"0,14";13;4;6;14
3150;DEATH;KilledByTarget;3;129;"-155,86";"0,1361";"0,11";12;6;2;6
3151;DEATH;KilledByTarget;3;56;"-125,05";"0,1359";"0,07";13;5;1;6
3152;DEATH;KilledByTarget;3;51;-94;"0,1358";"0,16";10;6;2;4
3153;WIN;None;3;264;"150,49";"0,1357";"0,08";12;12;22;45
3154;WIN;None;3;79;"252,89";"0,1356";"0,13";13;9;11;23
3155;WIN;None;3;19;"228,89";"0,1355";"0,16";11;3;3;6
3156;DEATH;KilledByTarget;3;63;"-84,14";"0,1353";"0,06";6;5;5;11
3157;WIN;None;3;114;"227,09";"0,1352";"0,12";17;16;10;22
3158;WIN;None;3;115;"195,42";"0,1351";"0,13";12;9;8;16
3159;WIN;None;3;98;"193,36";"0,135";"0,14";13;11;5;13
3160;DEATH;KilledByTarget;3;98;"-91,19";"0,1348";"0,15";11;8;11;22
3161;WIN;None;3;76;"238,3";"0,1347";"0,11";12;8;10;18
3162;DEATH;KilledByTarget;3;102;"-128,02";"0,1346";"0,13";11;9;3;8
3163;WIN;None;3;97;"166,08";"0,1345";"0,11";8;5;6;12
3164;WIN;None;3;111;"226,35";"0,1344";"0,14";14;13;9;18
3165;DEATH;KilledByTarget;3;130;"-120,48";"0,1342";"0,12";9;7;2;4
3166;WIN;None;3;156;"179,15";"0,1341";"0,15";13;12;7;17
3167;WIN;None;3;94;"167,34";"0,134";"0,13";12;6;6;10
3168;WIN;None;3;153;"157,26";"0,1339";"0,1";9;8;14;28
3169;DEATH;KilledByTarget;3;159;"-138,56";"0,1338";"0,13";13;12;7;15
3170;WIN;None;3;110;"183,67";"0,1336";"0,12";16;12;8;14
3171;WIN;None;3;187;"165,13";"0,1335";"0,13";11;10;5;12
3172;WIN;None;3;139;"227,84";"0,1334";"0,12";15;13;9;20
3173;WIN;None;3;142;"191,53";"0,1333";"0,15";14;14;8;16
3174;WIN;None;3;108;"213,76";"0,1332";"0,06";13;10;8;16
3175;WIN;None;3;56;"214,4";"0,133";"0,2";11;7;5;10
3176;WIN;None;3;68;"195,61";"0,1329";"0,12";9;8;9;18
3177;WIN;None;3;60;"210,57";"0,1328";"0,05";13;9;9;19
3178;WIN;None;3;89;"215,79";"0,1327";"0,15";9;7;9;21
3179;WIN;None;3;114;"177,59";"0,1326";"0,12";8;7;12;22
3180;WIN;None;3;111;"225,4";"0,1324";"0,13";14;11;12;24
3181;WIN;None;3;84;"187,19";"0,1323";"0,15";8;6;6;13
3182;WIN;None;3;38;"212,66";"0,1322";"0,13";10;7;7;14
3183;WIN;None;3;92;"190,23";"0,1321";"0,15";14;10;10;18
3184;DEATH;KilledByTarget;3;156;-189;"0,132";"0,15";12;9;5;11
3185;WIN;None;3;81;"216,05";"0,1318";"0,06";7;5;9;16
3186;WIN;None;3;88;"220,51";"0,1317";"0,15";14;12;11;25
3187;WIN;None;3;201;"204,6";"0,1316";"0,1";11;11;22;48
3188;WIN;None;3;93;"202,56";"0,1315";"0,1";11;5;12;23
3189;DEATH;KilledByTarget;3;87;"-100,27";"0,1314";"0,1";11;8;7;16
3190;WIN;None;3;169;"150,59";"0,1312";"0,09";13;12;19;39
3191;WIN;None;3;45;"198,82";"0,1311";"0,09";13;4;5;10
3192;WIN;None;3;165;"157,82";"0,131";"0,15";8;8;27;54
3193;WIN;None;3;166;"112,6";"0,1309";"0,11";9;7;25;48
3194;WIN;None;3;51;"158,25";"0,1308";"0,1";8;4;13;24
3195;WIN;None;3;58;"231,61";"0,1307";"0,12";13;8;10;18
3196;WIN;None;3;175;"166,12";"0,1305";"0,1";14;12;17;33
3197;WIN;None;3;58;"201,61";"0,1304";"0,12";11;4;2;4
3198;WIN;None;3;46;"217,85";"0,1303";"0,07";7;3;3;4
3199;WIN;None;3;161;"145,8";"0,1302";"0,08";13;13;15;28
3200;WIN;None;3;129;"190,19";"0,1301";"0,12";12;10;14;26
3201;WIN;None;3;37;"220,93";"0,13";"0,11";14;4;5;10
3202;WIN;None;3;62;"251,88";"0,1298";"0,06";14;12;9;16
3203;WIN;None;3;41;"202,9";"0,1297";"0,1";8;5;3;6
3204;WIN;None;3;97;"202,33";"0,1296";"0,1";14;11;6;12
3205;WIN;None;3;62;"216,03";"0,1295";"0,13";10;6;5;10
3206;WIN;None;3;106;"190,5";"0,1294";"0,11";10;9;6;13
3207;WIN;None;3;53;"203,56";"0,1293";"0,17";9;7;2;4
3208;WIN;None;3;119;"257,09";"0,1291";"0,09";11;10;13;26
3209;WIN;None;3;144;"177,54";"0,129";"0,14";12;8;14;29
3210;DEATH;KilledByTarget;3;36;"-99,3";"0,1289";"0,17";14;5;3;7
3211;WIN;None;3;208;"126,56";"0,1288";"0,1";14;12;20;41
3212;WIN;None;3;193;"152,81";"0,1287";"0,11";10;9;18;41
3213;DEATH;KilledByTarget;3;88;"-97,99";"0,1286";"0,17";11;7;6;13
3214;WIN;None;3;70;"218,62";"0,1284";"0,2";15;11;8;16
3215;WIN;None;3;117;"209,03";"0,1283";"0,08";10;7;2;4
3216;WIN;None;3;123;"208,81";"0,1282";"0,09";14;14;9;19
3217;WIN;None;3;202;"173,73";"0,1281";"0,07";14;11;11;24
3218;WIN;None;3;257;"141,98";"0,128";"0,14";15;14;19;38
3219;WIN;None;3;187;"162,68";"0,1279";"0,11";9;9;19;40
3220;DEATH;KilledByTarget;3;73;"-105,54";"0,1278";"0,14";12;6;3;8
3221;DEATH;KilledByTarget;3;51;"-101,4";"0,1276";"0,12";7;5;4;9
3222;WIN;None;3;107;"208,88";"0,1275";"0,09";13;11;5;10
3223;WIN;None;3;132;"160,68";"0,1274";"0,11";11;8;6;14
3224;WIN;None;3;142;"175,58";"0,1273";"0,08";10;10;6;14
3225;WIN;None;3;165;"66,42";"0,1272";"0,07";12;10;5;10
3226;WIN;None;3;97;"183,43";"0,1271";"0,13";13;10;9;18
3227;DEATH;KilledByTarget;3;156;"-121,4";"0,1269";"0,12";10;8;3;13
3228;WIN;None;3;68;"183,91";"0,1268";"0,16";10;9;6;12
3229;WIN;None;3;151;135;"0,1267";"0,1";16;12;4;8
3230;DEATH;KilledByTarget;3;65;"-111,98";"0,1266";"0,12";8;6;5;11
3231;DEATH;KilledByTarget;3;168;"-80,09";"0,1265";"0,07";12;9;18;40
3232;DEATH;KilledByTarget;3;239;"-127,81";"0,1264";"0,08";12;12;20;41
3233;WIN;None;3;225;"134,87";"0,1263";"0,12";7;7;17;32
3234;WIN;None;3;74;"179,44";"0,1262";"0,11";8;7;6;12
3235;WIN;None;3;83;"193,26";"0,126";"0,07";11;8;6;14
3236;WIN;None;3;87;"246,48";"0,1259";"0,13";14;12;9;18
3237;WIN;None;3;76;"199,6";"0,1258";"0,09";6;3;3;6
3238;WIN;None;3;171;160;"0,1257";"0,16";8;7;9;18
3239;WIN;None;3;296;"148,65";"0,1256";"0,1";12;12;17;36
3240;WIN;None;3;240;"170,02";"0,1255";"0,13";13;13;11;22
3241;WIN;None;3;65;"229,67";"0,1254";"0,15";9;7;5;10
3242;WIN;None;3;198;"191,86";"0,1252";"0,13";14;12;14;26
3243;WIN;None;3;66;"226,35";"0,1251";"0,08";13;6;4;8
3244;WIN;None;3;402;"131,58";"0,125";"0,1";10;10;41;82
3245;WIN;None;3;114;"234,44";"0,1249";"0,11";12;10;9;21
3246;WIN;None;3;222;"133,63";"0,1248";"0,11";12;10;11;22
3247;WIN;None;3;97;"233,53";"0,1247";"0,14";10;5;5;12
3248;WIN;None;3;444;"48,69";"0,1246";"0,12";13;13;35;73
3249;WIN;None;3;140;"216,67";"0,1245";"0,1";13;10;10;20
3250;WIN;None;3;98;"191,31";"0,1243";"0,1";9;8;6;12
3251;DEATH;Suicide;3;4;"-304,51";"0,1242";"0,25";14;0;1;2
3252;WIN;None;3;147;"134,13";"0,1241";"0,08";14;11;8;18
3253;WIN;None;3;150;"196,32";"0,124";"0,09";16;13;5;12
3254;WIN;None;3;129;"196,09";"0,1239";"0,14";8;8;7;14
3255;DEATH;KilledByTarget;3;124;"-115,71";"0,1238";"0,1";17;16;4;8
3256;DEATH;KilledByTarget;3;187;"-94,97";"0,1237";"0,12";10;9;12;22
3257;DEATH;KilledByTarget;3;191;"-62,85";"0,1236";"0,09";15;13;11;27
3258;DEATH;KilledByTarget;3;102;"-126,57";"0,1235";"0,12";10;7;6;15
3259;WIN;None;3;99;"211,89";"0,1233";"0,1";12;7;7;14
3260;WIN;None;3;234;"209,29";"0,1232";"0,11";13;11;10;23
3261;WIN;None;3;153;"180,96";"0,1231";"0,1";14;13;10;22
3262;WIN;None;3;148;"242,51";"0,123";"0,12";12;10;6;14
3263;WIN;None;3;69;"203,54";"0,1229";"0,12";13;4;4;9
3264;WIN;None;3;338;"145,66";"0,1228";"0,13";14;14;18;36
3265;WIN;None;3;128;"193,71";"0,1227";"0,1";10;10;6;12
3266;WIN;None;3;112;"237,03";"0,1226";"0,11";12;10;10;20
3267;DEATH;KilledByTarget;3;133;"-124,24";"0,1225";"0,12";8;8;10;21
3268;WIN;None;3;96;"230,4";"0,1223";"0,14";6;5;7;14
3269;WIN;None;3;127;"145,73";"0,1222";"0,1";13;11;6;12
3270;WIN;None;3;50;"249,42";"0,1221";"0,06";10;8;7;14
3271;WIN;None;3;171;"203,05";"0,122";"0,12";12;11;11;22
3272;DEATH;KilledByTarget;3;42;"-80,27";"0,1219";"0,1";14;7;4;9
3273;WIN;None;3;117;"206,13";"0,1218";"0,06";14;12;12;24
3274;WIN;None;3;42;"231,78";"0,1217";"0,1";10;6;6;12
3275;WIN;None;3;90;"189,22";"0,1216";"0,06";11;8;3;6
3276;WIN;None;3;200;"136,92";"0,1215";"0,1";16;16;13;26
3277;DEATH;KilledByTarget;3;132;"-128,17";"0,1214";"0,12";12;12;15;31
3278;DEATH;KilledByTarget;3;94;"-108,96";"0,1213";"0,13";10;10;4;11
3279;DEATH;KilledByTarget;3;70;"-105,98";"0,1211";"0,06";7;5;8;16
3280;WIN;None;3;124;"216,04";"0,121";"0,07";17;14;9;18
3281;DEATH;KilledByTarget;3;53;"-119,59";"0,1209";"0,06";10;4;2;6
3282;WIN;None;3;64;"205,29";"0,1208";"0,06";12;8;7;14
3283;DEATH;KilledByTarget;3;83;"-151,64";"0,1207";"0,12";10;5;6;13
3284;WIN;None;3;211;"143,75";"0,1206";"0,08";12;12;15;28
3285;WIN;None;3;100;"221,67";"0,1205";"0,14";14;10;6;12
3286;WIN;None;3;113;"144,41";"0,1204";"0,09";13;12;6;12
3287;WIN;None;3;172;"202,58";"0,1203";"0,09";10;6;15;31
3288;WIN;None;3;172;"186,93";"0,1202";"0,1";10;8;14;30
3289;WIN;None;3;64;"227,49";"0,1201";"0,09";15;8;5;8
3290;WIN;None;3;153;"185,26";"0,1199";"0,07";9;8;12;28
3291;WIN;None;3;108;"184,71";"0,1198";"0,14";10;8;5;10
3292;WIN;None;3;63;"214,86";"0,1197";"0,1";10;3;5;8
3293;WIN;None;3;97;"220,58";"0,1196";"0,09";8;8;4;8
3294;DEATH;KilledByTarget;3;77;"-110,02";"0,1195";"0,09";10;7;3;7
3295;WIN;None;3;170;"179,72";"0,1194";"0,13";15;11;9;18
3296;DEATH;KilledByTarget;3;92;"-36,22";"0,1193";"0,05";12;8;13;29
3297;WIN;None;3;26;"200,55";"0,1192";"0,12";13;2;2;4
3298;WIN;None;3;107;"267,13";"0,1191";"0,08";12;10;13;26
3299;WIN;None;3;64;"175,69";"0,119";"0,09";11;8;6;12
3300;WIN;None;3;99;"231,79";"0,1189";"0,1";5;4;5;11
3301;WIN;None;3;51;"212,8";"0,1188";"0,22";9;4;6;12
3302;WIN;None;3;104;"172,09";"0,1187";"0,07";10;8;6;12
3303;WIN;None;3;151;"217,6";"0,1186";"0,12";13;12;9;18
3304;WIN;None;3;56;"220,45";"0,1184";"0,13";13;7;5;10
3305;WIN;None;3;201;129;"0,1183";"0,12";12;10;15;30
3306;WIN;None;3;137;"192,83";"0,1182";"0,05";10;10;11;23
3307;WIN;None;3;121;"180,45";"0,1181";"0,15";7;6;7;12
3308;WIN;None;3;52;"246,18";"0,118";"0,15";15;10;7;12
3309;WIN;None;3;127;"236,48";"0,1179";"0,09";10;7;15;30
3310;WIN;None;3;124;"179,94";"0,1178";"0,09";12;8;7;14
3311;WIN;None;3;169;"200,79";"0,1177";"0,12";16;13;16;31
3312;WIN;None;3;56;"205,95";"0,1176";"0,05";10;4;4;8
3313;WIN;None;3;44;"210,99";"0,1175";"0,05";10;4;3;6
3314;DEATH;KilledByTarget;3;129;"-136,26";"0,1174";"0,11";14;14;12;26
3315;WIN;None;3;109;"152,49";"0,1173";"0,11";11;8;8;16
3316;WIN;None;3;255;"31,27";"0,1172";"0,06";12;12;26;52
3317;WIN;None;3;178;"63,81";"0,1171";"0,06";13;13;10;20
3318;WIN;None;3;68;"189,16";"0,117";"0,09";10;7;8;16
3319;WIN;None;3;245;"181,27";"0,1169";"0,12";14;13;13;26
3320;WIN;None;3;165;"174,07";"0,1168";"0,1";10;10;13;26
3321;WIN;None;3;79;"220,89";"0,1166";"0,08";10;10;8;14
3322;WIN;None;3;147;"192,93";"0,1165";"0,1";12;11;9;19
3323;WIN;None;3;189;"144,79";"0,1164";"0,08";14;12;12;24
3324;DEATH;KilledByTarget;3;103;"-119,59";"0,1163";"0,12";14;9;3;6
3325;WIN;None;3;67;"222,68";"0,1162";"0,04";11;9;4;8
3326;WIN;None;3;103;"176,41";"0,1161";"0,09";10;9;11;22
3327;WIN;None;3;84;"216,74";"0,116";"0,08";15;14;11;22
3328;WIN;None;3;97;"195,58";"0,1159";"0,07";11;11;9;16
3329;WIN;None;3;149;"211,34";"0,1158";"0,13";13;12;13;26
3330;WIN;None;3;40;"194,97";"0,1157";"0,08";7;4;5;10
3331;DEATH;KilledByTarget;3;57;"-85,62";"0,1156";"0,11";12;7;6;12
3332;WIN;None;3;160;"194,22";"0,1155";"0,11";13;13;15;28
3333;WIN;None;3;41;"194,6";"0,1154";"0,05";13;5;3;6
3334;WIN;None;3;224;"156,24";"0,1153";"0,09";13;12;14;28
3335;WIN;None;3;79;"192,79";"0,1152";"0,15";10;9;8;16
3336;DEATH;Suicide;3;57;"-278,77";"0,1151";"0,14";12;8;6;12
3337;WIN;None;3;92;"197,48";"0,115";"0,05";14;12;13;28
3338;WIN;None;3;90;"257,27";"0,1149";"0,04";11;9;16;31
3339;WIN;None;3;104;"186,39";"0,1148";"0,08";10;7;12;26
3340;WIN;None;3;98;"181,06";"0,1147";"0,08";14;12;12;26
3341;DEATH;KilledByTarget;3;216;"-166,65";"0,1146";"0,11";8;8;25;48
3342;WIN;None;3;170;"215,37";"0,1145";"0,11";10;10;10;24
3343;WIN;None;3;92;"221,38";"0,1144";"0,08";8;5;7;18
3344;WIN;None;3;80;"212,12";"0,1143";"0,1";11;8;8;16
3345;WIN;None;3;45;"207,32";"0,1142";"0,13";13;7;4;6
3346;WIN;None;3;34;"231,29";"0,114";"0,12";7;5;4;9
3347;WIN;None;3;154;"159,44";"0,1139";"0,11";16;11;15;31
3348;WIN;None;3;179;"177,19";"0,1138";"0,1";14;10;8;16
3349;WIN;None;3;72;"220,03";"0,1137";"0,04";5;4;6;12
3350;DEATH;KilledByTarget;3;39;"-96,36";"0,1136";"0,05";10;5;6;13
3351;DEATH;KilledByTarget;3;131;"-122,7";"0,1135";"0,11";15;12;8;16
3352;WIN;None;3;68;"222,51";"0,1134";"0,12";13;7;5;11
3353;WIN;None;3;196;"208,4";"0,1133";"0,1";16;13;18;34
3354;WIN;None;3;138;"136,56";"0,1132";"0,05";12;9;6;10
3355;WIN;None;3;79;"192,94";"0,1131";"0,04";10;10;7;16
3356;WIN;None;3;97;"219,08";"0,113";"0,11";13;10;10;20
3357;WIN;None;3;71;"235,8";"0,1129";"0,11";11;9;8;16
3358;WIN;None;3;65;"201,12";"0,1128";"0,08";11;8;4;6
3359;WIN;None;3;136;"175,9";"0,1127";"0,14";13;13;16;32
3360;WIN;None;3;85;"206,57";"0,1126";"0,12";13;9;7;14
3361;DEATH;KilledByTarget;3;144;"-118,26";"0,1125";"0,11";15;14;10;19
3362;WIN;None;3;186;"230,05";"0,1124";"0,13";13;12;24;48
3363;WIN;None;3;78;"217,61";"0,1123";"0,06";11;9;9;18
3364;WIN;None;3;141;"201,7";"0,1122";"0,08";15;13;14;28
3365;WIN;None;3;600;"73,37";"0,1121";"0,09";9;9;60;123
3366;WIN;None;3;214;"120,49";"0,112";"0,11";8;6;16;32
3367;WIN;None;3;287;"125,68";"0,1119";"0,11";12;11;20;43
3368;WIN;None;3;220;"160,92";"0,1118";"0,08";7;7;15;31
3369;WIN;None;3;330;"150,37";"0,1117";"0,1";13;13;15;32
3370;WIN;None;3;155;"159,62";"0,1116";"0,08";11;9;5;12
3371;WIN;None;3;49;"228,89";"0,1115";"0,02";11;7;4;11
3372;WIN;None;3;358;"83,36";"0,1114";"0,11";13;13;11;26
3373;DEATH;KilledByTarget;3;114;"-111,11";"0,1113";"0,06";15;13;7;19
3374;WIN;None;3;287;"95,98";"0,1112";"0,11";10;10;9;19
3375;WIN;None;3;79;"240,34";"0,1111";"0,09";13;10;7;15
3376;DEATH;KilledByTarget;3;49;"-97,96";"0,111";"0,06";10;5;4;11
3377;DEATH;KilledByTarget;3;89;"-113,86";"0,1109";"0,07";14;7;5;10
3378;WIN;None;3;86;"245,65";"0,1108";"0,07";14;11;6;12
3379;DEATH;KilledByTarget;3;124;"-96,06";"0,1107";"0,12";10;8;6;16
3380;WIN;None;3;237;"258,78";"0,1106";"0,08";8;7;19;38
3381;WIN;None;3;185;"189,87";"0,1105";"0,1";12;11;9;16
3382;DEATH;KilledByTarget;3;37;"-114,82";"0,1104";"0,14";9;3;2;5
3383;WIN;None;3;346;"49,6";"0,1103";"0,1";12;12;16;32
3384;DEATH;KilledByTarget;3;163;"-245,89";"0,1102";"0,07";5;5;6;13
3385;DEATH;KilledByTarget;3;81;"-134,4";"0,1101";"0,09";12;4;2;4
3386;DEATH;KilledByTarget;3;75;"-159,43";"0,11";"0,09";6;5;2;5
3387;WIN;None;3;132;"143,63";"0,1099";"0,07";10;6;5;10
3388;WIN;None;3;134;"204,99";"0,1098";"0,07";15;13;12;24
3389;DEATH;KilledByTarget;3;128;"-185,84";"0,1097";"0,08";12;11;8;18
3390;DEATH;KilledByTarget;3;79;"-84,41";"0,1096";"0,11";11;6;5;11
3391;WIN;None;3;92;"198,28";"0,1095";"0,13";10;8;11;22
3392;WIN;None;3;244;"100,24";"0,1094";"0,06";12;12;21;42
3393;WIN;None;3;59;"229,59";"0,1093";"0,05";14;8;10;18
3394;WIN;None;3;301;"74,85";"0,1092";"0,09";13;13;24;49
3395;DEATH;Suicide;3;4;"-304,51";"0,1091";0;12;0;1;2
3396;WIN;None;3;420;"40,67";"0,109";"0,08";9;9;61;121
3397;WIN;None;3;195;"154,82";"0,1089";"0,06";11;11;21;47
3398;DEATH;Suicide;3;6;"-304,95";"0,1088";"0,17";14;0;1;2
3399;DEATH;KilledByTarget;3;113;"-148,94";"0,1087";"0,09";10;6;6;14
3400;WIN;None;3;90;"189,12";"0,1086";"0,11";10;9;14;28
3401;WIN;None;3;187;"130,13";"0,1085";"0,08";14;12;19;37
3402;DEATH;KilledByTarget;3;50;"-72,93";"0,1084";"0,08";9;2;4;8
3403;DEATH;Suicide;3;4;"-304,51";"0,1083";0;13;0;2;2
3404;DEATH;KilledByTarget;3;128;"-115,99";"0,1082";"0,09";14;8;5;13
3405;DEATH;KilledByTarget;3;37;"-104,47";"0,1081";"0,11";10;4;2;7
3406;DEATH;KilledByTarget;3;65;"-132,33";"0,1081";"0,11";7;6;4;9
3407;WIN;None;3;79;"204,74";"0,108";"0,08";12;6;8;16
3408;WIN;None;3;36;"198,3";"0,1079";"0,08";11;3;2;4
3409;WIN;None;3;291;"101,1";"0,1078";"0,1";11;11;15;30
3410;DEATH;KilledByTarget;3;221;"-150,2";"0,1077";"0,1";8;7;12;25
3411;WIN;None;3;120;"181,77";"0,1076";"0,08";14;9;6;12
3412;DEATH;KilledByTarget;3;65;"-130,43";"0,1075";"0,12";7;2;3;7
3413;WIN;None;3;288;"106,31";"0,1074";"0,08";14;13;12;25
3414;WIN;None;3;117;"182,28";"0,1073";"0,09";14;9;8;18
3415;WIN;None;3;115;"164,67";"0,1072";"0,09";11;10;10;21
3416;WIN;None;3;149;"105,79";"0,1071";"0,1";12;7;6;12
3417;WIN;None;3;165;"186,82";"0,107";"0,13";9;9;15;28
3418;WIN;None;3;167;"125,53";"0,1069";"0,09";11;9;14;28
3419;WIN;None;3;149;"148,99";"0,1068";"0,08";9;7;25;48
3420;DEATH;Suicide;3;4;"-304,51";"0,1067";0;12;0;1;2
3421;WIN;None;3;71;"190,85";"0,1066";"0,07";9;7;10;18
3422;WIN;None;3;109;"181,14";"0,1065";"0,08";14;10;11;23
3423;WIN;None;3;226;"96,15";"0,1064";"0,09";13;13;21;40
3424;WIN;None;3;43;"204,96";"0,1063";"0,05";10;6;11;20
3425;WIN;None;3;100;"99,67";"0,1062";"0,04";10;5;27;54
3426;WIN;None;3;137;"147,23";"0,1061";"0,09";12;10;21;40
3427;DEATH;KilledByTarget;3;130;"-189,53";"0,106";"0,05";13;9;22;46
3428;WIN;None;3;101;"171,8";"0,1059";"0,07";11;5;13;25
3429;WIN;None;3;217;"141,53";"0,1058";"0,08";10;10;18;37
3430;WIN;None;3;82;"162,08";"0,1057";"0,11";9;6;3;6
3431;WIN;None;3;171;"163,5";"0,1056";"0,14";10;10;16;30
3432;WIN;None;3;128;"219,91";"0,1056";"0,12";12;11;14;28
3433;WIN;None;3;82;"209,08";"0,1055";"0,1";14;11;10;18
3434;DEATH;KilledByTarget;3;68;"-133,29";"0,1054";"0,06";13;4;5;11
3435;WIN;None;3;48;"199,36";"0,1053";"0,08";8;4;8;16
3436;WIN;None;3;374;"-6,36";"0,1052";"0,08";12;12;52;103
3437;WIN;None;3;77;"175,48";"0,1051";"0,05";8;7;15;29
3438;WIN;None;3;71;"149,95";"0,105";"0,03";16;6;11;20
3439;WIN;None;3;153;"150,16";"0,1049";"0,05";10;10;23;44
3440;WIN;None;3;142;"179,83";"0,1048";"0,1";9;8;12;26
3441;WIN;None;3;107;"181,88";"0,1047";"0,06";10;9;18;34
3442;WIN;None;3;49;"195,09";"0,1046";"0,08";8;5;8;14
3443;WIN;None;3;185;"79,92";"0,1045";"0,06";10;9;40;80
3444;WIN;None;3;71;"188,4";"0,1044";"0,03";9;3;7;12
3445;WIN;None;3;308;"-62,54";"0,1043";"0,04";8;7;79;156
3446;WIN;None;3;119;"157,29";"0,1042";"0,11";12;9;8;16
3447;DEATH;Suicide;3;4;"-304,51";"0,1041";"0,25";13;0;1;2
3448;WIN;None;3;70;"216,72";"0,104";"0,09";13;11;10;18
3449;WIN;None;3;80;"196,52";"0,1039";"0,06";14;7;17;34
3450;WIN;None;3;146;"117,4";"0,1039";"0,09";10;5;19;38
3451;DEATH;KilledByTarget;3;111;"-117,05";"0,1038";"0,05";14;9;8;17
3452;WIN;None;3;138;"109,01";"0,1037";"0,09";9;8;23;44
3453;DEATH;Suicide;3;4;"-304,51";"0,1036";"0,25";12;0;1;2
3454;WIN;None;3;91;"168,1";"0,1035";"0,08";16;8;7;14
3455;WIN;None;3;160;"90,07";"0,1034";"0,09";11;11;6;12
3456;DEATH;KilledByTarget;3;70;"-126,18";"0,1033";"0,06";10;5;4;10
3457;WIN;None;3;99;"164,94";"0,1032";"0,12";14;6;11;22
3458;WIN;None;3;61;165;"0,1031";"0,07";14;7;3;6
3459;WIN;None;3;385;"38,22";"0,103";"0,08";14;13;35;71
3460;WIN;None;3;79;"209,19";"0,1029";"0,08";10;7;8;16
3461;WIN;None;3;277;"48,03";"0,1028";"0,07";10;9;27;54
3462;WIN;None;3;27;"207,08";"0,1027";"0,15";12;4;3;4
3463;WIN;None;3;29;"211,59";"0,1026";"0,1";11;4;4;8
3464;WIN;None;3;47;"157,38";"0,1026";"0,09";10;4;10;18
3465;WIN;None;3;138;"150,16";"0,1025";"0,05";8;5;15;31
3466;WIN;None;3;246;"88,85";"0,1024";"0,09";14;12;36;72
3467;WIN;None;3;115;"200,97";"0,1023";"0,08";16;8;8;15
3468;WIN;None;3;270;"47,17";"0,1022";"0,06";12;12;32;62
3469;WIN;None;3;80;"155,02";"0,1021";"0,05";17;9;8;16
3470;DEATH;KilledByTarget;3;133;"-132,94";"0,102";"0,08";13;10;8;16
3471;WIN;None;3;147;"191,73";"0,1019";"0,1";10;8;8;18
3472;WIN;None;3;179;"144,44";"0,1018";"0,04";14;12;13;24
3473;WIN;None;3;27;"219,28";"0,1017";"0,07";13;3;7;12
3474;WIN;None;3;88;"145,41";"0,1016";"0,08";12;9;3;6
3475;WIN;None;3;154;"210,54";"0,1015";"0,08";10;9;12;27
3476;DEATH;KilledByTarget;3;60;"-112,18";"0,1015";"0,1";8;5;4;8
3477;WIN;None;3;36;"174,7";"0,1014";"0,06";5;2;2;4
3478;WIN;None;3;150;"161,12";"0,1013";"0,07";12;8;16;30
3479;WIN;None;3;510;"-258,38";"0,1012";"0,09";10;10;40;82
3480;WIN;None;3;226;"-30,15";"0,1011";"0,08";11;11;19;40
3481;WIN;None;3;227;"77,63";"0,101";"0,08";11;7;31;61
3482;WIN;None;3;168;"169,36";"0,1009";"0,07";10;9;31;63
3483;WIN;None;3;332;"63,13";"0,1008";"0,07";16;16;47;94
3484;DEATH;KilledByTarget;3;91;-127;"0,1007";"0,08";12;9;15;30
3485;WIN;None;3;195;"171,37";"0,1006";"0,09";14;13;20;40
3486;WIN;None;3;192;"75,23";"0,1005";"0,08";10;8;31;60
3487;DEATH;KilledByTarget;3;58;"-112,49";"0,1005";"0,05";14;9;10;19
3488;WIN;None;3;62;"180,53";"0,1004";"0,05";10;4;11;20
3489;DEATH;KilledByTarget;3;174;"-135,01";"0,1003";"0,1";13;11;7;15
3490;DEATH;KilledByTarget;3;460;"-224,03";"0,1002";"0,07";16;14;47;95
3491;WIN;None;3;73;"195,71";"0,1001";"0,11";7;5;14;26
3492;WIN;None;3;88;"136,81";"0,1";"0,05";11;8;19;36
3493;WIN;None;3;410;"38,67";"0,0999";"0,07";14;14;48;104
3494;WIN;None;3;81;"173,4";"0,0998";"0,05";8;7;13;24
3495;WIN;None;3;197;"133,63";"0,0997";"0,05";15;14;26;52
3496;DEATH;KilledByTarget;3;154;"-125,71";"0,0996";"0,1";10;9;14;29
3497;WIN;None;3;97;"183,38";"0,0996";"0,06";14;10;12;24
3498;WIN;None;3;196;"136,8";"0,0995";"0,1";10;10;28;55
3499;WIN;None;3;110;"104,72";"0,0994";"0,08";8;6;14;26
3500;WIN;None;3;109;"148,24";"0,0993";"0,06";12;11;23;44
3501;WIN;None;3;131;"160,05";"0,0992";"0,05";11;11;22;42
3502;WIN;None;3;161;"140,45";"0,0991";"0,04";11;9;30;58
3503;WIN;None;3;170;"135,22";"0,099";"0,06";12;11;37;74
3504;WIN;None;3;433;"-89,39";"0,0989";"0,07";16;16;53;108
3505;WIN;None;3;53;"202,91";"0,0988";"0,08";9;5;4;8
3506;WIN;None;3;139;"88,04";"0,0987";"0,03";6;6;28;56
3507;WIN;None;3;169;"131,64";"0,0987";"0,1";12;11;19;38
3508;WIN;None;3;284;"44,44";"0,0986";"0,06";16;15;42;82
3509;WIN;None;3;223;"188,61";"0,0985";"0,09";13;12;20;39
3510;WIN;None;3;20;"214,22";"0,0984";"0,1";8;4;4;6
3511;WIN;None;3;48;"156,56";"0,0983";"0,06";8;5;2;4
3512;WIN;None;3;128;"182,01";"0,0982";"0,07";11;9;10;20
3513;DEATH;KilledByTarget;3;68;"-117,84";"0,0981";"0,07";8;5;9;17
3514;DEATH;KilledByTarget;3;158;"-180,59";"0,098";"0,09";12;12;19;39
3515;DEATH;KilledByTarget;3;233;"-207,69";"0,098";"0,07";12;12;39;77
3516;WIN;None;3;154;"94,69";"0,0979";"0,03";11;9;30;60
3517;DEATH;KilledByTarget;3;170;"-166,43";"0,0978";"0,05";5;4;31;67
3518;WIN;None;3;198;"133,51";"0,0977";"0,06";12;12;15;30
3519;WIN;None;3;127;"152,48";"0,0976";"0,05";13;9;5;8
3520;WIN;None;3;348;"36,71";"0,0975";"0,07";12;12;56;112
3521;WIN;None;3;104;"153,34";"0,0974";"0,08";12;6;5;10
3522;WIN;None;3;183;"106,06";"0,0973";"0,08";14;11;15;30
3523;DEATH;KilledByTarget;3;174;"-172,81";"0,0972";"0,1";10;10;7;14
3524;WIN;None;3;91;"182,5";"0,0972";"0,05";13;9;11;20
3525;WIN;None;3;147;"177,58";"0,0971";"0,1";14;13;17;35
3526;DEATH;KilledByTarget;3;184;"-166,81";"0,097";"0,08";16;16;10;23
3527;WIN;None;3;368;"92,41";"0,0969";"0,09";15;13;24;49
3528;WIN;None;3;188;"193,71";"0,0968";"0,1";10;9;13;26
3529;WIN;None;3;25;"222,27";"0,0967";"0,12";13;3;5;8
3530;WIN;None;3;143;"112,11";"0,0966";"0,07";9;7;15;28
3531;WIN;None;3;210;"169,12";"0,0966";"0,05";9;9;13;26
3532;WIN;None;3;204;"176,64";"0,0965";"0,09";11;11;12;22
3533;WIN;None;3;171;"103,5";"0,0964";"0,07";11;10;25;48
3534;WIN;None;3;98;"195,61";"0,0963";"0,09";12;10;9;18
3535;WIN;None;3;47;"239,93";"0,0962";"0,06";15;7;10;18
3536;WIN;None;3;58;"175,56";"0,0961";"0,03";8;4;2;4
3537;WIN;None;3;168;"139,91";"0,096";"0,05";8;7;11;22
3538;DEATH;KilledByTarget;3;61;"-107,2";"0,0959";"0,07";12;8;4;9
3539;WIN;None;3;144;"187,19";"0,0959";"0,05";16;14;12;22
3540;WIN;None;3;221;"56,05";"0,0958";"0,06";10;7;19;38
3541;DEATH;KilledByTarget;3;252;"-207,67";"0,0957";"0,09";14;14;15;31
3542;WIN;None;3;254;"67,19";"0,0956";"0,07";12;12;48;96
3543;WIN;None;3;117;"175,93";"0,0955";"0,08";8;5;8;16
3544;WIN;None;3;103;"153,01";"0,0954";"0,06";13;8;3;6
3545;DEATH;KilledByTarget;3;218;"-160,64";"0,0953";"0,06";13;13;11;23
3546;WIN;None;3;157;"170,53";"0,0953";"0,07";13;11;5;10
3547;WIN;None;3;223;"153,91";"0,0952";"0,07";16;16;10;22
3548;WIN;None;3;204;"162,69";"0,0951";"0,08";10;10;12;26
3549;WIN;None;3;227;"145,98";"0,095";"0,11";9;9;12;24
3550;WIN;None;3;149;"151,09";"0,0949";"0,14";14;7;5;10
3551;WIN;None;3;110;"144,22";"0,0948";"0,12";12;8;10;18
3552;TIMEOUT;None;3;600;"-237,9";"0,0947";"0,07";12;12;53;108
3553;DEATH;KilledByTarget;3;315;"-196,98";"0,0947";"0,1";13;13;11;22
3554;WIN;None;3;102;"189,08";"0,0946";"0,1";15;13;11;22
3555;WIN;None;3;322;"137,18";"0,0945";"0,09";13;13;13;26
3556;WIN;None;3;81;"204,85";"0,0944";"0,07";12;7;4;6
3557;WIN;None;3;96;"202,45";"0,0943";"0,05";10;5;4;6
3558;WIN;None;3;253;"110,01";"0,0942";"0,09";14;14;15;32
3559;WIN;None;3;460;"39,87";"0,0941";"0,1";13;13;24;51
3560;DEATH;KilledByTarget;3;163;"-105,79";"0,0941";"0,07";15;11;6;14
3561;WIN;None;3;119;"204,39";"0,094";"0,03";14;10;7;14
3562;DEATH;KilledByTarget;3;189;"-176,31";"0,0939";"0,13";10;6;7;15
3563;WIN;None;3;397;"134,08";"0,0938";"0,08";13;13;15;34
3564;WIN;None;3;137;"182,63";"0,0937";"0,08";13;10;7;18
3565;WIN;None;3;173;"211,56";"0,0936";"0,1";16;16;11;22
3566;WIN;None;3;465;"146,07";"0,0936";"0,1";10;10;16;38
3567;DEATH;KilledByTarget;3;122;"-104,17";"0,0935";"0,07";14;8;5;11
3568;WIN;None;3;99;"156,39";"0,0934";"0,04";8;5;4;8
3569;DEATH;KilledByTarget;3;287;"-213,47";"0,0933";"0,08";12;12;10;21
3570;WIN;None;3;156;"186,8";"0,0932";"0,1";12;10;11;22
3571;WIN;None;3;112;"181,83";"0,0931";"0,07";11;7;8;18
3572;WIN;None;3;133;"278,91";"0,0931";"0,12";13;11;10;22
3573;WIN;None;3;304;"173,79";"0,093";"0,08";16;16;22;44
3574;WIN;None;3;163;"147,21";"0,0929";"0,08";13;11;9;18
3575;WIN;None;3;223;"113,86";"0,0928";"0,11";13;13;15;31
3576;WIN;None;3;227;"154,83";"0,0927";"0,06";10;10;13;27
3577;WIN;None;3;144;"196,79";"0,0926";"0,09";6;6;8;17
3578;WIN;None;3;287;"217,03";"0,0925";"0,08";11;11;15;31
3579;DEATH;KilledByTarget;3;268;"-158,64";"0,0925";"0,07";15;14;20;43
3580;WIN;None;3;187;"178,68";"0,0924";"0,05";16;15;9;17
3581;WIN;None;3;108;"212,51";"0,0923";"0,09";12;9;9;18
3582;DEATH;KilledByTarget;3;120;"-244,88";"0,0922";"0,07";16;9;4;9
3583;WIN;None;3;256;"103,6";"0,0921";"0,06";12;11;7;20
3584;WIN;None;3;179;"202,59";"0,0921";"0,08";12;11;17;34
3585;DEATH;KilledByTarget;3;71;"-141,4";"0,092";"0,04";12;8;4;9
3586;WIN;None;3;78;"186,81";"0,0919";"0,08";7;4;4;6
3587;DEATH;KilledByTarget;3;109;"-93,96";"0,0918";"0,08";11;5;6;12
3588;WIN;None;3;160;"82,62";"0,0917";"0,08";10;6;4;8
3589;WIN;None;3;140;"185,32";"0,0916";"0,11";13;8;7;14
3590;WIN;None;3;101;"260,8";"0,0916";"0,04";14;10;11;22
3591;DEATH;KilledByTarget;3;196;"-139,7";"0,0915";"0,1";13;11;14;29
3592;WIN;None;3;35;"196,32";"0,0914";"0,06";9;4;3;6
3593;DEATH;KilledByTarget;3;185;"-136,68";"0,0913";"0,08";13;13;7;16
3594;WIN;None;3;175;"127,77";"0,0912";"0,07";12;11;7;14
3595;DEATH;KilledByTarget;3;332;"-215,72";"0,0911";"0,05";14;14;13;28
3596;WIN;None;3;124;"128,49";"0,0911";"0,05";11;9;10;20
3597;WIN;None;3;152;"85,48";"0,091";"0,07";12;7;11;22
3598;WIN;None;3;96;"185,3";"0,0909";"0,06";10;8;11;22
3599;DEATH;KilledByTarget;3;114;"-147,96";"0,0908";"0,1";14;11;6;13
3600;WIN;None;3;168;"202,51";"0,0907";"0,09";12;10;8;17
3601;WIN;None;3;82;"103,53";"0,0907";"0,1";10;5;1;2
3602;WIN;None;3;115;"140,22";"0,0906";"0,08";13;10;9;18
3603;WIN;None;3;162;"184,13";"0,0905";"0,07";14;14;12;24
3604;WIN;None;3;127;"133,73";"0,0904";"0,05";9;6;7;12
3605;WIN;None;3;160;"72,72";"0,0903";"0,08";15;13;7;14
3606;WIN;None;3;203;"141,16";"0,0902";"0,08";15;14;11;22
3607;DEATH;KilledByTarget;3;161;"-124,1";"0,0902";"0,11";9;9;6;13
3608;WIN;None;3;191;"173,9";"0,0901";"0,08";9;8;11;23
3609;WIN;None;3;101;"244,9";"0,09";"0,02";11;8;15;28
3610;DEATH;KilledByTarget;3;120;"-74,78";"0,0899";"0,08";14;13;14;27
3611;WIN;None;3;154;"86,44";"0,0898";"0,1";11;9;10;20
3612;WIN;None;3;193;"149,26";"0,0898";"0,09";14;12;11;22
3613;WIN;None;3;66;"181,55";"0,0897";"0,03";8;5;9;16
3614;DEATH;KilledByTarget;3;94;"-119,46";"0,0896";"0,09";8;5;8;16
3615;DEATH;KilledByTarget;3;135;"-109,88";"0,0895";"0,07";8;7;7;15
3616;DEATH;KilledByTarget;3;71;"-108,25";"0,0894";"0,1";9;8;6;11
3617;WIN;None;3;97;"117,73";"0,0894";"0,07";10;6;4;6
3618;WIN;None;3;123;"176,01";"0,0893";"0,07";11;7;6;10
3619;WIN;None;3;283;"125,11";"0,0892";"0,06";10;8;12;22
3620;WIN;None;3;111;"179,65";"0,0891";"0,12";15;8;9;16
3621;WIN;None;3;204;"251,89";"0,089";"0,07";10;9;16;31
3622;WIN;None;3;80;"194,67";"0,089";"0,05";12;8;4;8
3623;WIN;None;3;123;"125,31";"0,0889";"0,05";15;7;3;6
3624;WIN;None;3;487;"156,48";"0,0888";"0,06";15;15;25;55
3625;WIN;None;3;129;"217,39";"0,0887";"0,03";15;12;11;20
3626;WIN;None;3;233;"140,46";"0,0886";"0,06";14;9;15;30
3627;WIN;None;3;132;"164,68";"0,0886";"0,08";12;12;9;18
3628;WIN;None;3;498;"-49,89";"0,0885";"0,06";13;13;28;58
3629;DEATH;KilledByTarget;3;219;"-159,06";"0,0884";"0,08";10;10;10;21
3630;WIN;None;3;429;"56,44";"0,0883";"0,07";12;12;18;36
3631;WIN;None;3;68;"107,56";"0,0882";"0,06";12;4;4;8
3632;DEATH;KilledByTarget;3;104;"-72,16";"0,0882";"0,07";12;10;10;21
3633;WIN;None;3;76;"204,2";"0,0881";"0,08";12;11;10;20
3634;DEATH;KilledByTarget;3;125;"-111,18";"0,088";"0,09";11;9;11;22
3635;WIN;None;3;209;"182,14";"0,0879";"0,08";8;8;14;28
3636;WIN;None;3;172;"213,88";"0,0878";"0,07";15;15;11;23
3637;WIN;None;3;83;"233,51";"0,0878";"0,06";15;13;8;16
3638;DEATH;KilledByTarget;3;63;"-70,49";"0,0877";"0,05";8;7;6;13
3639;WIN;None;3;113;"238,81";"0,0876";"0,06";11;11;10;20
3640;WIN;None;3;43;"229,36";"0,0875";"0,14";10;6;4;9
3641;WIN;None;3;95;"220,57";"0,0874";"0,06";12;12;13;26
3642;WIN;None;3;12;"224,23";"0,0874";0;7;1;2;4
3643;WIN;None;3;113;"189,81";"0,0873";"0,11";10;9;7;14
3644;WIN;None;3;39;"196,09";"0,0872";"0,08";6;2;4;6
3645;WIN;None;3;202;"129,33";"0,0871";"0,05";13;12;10;20
3646;WIN;None;3;88;"198,16";"0,0871";"0,09";14;11;5;10
3647;WIN;None;3;40;"238,77";"0,087";"0,08";11;8;6;12
3648;WIN;None;3;121;"209,6";"0,0869";"0,09";8;7;8;15
3649;WIN;None;3;60;"241,17";"0,0868";"0,02";11;8;7;14
3650;WIN;None;3;73;"262,11";"0,0867";"0,04";11;8;12;24
3651;WIN;None;3;116;"225,7";"0,0867";"0,05";13;12;15;28
3652;WIN;None;3;192;"209,58";"0,0866";"0,11";15;10;19;38
3653;WIN;None;3;356;"128,55";"0,0865";"0,08";11;10;20;41
3654;WIN;None;3;148;"225,11";"0,0864";"0,05";11;10;21;43
3655;WIN;None;3;150;"211,77";"0,0864";"0,07";14;14;15;32
3656;WIN;None;3;88;"208,26";"0,0863";"0,06";13;11;13;24
3657;WIN;None;3;133;"161,66";"0,0862";"0,09";11;11;16;32
3658;WIN;None;3;96;"184,95";"0,0861";"0,06";9;8;8;16
3659;DEATH;KilledByTarget;3;138;"-133,19";"0,086";"0,07";9;8;13;26
3660;WIN;None;3;276;"171,9";"0,086";"0,05";8;8;34;70
3661;WIN;None;3;274;"96,29";"0,0859";"0,04";11;11;34;66
3662;WIN;None;3;90;"226,52";"0,0858";"0,04";9;8;15;30
3663;WIN;None;3;185;"133,02";"0,0857";"0,09";9;9;17;36
3664;DEATH;KilledByTarget;3;64;"-98,96";"0,0857";"0,13";12;9;2;4
3665;WIN;None;3;47;"214,58";"0,0856";"0,06";11;6;8;16
3666;DEATH;KilledByTarget;3;76;"-92,45";"0,0855";"0,04";13;9;9;18
3667;WIN;None;3;112;"244,78";"0,0854";"0,07";13;12;12;25
3668;WIN;None;3;114;"169,79";"0,0853";"0,06";12;11;6;12
3669;DEATH;KilledByTarget;3;123;"-109,29";"0,0853";"0,13";16;12;7;17
3670;DEATH;KilledByTarget;3;54;"-87,96";"0,0852";"0,09";13;9;5;10
3671;DEATH;KilledByTarget;3;71;"-107,6";"0,0851";"0,07";9;6;7;16
3672;WIN;None;3;63;"201,86";"0,085";"0,1";11;8;7;14
3673;WIN;None;3;75;"222,92";"0,085";"0,04";11;8;9;17
3674;WIN;None;3;66;"223,2";"0,0849";"0,09";14;9;7;14
3675;WIN;None;3;244;"144,29";"0,0848";"0,05";10;10;31;69
3676;DEATH;KilledByTarget;3;68;"-111,59";"0,0847";"0,06";10;9;5;13
3677;WIN;None;3;235;"150,72";"0,0847";"0,07";14;14;28;56
3678;WIN;None;3;183;"168,56";"0,0846";"0,06";11;10;19;40
3679;WIN;None;3;119;"161,94";"0,0845";"0,05";10;9;6;12
3680;DEATH;KilledByTarget;3;244;"-92,06";"0,0844";"0,06";11;11;24;57
3681;WIN;None;3;114;"235,79";"0,0844";"0,1";15;13;13;24
3682;DEATH;KilledByTarget;3;198;"-215,19";"0,0843";"0,08";9;9;22;44
3683;DEATH;KilledByTarget;3;34;"-102,66";"0,0842";"0,18";7;2;2;4
3684;WIN;None;3;51;"206,4";"0,0841";"0,06";15;8;6;15
3685;DEATH;KilledByTarget;3;48;"-90,94";"0,084";"0,04";11;7;4;8
3686;WIN;None;3;209;"154,99";"0,084";"0,06";12;12;14;28
3687;WIN;None;3;58;"252,36";"0,0839";"0,09";12;9;7;14
3688;WIN;None;3;94;"209,64";"0,0838";"0,07";9;7;4;8
3689;WIN;None;3;87;"212,38";"0,0837";"0,06";9;5;5;10
3690;DEATH;KilledByTarget;3;150;"-150,73";"0,0837";"0,04";11;9;15;31
3691;DEATH;KilledByTarget;3;76;"-71,1";"0,0836";"0,09";15;11;8;18
3692;WIN;None;3;64;"239,04";"0,0835";"0,06";12;10;9;16
3693;DEATH;KilledByTarget;3;110;"-149,13";"0,0834";"0,06";5;3;6;13
3694;WIN;None;3;178;"121,06";"0,0834";"0,07";8;5;8;15
3695;DEATH;KilledByTarget;3;391;"-108,55";"0,0833";"0,08";9;9;20;42
3696;DEATH;KilledByTarget;3;149;"-121,76";"0,0832";"0,03";11;9;14;29
3697;DEATH;KilledByTarget;3;71;"-77,3";"0,0831";"0,07";17;11;6;12
3698;WIN;None;3;71;"243,1";"0,0831";"0,01";13;5;5;15
3699;WIN;None;3;75;"207,72";"0,083";"0,07";10;9;8;16
3700;WIN;None;3;156;"189,15";"0,0829";"0,08";10;10;9;18
3701;DEATH;KilledByTarget;3;60;"-56,03";"0,0828";"0,03";9;9;7;16
3702;WIN;None;3;119;"232,34";"0,0828";"0,05";12;11;12;24
3703;WIN;None;3;106;"238,45";"0,0827";"0,08";16;12;15;29
3704;WIN;None;3;167;"252,73";"0,0826";"0,06";13;12;15;30
3705;WIN;None;3;59;"217,39";"0,0825";"0,1";11;11;10;20
3706;WIN;None;3;206;"259,9";"0,0825";"0,08";14;13;27;54
3707;WIN;None;3;55;"96,17";"0,0824";"0,05";14;6;2;4
3708;WIN;None;3;54;"254,34";"0,0823";"0,07";8;6;7;15
3709;WIN;None;3;39;"222,54";"0,0823";"0,03";12;8;5;10
3710;WIN;None;3;85;"210,07";"0,0822";"0,08";13;10;13;27
3711;WIN;None;3;84;"223,69";"0,0821";"0,07";15;13;14;28
3712;DEATH;KilledByTarget;3;98;"-78,29";"0,082";"0,07";17;12;12;25
3713;DEATH;KilledByTarget;3;44;"-99,51";"0,082";"0,09";13;4;3;4
3714;DEATH;KilledByTarget;3;39;"-98,66";"0,0819";"0,08";10;5;4;7
3715;WIN;None;3;120;"219,82";"0,0818";"0,03";16;14;13;26
3716;WIN;None;3;149;"227,79";"0,0817";"0,06";10;10;14;30
3717;WIN;None;3;112;"130,38";"0,0817";"0,06";18;13;11;20
3718;WIN;None;3;63;"212,06";"0,0816";"0,06";15;6;5;10
3719;WIN;None;3;73;"211,81";"0,0815";"0,07";9;6;7;15
3720;WIN;None;3;212;"138,53";"0,0814";"0,07";11;11;20;44
3721;DEATH;KilledByTarget;3;95;"-96,13";"0,0814";"0,07";13;11;7;13
3722;WIN;None;3;72;"261,23";"0,0813";"0,06";14;10;8;17
3723;WIN;None;3;191;"175,45";"0,0812";"0,09";15;14;16;30
3724;DEATH;KilledByTarget;3;52;"-129,62";"0,0811";"0,02";13;4;3;7
3725;WIN;None;3;107;"207,18";"0,0811";"0,03";8;7;12;22
3726;WIN;None;3;42;"249,23";"0,081";"0,05";12;8;6;12
3727;DEATH;KilledByTarget;3;61;"-115,4";"0,0809";"0,08";10;5;4;11
3728;WIN;None;3;75;"246,82";"0,0809";"0,01";13;9;12;24
3729;WIN;None;3;29;"227,29";"0,0808";"0,1";7;3;3;6
3730;WIN;None;3;117;"178,93";"0,0807";"0,07";9;7;21;40
3731;DEATH;KilledByTarget;3;56;"-88,65";"0,0806";"0,05";14;10;10;21
3732;WIN;None;3;51;"241,4";"0,0806";"0,06";14;6;6;12
3733;DEATH;KilledByTarget;3;117;"-68,87";"0,0805";"0,03";10;9;11;25
3734;WIN;None;3;113;"187,56";"0,0804";"0,07";8;5;15;30
3735;DEATH;KilledByTarget;3;70;"-94,98";"0,0803";"0,07";11;8;6;14
3736;DEATH;KilledByTarget;3;126;"-152,95";"0,0803";"0,09";11;8;6;14
3737;DEATH;KilledByTarget;3;150;"-128,08";"0,0802";"0,07";14;14;14;31
3738;WIN;None;3;234;"211,34";"0,0801";"0,09";11;11;33;68
3739;WIN;None;3;36;"219,85";"0,0801";"0,08";5;1;2;4
3740;DEATH;Suicide;3;5;"-304,73";"0,08";"0,2";8;0;1;2
3741;WIN;None;3;63;"213,41";"0,0799";"0,08";11;9;7;12
3742;DEATH;KilledByTarget;3;37;"-62,72";"0,0798";"0,11";13;7;4;12
3743;WIN;None;3;66;"187,6";"0,0798";"0,03";13;9;5;10
3744;WIN;None;3;155;"112,57";"0,0797";"0,05";10;10;12;24
3745;DEATH;KilledByTarget;3;41;"-77,25";"0,0796";"0,02";12;9;4;8
3746;WIN;None;3;106;"303,15";"0,0796";"0,08";10;9;9;19
3747;DEATH;KilledByTarget;3;39;"-70,41";"0,0795";0;12;6;6;12
3748;DEATH;KilledByTarget;3;26;"-94,15";"0,0794";"0,08";8;4;4;9
3749;DEATH;KilledByTarget;3;85;"-94,78";"0,0793";"0,08";13;10;9;19
3750;WIN;None;3;35;"225,27";"0,0793";"0,09";8;2;5;10
3751;WIN;None;3;185;"91,67";"0,0792";"0,04";12;10;13;27
3752;WIN;None;3;36;"215,5";"0,0791";"0,03";7;6;3;8
3753;WIN;None;3;248;"148,06";"0,0791";"0,07";11;11;30;60
3754;WIN;None;3;65;"208,22";"0,079";"0,05";13;7;6;12
3755;WIN;None;3;147;"187,48";"0,0789";"0,07";10;10;15;30
3756;WIN;None;3;68;"219,36";"0,0788";"0,01";13;6;7;14
3757;WIN;None;3;65;"236,87";"0,0788";"0,03";11;10;9;19
3758;WIN;None;3;128;"195,21";"0,0787";"0,1";14;14;21;42
3759;WIN;None;3;107;"235,28";"0,0786";"0,11";13;13;14;28
3760;DEATH;KilledByTarget;3;162;"-189,92";"0,0786";"0,06";11;10;11;20
3761;WIN;None;3;34;"214,09";"0,0785";"0,06";13;6;6;10
3762;WIN;None;3;108;"261,46";"0,0784";"0,05";12;10;14;27
3763;WIN;None;3;27;"225,78";"0,0783";"0,07";9;7;5;8
3764;WIN;None;3;218;"0,61";"0,0783";"0,06";15;13;13;28
3765;WIN;None;3;104;"236,09";"0,0782";"0,09";16;13;8;16
3766;DEATH;KilledByTarget;3;59;"-86,46";"0,0781";"0,03";16;6;8;17
3767;WIN;None;3;40;"234,77";"0,0781";"0,08";10;6;5;10
3768;WIN;None;3;142;"181,33";"0,078";"0,05";11;11;22;42
3769;WIN;None;3;46;"213,2";"0,0779";"0,04";12;4;13;24
3770;WIN;None;3;40;"197,27";"0,0779";"0,03";12;6;9;18
3771;DEATH;KilledByTarget;3;117;"-104,77";"0,0778";"0,04";9;8;16;34
3772;WIN;None;3;205;"122,97";"0,0777";"0,03";11;11;45;89
3773;WIN;None;3;76;"190,45";"0,0776";"0,01";12;9;17;34
3774;WIN;None;3;242;"45,48";"0,0776";"0,08";9;9;45;91
3775;WIN;None;3;142;"178,68";"0,0775";"0,05";13;9;12;25
3776;WIN;None;3;163;"187,56";"0,0774";"0,12";12;11;10;21
3777;WIN;None;3;57;"217,78";"0,0774";"0,07";15;10;5;10
3778;WIN;None;3;130;"97,97";"0,0773";"0,02";11;9;17;32
3779;WIN;None;3;227;"234,58";"0,0772";"0,08";14;14;21;48
3780;WIN;None;3;55;"176,92";"0,0772";"0,04";11;6;4;8
3781;WIN;None;3;86;"192,55";"0,0771";"0,05";11;8;16;30
3782;WIN;None;3;144;"136,39";"0,077";"0,06";17;13;9;20
3783;WIN;None;3;62;"173,28";"0,077";"0,06";9;5;6;12
3784;WIN;None;3;91;"215,7";"0,0769";"0,09";11;9;9;20
3785;WIN;None;3;88;"189,41";"0,0768";"0,06";10;8;7;17
3786;WIN;None;3;216;"170,4";"0,0767";"0,08";13;13;13;27
3787;WIN;None;3;164;"108,19";"0,0767";"0,07";11;10;7;16
3788;WIN;None;3;100;"190,07";"0,0766";"0,06";12;8;6;14
3789;WIN;None;3;193;"173,16";"0,0765";"0,08";13;11;10;24
3790;WIN;None;3;111;"167,45";"0,0765";"0,05";8;8;5;13
3791;DEATH;KilledByTarget;3;104;"-96,56";"0,0764";"0,07";11;9;3;11
3792;DEATH;KilledByTarget;3;14;"-96,21";"0,0763";"0,07";8;1;1;2
3793;WIN;None;3;175;"129,22";"0,0763";"0,06";15;12;11;23
3794;WIN;None;3;92;"266,03";"0,0762";"0,05";18;15;10;20
3795;WIN;None;3;91;185;"0,0761";"0,05";11;8;6;12
3796;WIN;None;3;245;"156,87";"0,0761";"0,07";10;10;11;28
3797;WIN;None;3;89;"214,49";"0,076";"0,06";10;9;6;12
3798;WIN;None;3;50;"202,97";"0,0759";"0,06";16;5;2;4
3799;WIN;None;3;108;"196,71";"0,0759";"0,03";8;8;9;18
3800;WIN;None;3;120;"166,22";"0,0758";"0,05";12;9;7;12
3801;WIN;None;3;107;"178,23";"0,0757";"0,09";8;6;9;18
3802;DEATH;KilledByTarget;3;192;"-73,22";"0,0756";"0,07";14;11;12;23
3803;DEATH;KilledByTarget;3;21;"-85,4";"0,0756";"0,05";9;4;4;7
3804;DEATH;KilledByTarget;3;36;"-97,55";"0,0755";"0,08";11;4;1;2
3805;WIN;None;3;76;"114,9";"0,0754";"0,05";8;5;2;4
3806;WIN;None;3;58;"217,91";"0,0754";"0,07";12;6;3;4
3807;WIN;None;3;212;"106,58";"0,0753";"0,04";10;10;13;30
3808;WIN;None;3;97;"215,53";"0,0752";"0,05";11;9;7;14
3809;DEATH;KilledByTarget;3;75;"-129,23";"0,0752";"0,04";15;8;6;12
3810;WIN;None;3;145;"211,47";"0,0751";"0,1";11;10;13;27
3811;WIN;None;3;105;"187,72";"0,075";"0,04";7;4;10;20
3812;WIN;None;3;154;"172,74";"0,075";"0,05";12;11;17;34
3813;WIN;None;3;30;"225,12";"0,0749";"0,03";10;4;6;12
3814;WIN;None;3;209;"138,74";"0,0748";"0,06";12;12;12;24
3815;DEATH;KilledByTarget;3;90;"-106,93";"0,0748";"0,08";8;6;4;7
3816;WIN;None;3;37;"217,08";"0,0747";"0,05";10;7;5;10
3817;WIN;None;3;221;"92,5";"0,0746";"0,05";17;15;7;15
3818;DEATH;Suicide;3;21;"-319,85";"0,0746";"0,14";14;1;1;2
3819;WIN;None;3;86;"219,95";"0,0745";"0,06";15;13;9;18
3820;WIN;None;3;101;"171,3";"0,0744";"0,09";8;7;8;16
3821;WIN;None;3;106;"218,35";"0,0744";"0,08";6;6;12;24
3822;WIN;None;3;193;"163,46";"0,0743";"0,03";12;12;21;45
3823;WIN;None;3;123;"196,11";"0,0742";"0,1";9;9;10;20
3824;WIN;None;3;350;"205,62";"0,0742";"0,05";15;15;39;80
3825;WIN;None;3;162;"182,23";"0,0741";"0,05";14;12;17;34
3826;WIN;None;3;108;"231,91";"0,074";"0,07";14;11;10;20
3827;WIN;None;3;169;"126,04";"0,074";"0,05";14;12;14;26
3828;WIN;None;3;77;"224,33";"0,0739";"0,03";13;10;6;12
3829;WIN;None;3;310;"169,77";"0,0738";"0,08";11;9;35;71
3830;WIN;None;3;99;"202,04";"0,0738";"0,06";11;5;7;16
3831;WIN;None;3;353;"200,16";"0,0737";"0,07";12;12;40;83
3832;WIN;None;3;160;"217,42";"0,0736";"0,08";14;12;18;34
3833;WIN;None;3;267;"78,23";"0,0736";"0,08";6;6;14;31
3834;WIN;None;3;143;"213,86";"0,0735";"0,08";16;14;18;39
3835;WIN;None;3;139;"219,09";"0,0734";"0,05";11;11;7;16
3836;DEATH;KilledByTarget;3;93;"-83,69";"0,0734";"0,11";14;8;5;12
3837;WIN;None;3;155;"163,97";"0,0733";"0,08";13;13;10;23
3838;WIN;None;3;111;"258,3";"0,0732";"0,08";15;14;9;19
3839;DEATH;KilledByTarget;3;47;"-78,77";"0,0732";"0,06";10;9;4;9
3840;WIN;None;3;100;"220,77";"0,0731";"0,09";10;9;6;10
3841;DEATH;KilledByTarget;3;499;"-387,56";"0,073";"0,06";6;6;30;66
3842;WIN;None;3;134;"150,49";"0,073";"0,04";11;8;7;15
3843;WIN;None;3;63;"239,56";"0,0729";"0,02";17;11;6;10
3844;WIN;None;3;31;235;"0,0728";"0,03";8;6;6;10
3845;WIN;None;3;87;"161,83";"0,0728";"0,06";12;8;4;8
3846;DEATH;KilledByTarget;3;69;"-103,56";"0,0727";"0,07";12;8;7;13
3847;WIN;None;3;94;"240,29";"0,0726";"0,04";13;10;7;15
3848;WIN;None;3;58;"234,11";"0,0726";"0,16";12;9;9;18
3849;WIN;None;3;60;"244,42";"0,0725";"0,03";12;9;7;14
3850;WIN;None;3;64;"232,49";"0,0724";"0,05";12;10;10;20
3851;WIN;None;3;192;"262,28";"0,0724";"0,07";10;10;21;44
3852;WIN;None;3;68;"246,66";"0,0723";"0,06";12;10;9;19
3853;WIN;None;3;132;"223,08";"0,0723";"0,07";12;11;13;32
3854;WIN;None;3;60;"240,52";"0,0722";"0,05";12;9;10;20
3855;WIN;None;3;78;"208,21";"0,0721";"0,05";9;8;8;16
3856;WIN;None;3;130;"199,87";"0,0721";"0,07";8;7;12;26
3857;WIN;None;3;28;"222,86";"0,072";0;13;4;3;6
3858;WIN;None;3;53;"213,61";"0,0719";"0,06";11;8;7;14
3859;WIN;None;3;114;"236,19";"0,0719";"0,06";11;10;15;30
3860;WIN;None;3;242;"181,13";"0,0718";"0,05";9;9;12;24
3861;WIN;None;3;94;"246,29";"0,0717";"0,01";12;11;7;14
3862;DEATH;KilledByTarget;3;168;"-117,79";"0,0717";"0,06";14;12;10;23
3863;WIN;None;3;69;"181,14";"0,0716";"0,06";9;5;8;16
3864;WIN;None;3;40;"198,07";"0,0715";"0,08";10;5;2;4
3865;DEATH;KilledByTarget;3;63;"-113,94";"0,0715";"0,11";11;7;5;12
3866;WIN;None;3;28;"225,01";"0,0714";"0,11";13;7;6;10
3867;DEATH;KilledByTarget;3;131;"-71,05";"0,0713";"0,04";15;15;16;33
3868;DEATH;KilledByTarget;3;229;"-119,91";"0,0713";"0,06";13;13;12;27
3869;WIN;None;3;105;"217,47";"0,0712";"0,1";13;11;11;22
3870;WIN;None;3;72;"204,28";"0,0712";"0,06";10;7;7;14
3871;WIN;None;3;37;"225,98";"0,0711";"0,05";9;2;3;8
3872;WIN;None;3;23;"209,96";"0,071";"0,09";7;3;4;8
3873;DEATH;KilledByTarget;3;89;"-77,36";"0,071";"0,03";10;6;10;22
3874;WIN;None;3;137;"141,03";"0,0709";"0,04";17;13;10;20
3875;WIN;None;3;88;"246,46";"0,0708";"0,06";14;13;15;29
3876;DEATH;KilledByTarget;3;130;"-159,93";"0,0708";"0,02";12;11;18;37
3877;DEATH;KilledByTarget;3;104;"-106,16";"0,0707";"0,05";10;9;18;37
3878;WIN;None;3;48;"241,06";"0,0706";"0,04";9;7;5;12
3879;WIN;None;3;117;"157,83";"0,0706";"0,08";9;7;9;20
3880;WIN;None;3;50;"232,87";"0,0705";"0,08";11;2;5;10
3881;WIN;None;3;104;"200,34";"0,0705";"0,11";14;13;12;24
3882;WIN;None;3;40;"210,87";"0,0704";"0,08";5;5;5;8
3883;WIN;None;3;103;"217,46";"0,0703";"0,04";16;12;12;26
3884;WIN;None;3;166;"176,3";"0,0703";"0,07";12;11;11;22
3885;WIN;None;3;172;"212,48";"0,0702";"0,05";13;11;21;43
3886;WIN;None;3;73;"233,01";"0,0701";"0,05";7;5;11;24
3887;WIN;None;3;292;"103,23";"0,0701";"0,05";14;14;40;81
3888;WIN;None;3;87;"198,33";"0,07";"0,03";9;9;6;14
3889;WIN;None;3;79;"242,24";"0,0699";"0,01";14;11;12;24
3890;WIN;None;3;123;"210,86";"0,0699";"0,09";12;10;5;11
3891;WIN;None;3;57;"245,93";"0,0698";"0,04";13;10;7;12
3892;WIN;None;3;48;"202,96";"0,0698";"0,06";8;3;3;6
3893;WIN;None;3;182;"272,13";"0,0697";"0,05";11;11;21;42
3894;DEATH;KilledByTarget;3;65;"-59,03";"0,0696";"0,05";10;10;9;19
3895;WIN;None;3;76;"224,1";"0,0696";"0,05";13;9;6;12
3896;WIN;None;3;140;"214,02";"0,0695";"0,06";11;8;12;27
3897;WIN;None;3;52;"214,78";"0,0694";"0,12";8;7;4;8
3898;DEATH;Suicide;3;6;"-304,85";"0,0694";"0,33";11;0;1;2
3899;WIN;None;3;68;"228,71";"0,0693";"0,12";13;9;6;12
3900;WIN;None;3;115;"224,97";"0,0693";"0,03";10;9;10;22
3901;WIN;None;3;45;"210,12";"0,0692";"0,11";13;6;3;6
3902;WIN;None;3;93;"256,01";"0,0691";"0,03";14;14;14;28
3903;WIN;None;3;122;"214,48";"0,0691";"0,07";11;9;8;20
3904;WIN;None;3;90;"240,22";"0,069";"0,03";14;11;6;12
3905;WIN;None;3;101;"256,4";"0,0689";"0,06";13;12;9;18
3906;WIN;None;3;117;"229,03";"0,0689";"0,06";14;14;7;14
3907;WIN;None;3;72;"198,63";"0,0688";"0,08";9;8;8;16
3908;WIN;None;3;68;"234,71";"0,0688";"0,04";11;9;7;12
3909;DEATH;KilledByTarget;3;54;"-73,31";"0,0687";0;14;10;5;12
3910;WIN;None;3;51;"226,65";"0,0686";"0,06";13;7;4;8
3911;WIN;None;3;58;"221,06";"0,0686";"0,02";13;9;7;14
3912;WIN;None;3;59;"204,14";"0,0685";"0,05";13;7;8;16
3913;DEATH;KilledByTarget;3;71;"-72,1";"0,0685";"0,08";12;10;10;23
3914;DEATH;KilledByTarget;3;99;"-85,61";"0,0684";"0,06";14;12;10;21
3915;WIN;None;3;40;"241,47";"0,0683";"0,1";15;9;8;16
3916;WIN;None;3;78;"224,66";"0,0683";"0,04";9;8;4;8
3917;WIN;None;3;468;"-20,94";"0,0682";"0,06";13;12;18;55
3918;DEATH;KilledByTarget;3;93;"-51,69";"0,0681";"0,03";11;9;8;16
3919;DEATH;KilledByTarget;3;45;"-95,63";"0,0681";"0,04";11;8;4;6
3920;WIN;None;3;50;"255,97";"0,068";"0,12";19;12;8;16
3921;DEATH;Suicide;3;4;"-304,51";"0,068";"0,25";12;0;1;2
3922;DEATH;KilledByTarget;3;173;"-160,64";"0,0679";"0,03";12;12;18;38
3923;WIN;None;3;157;"212,68";"0,0678";"0,05";14;14;17;32
3924;WIN;None;3;241;"53,85";"0,0678";"0,04";13;13;26;53
3925;WIN;None;3;202;"156,68";"0,0677";"0,04";15;15;15;32
3926;DEATH;KilledByTarget;3;89;"-77,31";"0,0677";"0,08";13;11;7;15
3927;WIN;None;3;86;"221,25";"0,0676";"0,12";9;7;8;16
3928;DEATH;KilledByTarget;3;89;"-112,01";"0,0675";"0,06";13;9;7;12
3929;WIN;None;3;51;"214,3";"0,0675";"0,02";12;6;7;12
3930;WIN;None;3;43;"228,41";"0,0674";"0,09";9;7;7;14
3931;WIN;None;3;112;"209,93";"0,0674";"0,05";9;7;8;14
3932;WIN;None;3;268;"185,51";"0,0673";"0,04";9;9;44;89
3933;WIN;None;3;131;"219,35";"0,0672";"0,04";15;9;10;21
3934;DEATH;KilledByTarget;3;75;"-88,23";"0,0672";"0,04";11;10;13;28
3935;WIN;None;3;69;"218,34";"0,0671";"0,09";16;12;8;16
3936;DEATH;KilledByTarget;3;109;"-103,71";"0,067";"0,08";11;10;8;18
3937;WIN;None;3;112;"233,18";"0,067";"0,03";11;11;8;16
3938;WIN;None;3;70;"213,82";"0,0669";"0,03";7;5;3;6
3939;WIN;None;3;133;"221,06";"0,0669";"0,05";15;14;13;26
3940;DEATH;KilledByTarget;3;153;"-94,74";"0,0668";"0,05";15;14;18;34
3941;WIN;None;3;35;"225,02";"0,0667";"0,06";9;4;4;8
3942;WIN;None;3;33;"195,51";"0,0667";"0,06";9;2;4;8
3943;WIN;None;3;89;"192,39";"0,0666";"0,07";11;8;10;21
3944;WIN;None;3;54;"231,49";"0,0666";"0,07";10;9;10;18
3945;DEATH;KilledByTarget;3;44;"-73,66";"0,0665";"0,05";8;7;8;18
3946;WIN;None;3;142;"254,38";"0,0664";"0,06";13;13;20;41
3947;WIN;None;3;100;"150,27";"0,0664";"0,07";10;8;18;36
3948;DEATH;KilledByTarget;3;169;"-153,56";"0,0663";"0,04";13;13;10;19
3949;WIN;None;3;168;"181,31";"0,0663";"0,04";17;17;33;64
3950;WIN;None;3;108;"215,91";"0,0662";"0,06";12;9;6;12
3951;WIN;None;3;108;"176,86";"0,0661";"0,04";9;7;14;29
3952;WIN;None;3;193;"180,76";"0,0661";"0,03";12;10;34;67
3953;DEATH;KilledByTarget;3;44;"-67,46";"0,066";"0,05";10;6;6;14
3954;WIN;None;3;192;"125,58";"0,066";"0,05";10;10;30;60
3955;WIN;None;3;92;"226,43";"0,0659";"0,04";13;13;14;28
3956;WIN;None;3;30;"233,22";"0,0659";"0,1";9;4;5;8
3957;WIN;None;3;40;"191,97";"0,0658";"0,08";8;4;6;12
3958;WIN;None;3;100;"225,92";"0,0657";"0,02";15;12;16;34
3959;WIN;None;3;12;"197,63";"0,0657";"0,08";4;0;2;2
3960;WIN;None;3;114;"255,94";"0,0656";"0,04";11;9;17;35
3961;DEATH;KilledByTarget;3;121;"-95,55";"0,0656";"0,07";11;11;14;29
3962;WIN;None;3;93;"204,21";"0,0655";"0,02";11;8;12;22
3963;WIN;None;3;277;"149,48";"0,0654";"0,05";9;9;44;88
3964;WIN;None;3;78;"241,16";"0,0654";"0,09";11;10;10;20
3965;WIN;None;3;70;"213,32";"0,0653";"0,1";12;9;10;20
3966;WIN;None;3;52;"247,13";"0,0653";"0,06";14;8;5;10
3967;DEATH;Suicide;3;4;"-304,51";"0,0652";0;17;0;1;2
3968;DEATH;KilledByTarget;3;32;"-87,42";"0,0651";"0,16";11;5;4;6
3969;WIN;None;3;69;"211,89";"0,0651";"0,04";12;9;11;22
3970;WIN;None;3;119;"212,94";"0,065";"0,03";17;16;14;28
3971;WIN;None;3;81;"187,3";"0,065";"0,07";11;8;10;18
3972;WIN;None;3;68;"205,51";"0,0649";"0,03";8;7;9;18
3973;WIN;None;3;116;"212,9";"0,0649";"0,08";12;11;14;28
3974;WIN;None;3;105;"264,27";"0,0648";"0,05";16;16;12;24
3975;WIN;None;3;26;"233,8";"0,0647";0;9;3;3;6
3976;WIN;None;3;170;"191,77";"0,0647";"0,07";10;10;8;19
3977;DEATH;KilledByTarget;3;26;"-96,35";"0,0646";"0,19";8;3;3;7
3978;WIN;None;3;36;"216,35";"0,0646";0;11;5;9;16
3979;WIN;None;3;184;"149,74";"0,0645";"0,05";16;15;16;35
3980;WIN;None;3;150;"191,52";"0,0644";"0,07";11;10;9;19
3981;WIN;None;3;138;"179,31";"0,0644";"0,07";12;11;15;30
3982;DEATH;KilledByTarget;3;97;"-95,42";"0,0643";"0,07";9;7;5;12
3983;DEATH;Suicide;3;5;"-304,73";"0,0643";"0,2";14;0;1;2
3984;WIN;None;3;115;"129,52";"0,0642";"0,03";10;10;20;38
3985;WIN;None;3;112;"172,13";"0,0642";"0,03";10;10;11;22
3986;WIN;None;3;80;"247,67";"0,0641";"0,05";16;14;15;29
3987;DEATH;KilledByTarget;3;96;"-112,65";"0,064";"0,06";10;8;12;24
3988;WIN;None;3;88;"198,21";"0,064";"0,01";5;5;15;31
3989;WIN;None;3;34;"243,84";"0,0639";"0,09";10;6;6;12
3990;DEATH;KilledByTarget;3;101;"-162,65";"0,0639";"0,06";18;11;12;24
3991;WIN;None;3;101;"183,25";"0,0638";"0,06";9;6;9;18
3992;WIN;None;3;150;"166,12";"0,0638";"0,08";14;12;10;18
3993;DEATH;Suicide;3;5;"-304,73";"0,0637";0;13;0;2;2
3994;DEATH;KilledByTarget;3;59;"-121,66";"0,0636";"0,05";9;8;8;15
3995;DEATH;KilledByTarget;3;77;"-88,97";"0,0636";"0,09";10;6;6;16
3996;WIN;None;3;145;"200,57";"0,0635";"0,05";16;14;11;22
3997;WIN;None;3;213;"201,01";"0,0635";"0,07";12;12;18;37
3998;WIN;None;3;82;"204,48";"0,0634";"0,06";10;8;13;26
3999;DEATH;KilledByTarget;3;36;"-75,95";"0,0634";"0,06";12;6;6;11
4000;DEATH;KilledByTarget;3;37;"-73,97";"0,0633";0;8;7;6;12
