Episode;Outcome;DeathType;Phase;Steps;TotalReward;Epsilon;ExplorationRate;WallsInitial;WallsBroken;BombsDropped;SafetyDangerSteps
1;DEATH;KilledByTarget;3;57;"-89,77";1;"0,61";11;6;10;22
2;DEATH;KilledByTarget;3;59;"-94,31";"0,9992";"0,8";11;6;7;12
3;WIN;None;3;81;"147,9";"0,9984";"0,65";11;3;15;28
4;WIN;None;3;58;"198,01";"0,9976";"0,69";11;4;9;18
5;WIN;None;3;76;"168,25";"0,9968";"0,76";8;7;9;18
6;WIN;None;3;27;"203,58";"0,996";"0,67";10;2;4;8
7;DEATH;KilledByTarget;3;75;"-126,88";"0,9952";"0,73";13;7;10;20
8;DEATH;KilledByTarget;3;74;"-113,41";"0,9944";"0,77";9;6;7;16
9;DEATH;Suicide;3;14;"-306,66";"0,9936";"0,79";11;1;1;2
10;DEATH;KilledByTarget;3;109;"-128,91";"0,9928";"0,7";15;11;15;31
11;WIN;None;3;130;"192,07";"0,992";"0,72";8;5;18;36
12;WIN;None;3;48;"199,66";"0,9912";"0,71";12;7;7;14
13;DEATH;KilledByTarget;3;73;"-118,59";"0,9904";"0,73";10;6;9;19
14;DEATH;KilledByTarget;3;164;"-145,51";"0,9896";"0,73";11;11;22;44
15;DEATH;KilledByTarget;3;213;"-214,69";"0,9889";"0,69";8;8;30;65
16;WIN;None;3;38;"219,61";"0,9881";"0,68";12;6;6;12
17;WIN;None;3;298;"108,61";"0,9873";"0,69";13;13;43;90
18;WIN;None;3;123;"146,11";"0,9865";"0,74";11;10;17;32
19;DEATH;Suicide;3;4;"-304,51";"0,9857";"0,5";11;0;2;2
20;DEATH;KilledByTarget;3;328;"-166,09";"0,9849";"0,7";10;10;43;96
21;WIN;None;3;49;"193,04";"0,9841";"0,55";11;6;10;22
22;DEATH;KilledByTarget;3;38;"-100,44";"0,9833";"0,68";10;5;5;12
23;DEATH;KilledByTarget;3;156;"-135,85";"0,9825";"0,67";9;7;23;48
24;WIN;None;3;140;"134,87";"0,9818";"0,69";9;7;20;42
25;DEATH;KilledByTarget;3;151;"-166,7";"0,981";"0,68";13;11;21;44
26;DEATH;KilledByTarget;3;133;"-178,54";"0,9802";"0,63";12;7;23;48
27;WIN;None;3;137;"155,98";"0,9794";"0,66";9;7;22;47
28;WIN;None;3;69;"167,99";"0,9786";"0,67";10;5;11;22
29;DEATH;Suicide;3;4;"-304,51";"0,9778";"0,25";11;0;1;2
30;WIN;None;3;269;"109,74";"0,9771";"0,67";14;14;40;82
31;DEATH;KilledByTarget;3;262;"-202,12";"0,9763";"0,66";16;15;44;87
32;DEATH;Suicide;3;13;"-306,09";"0,9755";"0,85";14;1;2;2
33;DEATH;KilledByTarget;3;122;"-157,12";"0,9747";"0,71";7;5;16;32
34;DEATH;Suicide;3;12;"-305,97";"0,9739";"0,83";13;0;1;2
35;WIN;None;3;120;"154,62";"0,9732";"0,68";14;9;18;36
36;WIN;None;3;238;"114,21";"0,9724";"0,68";11;11;35;74
37;WIN;None;3;205;"117,27";"0,9716";"0,66";15;14;32;64
38;WIN;None;3;86;"156,6";"0,9708";"0,66";11;5;14;28
39;DEATH;KilledByTarget;3;26;"-120,35";"0,97";"0,65";10;3;4;9
40;DEATH;KilledByTarget;3;202;"-175,42";"0,9693";"0,66";9;8;29;60
41;DEATH;Suicide;3;4;"-304,51";"0,9685";"0,5";11;0;1;2
42;WIN;None;3;115;"168,17";"0,9677";"0,63";11;9;21;40
43;DEATH;KilledByTarget;3;133;"-145,89";"0,9669";"0,69";13;11;20;41
44;DEATH;Suicide;3;10;"-305,63";"0,9662";"0,7";11;1;1;2
45;WIN;None;3;199;"75,49";"0,9654";"0,63";9;7;33;66
46;WIN;None;3;151;"204,2";"0,9646";"0,7";12;11;21;41
47;WIN;None;3;212;"159,78";"0,9639";"0,69";12;12;26;55
48;DEATH;KilledByTarget;3;112;"-123,22";"0,9631";"0,7";14;11;15;31
49;WIN;None;3;207;"55,43";"0,9623";"0,62";9;9;37;74
50;WIN;None;3;137;"153,48";"0,9615";"0,66";16;12;21;43
51;DEATH;KilledByTarget;3;197;"-163,97";"0,9608";"0,74";11;11;22;45
52;WIN;None;3;67;"190,68";"0,96";"0,72";14;9;8;16
53;DEATH;KilledByTarget;3;57;"-110,02";"0,9592";"0,72";11;6;7;15
54;DEATH;KilledByTarget;3;170;"-175,13";"0,9585";"0,69";14;12;24;48
55;WIN;None;3;74;"149,29";"0,9577";"0,64";11;7;13;27
56;DEATH;KilledByTarget;3;153;"-87,99";"0,9569";"0,66";14;10;21;46
57;DEATH;KilledByTarget;3;196;-92;"0,9562";"0,76";13;13;19;40
58;WIN;None;3;181;"115,75";"0,9554";"0,71";13;10;22;47
59;DEATH;Suicide;3;4;"-304,51";"0,9546";"0,5";8;0;2;2
60;DEATH;Suicide;3;4;"-304,51";"0,9539";"0,5";8;0;1;2
61;DEATH;KilledByTarget;3;134;"-194,31";"0,9531";"0,62";12;9;22;45
62;WIN;None;3;131;"187,7";"0,9524";"0,63";5;4;21;43
63;DEATH;KilledByTarget;3;187;"-143,22";"0,9516";"0,67";11;9;24;51
64;WIN;None;3;125;"168,52";"0,9508";"0,73";10;10;15;30
65;DEATH;KilledByTarget;3;143;"-190,44";"0,9501";"0,62";11;10;26;52
66;WIN;None;3;96;"169,05";"0,9493";"0,66";12;9;14;28
67;DEATH;KilledByTarget;3;297;"-271,02";"0,9485";"0,63";14;14;46;93
68;WIN;None;3;129;"157,29";"0,9478";"0,73";11;10;16;30
69;WIN;None;3;183;"107,51";"0,947";"0,68";10;10;23;48
70;WIN;None;3;168;"102,16";"0,9463";"0,64";10;10;24;46
71;WIN;None;3;324;"15,39";"0,9455";"0,64";12;12;50;102
72;WIN;None;3;247;"155,13";"0,9448";"0,68";13;13;36;71
73;WIN;None;3;201;"125,55";"0,944";"0,65";11;11;33;67
74;WIN;None;3;394;"-45,96";"0,9432";"0,67";11;11;61;122
75;WIN;None;3;133;"174,26";"0,9425";"0,71";10;8;18;38
76;WIN;None;3;107;"164,38";"0,9417";"0,63";12;8;16;32
77;WIN;None;3;52;"220,73";"0,941";"0,63";14;9;8;16
78;WIN;None;3;122;"174,18";"0,9402";"0,69";8;8;16;31
79;WIN;None;3;161;"124,1";"0,9395";"0,65";11;10;26;52
80;WIN;None;3;124;"154,29";"0,9387";"0,63";11;11;20;40
81;WIN;None;3;285;"86,57";"0,938";"0,65";9;9;43;84
82;DEATH;KilledByTarget;3;127;"-146,27";"0,9372";"0,69";10;8;17;36
83;WIN;None;3;114;"188,89";"0,9365";"0,74";11;11;14;27
84;WIN;None;3;183;"153,06";"0,9357";"0,69";13;13;23;46
85;WIN;None;3;118;"177,41";"0,935";"0,66";11;10;16;33
86;WIN;None;3;79;"176,94";"0,9342";"0,61";10;6;11;24
87;WIN;None;3;148;"149,21";"0,9335";"0,6";11;10;24;49
88;DEATH;Suicide;3;4;"-304,51";"0,9327";"0,5";13;0;1;2
89;DEATH;KilledByTarget;3;256;"-234,05";"0,932";"0,65";11;11;37;76
90;WIN;None;3;312;"3,68";"0,9312";"0,65";12;12;49;97
91;DEATH;KilledByTarget;3;159;"-179,76";"0,9305";"0,65";14;10;25;50
92;WIN;None;3;126;"150,5";"0,9298";"0,63";8;5;18;40
93;WIN;None;3;136;"168,85";"0,929";"0,71";11;11;16;32
94;WIN;None;3;59;"208,89";"0,9283";"0,64";10;6;9;18
95;DEATH;KilledByTarget;3;78;"-114,29";"0,9275";"0,62";12;8;12;26
96;WIN;None;3;27;"213,53";"0,9268";"0,63";7;3;4;8
97;DEATH;KilledByTarget;3;125;"-145,53";"0,926";"0,58";13;11;23;44
98;WIN;None;3;89;"221,04";"0,9253";"0,66";12;11;12;24
99;WIN;None;3;28;"207,26";"0,9246";"0,79";6;1;3;6
100;WIN;None;3;54;"190,24";"0,9238";"0,63";9;4;8;18
101;WIN;None;3;59;"173,79";"0,9231";"0,61";13;7;11;20
102;WIN;None;3;124;"132,29";"0,9223";"0,57";10;8;24;47
103;DEATH;Suicide;3;4;"-304,51";"0,9216";"0,5";16;0;1;2
104;WIN;None;3;114;"190,04";"0,9209";"0,63";11;11;18;34
105;DEATH;KilledByTarget;3;124;"-132,46";"0,9201";"0,71";11;7;13;30
106;DEATH;Suicide;3;4;"-304,51";"0,9194";"0,5";12;0;2;2
107;WIN;None;3;255;"107,67";"0,9187";"0,62";15;15;41;82
108;WIN;None;3;95;"185,72";"0,9179";"0,71";15;11;15;28
109;WIN;None;3;54;"209,04";"0,9172";"0,67";11;7;8;16
110;WIN;None;3;76;"170,9";"0,9165";"0,62";10;5;10;20
111;WIN;None;3;75;"228,52";"0,9157";"0,67";10;7;11;22
112;DEATH;KilledByTarget;3;82;"-131,22";"0,915";"0,68";12;10;11;22
113;DEATH;KilledByTarget;3;100;"-61,43";"0,9143";"0,64";12;10;12;27
114;DEATH;KilledByTarget;3;65;"-95,88";"0,9135";"0,62";11;7;10;22
115;WIN;None;3;228;"100,71";"0,9128";"0,7";11;11;25;52
116;DEATH;KilledByTarget;3;49;"-77,26";"0,9121";"0,71";11;6;4;11
117;WIN;None;3;125;"151,37";"0,9113";"0,68";13;10;16;32
118;DEATH;KilledByTarget;3;240;"-180,83";"0,9106";"0,65";15;14;32;72
119;DEATH;KilledByTarget;3;291;"-136,4";"0,9099";"0,63";10;10;43;90
120;WIN;None;3;103;"176,76";"0,9092";"0,61";11;10;18;36
121;WIN;None;3;196;"150,3";"0,9084";"0,62";12;11;32;65
122;DEATH;KilledByTarget;3;193;"-151,44";"0,9077";"0,68";10;9;22;48
123;DEATH;KilledByTarget;3;240;"-205,73";"0,907";"0,61";11;11;38;79
124;WIN;None;3;120;"181,12";"0,9062";"0,73";14;8;14;28
125;WIN;None;3;318;"125,96";"0,9055";"0,64";13;13;41;88
126;DEATH;Suicide;3;5;"-304,73";"0,9048";"0,6";14;0;1;2
127;DEATH;KilledByTarget;3;46;"-103,95";"0,9041";"0,61";10;4;7;12
128;WIN;None;3;57;"194,43";"0,9034";"0,51";10;6;10;20
129;DEATH;KilledByTarget;3;42;"-107,42";"0,9026";"0,67";15;7;5;10
130;WIN;None;3;354;"103,19";"0,9019";"0,64";13;13;50;102
131;WIN;None;3;20;"212,77";"0,9012";"0,6";7;0;3;4
132;DEATH;Suicide;3;19;"-307,41";"0,9005";"0,84";17;2;2;2
133;WIN;None;3;28;"215,06";"0,8997";"0,57";10;5;5;10
134;DEATH;KilledByTarget;3;170;"-164,13";"0,899";"0,61";15;12;30;62
135;WIN;None;3;146;"146,8";"0,8983";"0,71";11;10;15;30
136;WIN;None;3;199;"89,24";"0,8976";"0,62";12;12;31;63
137;DEATH;KilledByTarget;3;178;"-161,94";"0,8969";"0,69";10;10;23;50
138;DEATH;Suicide;3;6;"-304,85";"0,8962";"0,67";15;0;1;2
139;WIN;None;3;409;"58,79";"0,8954";"0,65";9;9;57;124
140;WIN;None;3;93;"177,06";"0,8947";"0,68";12;8;11;23
141;DEATH;KilledByTarget;3;37;"-78,67";"0,894";"0,62";13;4;5;12
142;DEATH;KilledByTarget;3;180;"-167,63";"0,8933";"0,66";14;10;24;47
143;DEATH;KilledByTarget;3;98;"-160,44";"0,8926";"0,56";11;7;16;33
144;WIN;None;3;39;"199,64";"0,8919";"0,62";11;4;7;14
145;WIN;None;3;153;"204,31";"0,8911";"0,69";15;12;15;34
146;WIN;None;3;134;"130,84";"0,8904";"0,62";13;11;20;40
147;WIN;None;3;42;"182,63";"0,8897";"0,57";12;4;7;16
148;DEATH;Suicide;3;6;"-304,85";"0,889";"0,67";13;0;1;2
149;DEATH;KilledByTarget;3;138;"-150,54";"0,8883";"0,58";12;11;20;42
150;WIN;None;3;57;"195,48";"0,8876";"0,61";12;7;7;14
151;WIN;None;3;62;"203,68";"0,8869";"0,61";11;5;11;20
152;WIN;None;3;161;"193,8";"0,8862";"0,65";12;12;20;40
153;DEATH;KilledByTarget;3;190;"-138,83";"0,8855";"0,63";15;12;24;50
154;WIN;None;3;139;"148,39";"0,8847";"0,59";11;11;22;44
155;DEATH;KilledByTarget;3;307;"-206,92";"0,884";"0,65";13;13;42;84
156;WIN;None;3;70;"174,92";"0,8833";"0,63";10;5;10;18
157;DEATH;Suicide;3;4;"-304,51";"0,8826";"0,5";11;0;1;2
158;DEATH;KilledByTarget;3;99;"-144,76";"0,8819";"0,59";14;9;16;32
159;DEATH;KilledByTarget;3;115;"-141,78";"0,8812";"0,65";11;10;17;34
160;DEATH;KilledByTarget;3;59;"-115,91";"0,8805";"0,51";9;7;10;20
161;DEATH;KilledByTarget;3;76;"-131,7";"0,8798";"0,63";10;3;8;20
162;DEATH;KilledByTarget;3;132;"-118,67";"0,8791";"0,64";10;7;17;38
163;WIN;None;3;105;"231,07";"0,8784";"0,62";15;10;15;28
164;WIN;None;3;88;"178,31";"0,8777";"0,66";12;7;11;22
165;WIN;None;3;308;"23,46";"0,877";"0,62";11;11;42;87
166;WIN;None;3;115;"187,02";"0,8763";"0,64";11;9;15;31
167;DEATH;KilledByTarget;3;277;"-247,02";"0,8756";"0,62";8;8;36;83
168;DEATH;KilledByTarget;3;124;"-147,71";"0,8749";"0,6";10;9;19;38
169;WIN;None;3;90;"184,72";"0,8742";"0,63";9;8;12;25
170;DEATH;Suicide;3;4;"-304,51";"0,8735";"0,5";9;0;2;2
171;WIN;None;3;68;"167,86";"0,8728";"0,62";10;8;11;22
172;DEATH;KilledByTarget;3;162;"-121,77";"0,8721";"0,54";13;11;27;56
173;DEATH;Suicide;3;14;"-306,41";"0,8714";"0,79";14;1;2;2
174;WIN;None;3;200;"75,07";"0,8707";"0,61";13;10;30;61
175;DEATH;KilledByTarget;3;73;"-124,94";"0,87";"0,63";8;6;8;20
176;WIN;None;3;277;"108,68";"0,8693";"0,63";15;15;37;75
177;WIN;None;3;258;"130,11";"0,8686";"0,62";9;7;37;76
178;WIN;None;3;175;"132,62";"0,8679";"0,65";11;10;20;42
179;WIN;None;3;35;"204,02";"0,8672";"0,63";13;5;5;10
180;DEATH;KilledByTarget;3;38;"-116,44";"0,8665";"0,66";8;3;5;12
181;WIN;None;3;66;"169,85";"0,8658";"0,61";7;3;10;20
182;WIN;None;3;240;"89,22";"0,8651";"0,6";13;13;35;72
183;WIN;None;3;116;"210,9";"0,8645";"0,63";13;11;12;24
184;WIN;None;3;101;"206,45";"0,8638";"0,65";15;12;13;26
185;WIN;None;3;144;"152,59";"0,8631";"0,63";12;11;20;40
186;WIN;None;3;95;"207,02";"0,8624";"0,62";9;7;14;29
187;WIN;None;3;124;"168,74";"0,8617";"0,64";11;10;19;37
188;WIN;None;3;185;"149,12";"0,861";"0,59";15;15;27;57
189;DEATH;KilledByTarget;3;80;"-121,58";"0,8603";"0,56";11;7;12;26
190;WIN;None;3;94;"181,79";"0,8596";"0,67";10;9;12;24
191;WIN;None;3;130;"184,12";"0,8589";"0,58";13;13;17;36
192;DEATH;KilledByTarget;3;62;"-106,67";"0,8582";"0,58";10;5;10;21
193;WIN;None;3;79;"167,74";"0,8576";"0,61";13;9;10;20
194;DEATH;KilledByTarget;3;82;"-130,07";"0,8569";"0,66";13;7;11;21
195;WIN;None;3;302;"187,48";"0,8562";"0,62";8;7;34;81
196;DEATH;KilledByTarget;3;315;"-203,93";"0,8555";"0,63";15;15;40;84
197;WIN;None;3;68;"204,41";"0,8548";"0,72";11;4;7;14
198;WIN;None;3;28;"207,26";"0,8541";"0,68";13;4;3;6
199;WIN;None;3;142;"187,78";"0,8535";"0,6";9;7;22;44
200;DEATH;Suicide;3;5;"-304,73";"0,8528";"0,6";13;0;1;2
201;WIN;None;3;81;"211,65";"0,8521";"0,65";14;10;11;24
202;DEATH;KilledByTarget;3;186;"-157,8";"0,8514";"0,62";9;9;28;58
203;WIN;None;3;35;"215,92";"0,8507";"0,66";11;5;3;6
204;WIN;None;3;289;"172,24";"0,85";"0,64";15;13;30;70
205;DEATH;KilledByTarget;3;86;"-137,25";"0,8494";"0,67";7;5;10;19
206;DEATH;KilledByTarget;3;265;"-186,08";"0,8487";"0,6";13;12;38;77
207;WIN;None;3;29;"212,59";"0,848";"0,59";10;4;5;8
208;WIN;None;3;176;"148,4";"0,8473";"0,61";13;11;28;55
209;WIN;None;3;110;"182,72";"0,8466";"0,64";12;11;12;27
210;WIN;None;3;90;"197,52";"0,846";"0,67";16;12;10;20
211;WIN;None;3;454;"58,79";"0,8453";"0,66";8;7;46;107
212;WIN;None;3;107;"173,33";"0,8446";"0,65";11;8;12;24
213;DEATH;Suicide;3;6;"-304,85";"0,8439";"0,5";11;0;2;2
214;WIN;None;3;125;"144,02";"0,8433";"0,58";10;8;18;39
215;WIN;None;3;66;"222,85";"0,8426";"0,62";13;7;9;18
216;DEATH;Suicide;3;9;"-305,51";"0,8419";"0,56";13;1;1;2
217;DEATH;KilledByTarget;3;152;"-131,12";"0,8412";"0,64";12;12;17;35
218;WIN;None;3;94;"159,09";"0,8406";"0,61";11;9;13;26
219;WIN;None;3;90;"231,47";"0,8399";"0,68";15;11;9;16
220;DEATH;Suicide;3;4;"-304,51";"0,8392";"0,5";13;0;1;2
221;WIN;None;3;139;"153,24";"0,8386";"0,58";10;8;21;43
222;DEATH;KilledByTarget;3;103;"-104,59";"0,8379";"0,59";8;7;13;28
223;DEATH;Suicide;3;4;"-304,51";"0,8372";"0,5";13;0;2;2
224;WIN;None;3;53;"176,61";"0,8365";"0,66";6;2;7;14
225;WIN;None;3;184;"183,39";"0,8359";"0,59";14;13;24;49
226;WIN;None;3;223;"118,31";"0,8352";"0,58";12;11;33;66
227;DEATH;KilledByTarget;3;94;"-137,56";"0,8345";"0,57";12;7;10;20
228;WIN;None;3;59;"181,49";"0,8339";"0,58";12;6;9;17
229;WIN;None;3;284;"141,79";"0,8332";"0,59";9;9;38;77
230;WIN;None;3;217;"100,18";"0,8325";"0,59";17;16;28;57
231;WIN;None;3;227;"119,08";"0,8319";"0,62";6;6;32;65
232;DEATH;Suicide;3;4;"-304,51";"0,8312";"0,5";13;0;2;2
233;WIN;None;3;72;"177,83";"0,8305";"0,56";9;6;11;22
234;DEATH;KilledByTarget;3;120;"-148,93";"0,8299";"0,59";11;9;17;36
235;DEATH;KilledByTarget;3;186;"-174,5";"0,8292";"0,57";12;10;25;54
236;WIN;None;3;79;"191,74";"0,8285";"0,66";8;8;9;16
237;WIN;None;3;194;"151,84";"0,8279";"0,6";10;10;24;50
238;WIN;None;3;68;"192,06";"0,8272";"0,59";11;6;11;22
239;WIN;None;3;320;"110,77";"0,8266";"0,57";17;17;45;95
240;DEATH;KilledByTarget;3;104;"-77,46";"0,8259";"0,63";8;8;13;27
241;DEATH;Suicide;3;14;"-306,31";"0,8252";"0,64";9;1;1;2
242;DEATH;KilledByTarget;3;59;"-92,61";"0,8246";"0,58";11;7;8;18
243;WIN;None;3;207;"87,78";"0,8239";"0,6";13;10;33;64
244;DEATH;KilledByTarget;3;182;"-72,57";"0,8233";"0,58";14;13;23;51
245;WIN;None;3;37;"193,33";"0,8226";"0,57";9;3;6;10
246;WIN;None;3;141;"159,25";"0,8219";"0,62";9;9;16;32
247;DEATH;KilledByTarget;3;141;"-170,6";"0,8213";"0,57";11;9;22;45
248;WIN;None;3;91;"196,95";"0,8206";"0,58";12;10;14;26
249;DEATH;KilledByTarget;3;41;"-98,15";"0,82";"0,63";13;6;4;8
250;WIN;None;3;245;"84,92";"0,8193";"0,61";8;8;32;66
251;WIN;None;3;104;"171,34";"0,8187";"0,67";12;10;12;24
252;WIN;None;3;142;"150,23";"0,818";"0,67";10;9;15;32
253;WIN;None;3;119;"173,34";"0,8174";"0,66";15;12;15;30
254;WIN;None;3;117;"193,53";"0,8167";"0,56";14;11;15;30
255;WIN;None;3;132;"169,68";"0,816";"0,62";11;9;16;32
256;WIN;None;3;39;"221,24";"0,8154";"0,74";7;4;4;8
257;WIN;None;3;86;"188,05";"0,8147";"0,58";7;4;10;20
258;DEATH;Suicide;3;12;"-305,97";"0,8141";"0,67";12;0;1;2
259;WIN;None;3;112;"187,93";"0,8134";"0,63";12;10;14;30
260;DEATH;KilledByTarget;3;60;"-114,53";"0,8128";"0,67";9;4;6;13
261;WIN;None;3;531;"-21,3";"0,8121";"0,59";9;9;69;144
262;WIN;None;3;166;"187,75";"0,8115";"0,67";9;8;16;34
263;WIN;None;3;80;"145,87";"0,8108";"0,54";7;1;12;24
264;WIN;None;3;130;"138,17";"0,8102";"0,62";13;10;15;35
265;DEATH;Suicide;3;4;"-304,51";"0,8095";"0,5";17;0;1;2
266;DEATH;KilledByTarget;3;80;"-130,33";"0,8089";"0,6";11;3;10;22
267;DEATH;KilledByTarget;3;98;"-149,04";"0,8082";"0,59";13;9;13;28
268;DEATH;KilledByTarget;3;121;-145;"0,8076";"0,6";12;9;17;34
269;WIN;None;3;218;"146,76";"0,807";"0,61";14;12;21;46
270;WIN;None;3;186;"162,25";"0,8063";"0,58";9;9;23;50
271;DEATH;Suicide;3;12;"-305,97";"0,8057";"0,75";9;1;1;2
272;DEATH;KilledByTarget;3;150;"-162,08";"0,805";"0,65";11;10;12;27
273;WIN;None;3;102;"185,18";"0,8044";"0,63";14;13;11;23
274;DEATH;KilledByTarget;3;117;"-136,87";"0,8037";"0,58";11;8;18;38
275;WIN;None;3;86;"192,35";"0,8031";"0,57";15;9;9;19
276;WIN;None;3;60;"187,57";"0,8024";"0,58";13;7;8;18
277;DEATH;Suicide;3;17;"-307,07";"0,8018";"0,82";12;2;2;2
278;WIN;None;3;106;"175,2";"0,8012";"0,64";10;7;11;24
279;WIN;None;3;108;"194,11";"0,8005";"0,62";10;7;11;25
280;DEATH;Suicide;3;9;"-305,41";"0,7999";"0,78";15;0;1;2
281;WIN;None;3;197;"96,33";"0,7992";"0,59";8;8;30;60
282;WIN;None;3;168;"145,86";"0,7986";"0,53";8;5;26;52
283;WIN;None;3;134;"170,49";"0,798";"0,67";13;13;16;32
284;DEATH;Suicide;3;4;"-304,51";"0,7973";"0,5";14;0;1;2
285;WIN;None;3;93;"214,06";"0,7967";"0,59";11;10;12;24
286;WIN;None;3;91;"193,55";"0,796";"0,63";10;6;10;20
287;DEATH;KilledByTarget;3;58;"-115,79";"0,7954";"0,55";14;6;10;20
288;DEATH;KilledByTarget;3;128;"-162,19";"0,7948";"0,59";9;9;20;41
289;DEATH;KilledByTarget;3;67;"-104,02";"0,7941";"0,61";12;10;9;19
290;WIN;None;3;211;"203,25";"0,7935";"0,58";17;15;27;56
291;DEATH;KilledByTarget;3;217;"-190,47";"0,7929";"0,57";7;7;22;48
292;DEATH;KilledByTarget;3;57;"-106,37";"0,7922";"0,54";8;6;8;16
293;WIN;None;3;152;"185,48";"0,7916";"0,63";6;6;16;35
294;DEATH;KilledByTarget;3;504;"-325,96";"0,791";"0,6";15;15;61;126
295;DEATH;KilledByTarget;3;45;"-105,88";"0,7903";"0,51";13;5;7;15
296;WIN;None;3;40;"210,02";"0,7897";"0,58";11;4;6;12
297;WIN;None;3;452;"20,78";"0,7891";"0,58";14;14;57;113
298;WIN;None;3;67;"181,83";"0,7884";"0,6";9;6;10;18
299;WIN;None;3;36;"221,8";"0,7878";"0,56";12;5;4;8
300;WIN;None;3;298;"53,91";"0,7872";"0,58";10;10;39;78
301;DEATH;KilledByTarget;3;65;"-99,78";"0,7865";"0,65";12;7;8;15
302;DEATH;KilledByTarget;3;344;"-213,61";"0,7859";"0,58";14;14;39;80
303;DEATH;KilledByTarget;3;83;"-102,79";"0,7853";"0,58";11;7;7;15
304;DEATH;KilledByTarget;3;61;"-118,85";"0,7847";"0,56";10;3;7;15
305;WIN;None;3;98;"154,21";"0,784";"0,58";9;8;15;30
306;WIN;None;3;100;"167,77";"0,7834";"0,56";13;8;13;26
307;WIN;None;3;217;"84,48";"0,7828";"0,56";9;6;31;63
308;WIN;None;3;227;"97,78";"0,7822";"0,56";12;11;30;60
309;DEATH;Suicide;3;8;"-305,29";"0,7815";"0,63";13;0;1;2
310;WIN;None;3;141;168;"0,7809";"0,62";13;9;14;32
311;WIN;None;3;143;"159,21";"0,7803";"0,49";14;13;25;50
312;DEATH;KilledByTarget;3;53;"-101,29";"0,7797";"0,62";13;7;4;7
313;DEATH;KilledByTarget;3;226;"-171,95";"0,779";"0,57";14;13;25;55
314;WIN;None;3;132;"234,58";"0,7784";"0,58";8;7;18;37
315;DEATH;Suicide;3;4;"-304,51";"0,7778";"0,5";12;0;1;2
316;WIN;None;3;65;"180,67";"0,7772";"0,6";11;5;8;16
317;WIN;None;3;137;"185,13";"0,7765";"0,53";11;10;17;34
318;WIN;None;3;87;"186,68";"0,7759";"0,55";11;9;14;29
319;DEATH;KilledByTarget;3;185;"-171,08";"0,7753";"0,61";10;9;21;44
320;WIN;None;3;151;"183,3";"0,7747";"0,59";9;8;16;33
321;WIN;None;3;231;"145,85";"0,7741";"0,58";15;12;29;58
322;WIN;None;3;84;"171,24";"0,7734";"0,54";12;9;13;24
323;WIN;None;3;517;"-18,77";"0,7728";"0,56";12;12;61;132
324;WIN;None;3;130;"173,12";"0,7722";"0,56";9;8;18;36
325;WIN;None;3;140;"151,17";"0,7716";"0,59";14;13;22;44
326;DEATH;KilledByTarget;3;108;"-135,09";"0,771";"0,69";11;4;9;18
327;DEATH;KilledByTarget;3;33;"-129,34";"0,7704";"0,55";9;3;6;12
328;WIN;None;3;121;"207,1";"0,7697";"0,59";12;10;15;28
329;WIN;None;3;58;"192,16";"0,7691";"0,6";9;6;9;18
330;WIN;None;3;37;"201,33";"0,7685";"0,57";9;4;4;8
331;WIN;None;3;72;"208,03";"0,7679";"0,53";9;9;11;22
332;DEATH;KilledByTarget;3;222;"-206,52";"0,7673";"0,61";11;10;29;60
333;DEATH;KilledByTarget;3;104;"-136,91";"0,7667";"0,61";14;11;13;27
334;DEATH;Suicide;3;6;"-304,85";"0,766";"0,5";14;0;1;2
335;DEATH;KilledByTarget;3;95;"-112,88";"0,7654";"0,64";12;11;13;27
336;WIN;None;3;274;"108,99";"0,7648";"0,56";11;11;41;86
337;DEATH;KilledByTarget;3;44;"-113,56";"0,7642";"0,64";10;5;4;8
338;WIN;None;3;207;"120,48";"0,7636";"0,56";7;7;32;66
339;DEATH;KilledByTarget;3;128;"-132,04";"0,763";"0,59";9;7;18;37
340;WIN;None;3;76;"231,05";"0,7624";"0,53";11;9;11;22
341;WIN;None;3;86;"210,2";"0,7618";"0,55";14;11;12;26
342;WIN;None;3;65;"212,12";"0,7612";"0,6";13;9;9;18
343;DEATH;Suicide;3;5;"-304,73";"0,7605";"0,4";13;0;1;2
344;WIN;None;3;191;"167,75";"0,7599";"0,57";11;11;22;44
345;WIN;None;3;470;"-37,68";"0,7593";"0,53";11;11;74;151
346;WIN;None;3;51;"195,1";"0,7587";"0,67";16;6;5;10
347;DEATH;KilledByTarget;3;26;"-74,3";"0,7581";"0,5";11;7;4;8
348;WIN;None;3;209;"183,94";"0,7575";"0,5";11;11;30;60
349;WIN;None;3;126;"152,85";"0,7569";"0,56";8;8;20;40
350;WIN;None;3;59;"209,14";"0,7563";"0,47";8;6;9;18
351;WIN;None;3;268;"96,36";"0,7557";"0,53";9;9;33;65
352;DEATH;Suicide;3;5;"-304,73";"0,7551";"0,6";11;0;1;2
353;DEATH;Suicide;3;4;"-304,51";"0,7545";"0,25";13;0;1;2
354;WIN;None;3;203;"173,06";"0,7539";"0,58";13;11;23;47
355;WIN;None;3;111;"163,8";"0,7533";"0,53";11;9;11;23
356;WIN;None;3;175;"181,42";"0,7527";"0,55";13;13;20;41
357;WIN;None;3;99;"169,44";"0,7521";"0,53";10;6;13;28
358;WIN;None;3;121;"147,1";"0,7515";"0,56";12;11;18;38
359;WIN;None;3;120;"212,37";"0,7509";"0,58";12;9;12;32
360;DEATH;KilledByTarget;3;221;"-196,6";"0,7503";"0,56";12;12;29;64
361;WIN;None;3;178;"156,66";"0,7497";"0,58";15;15;22;45
362;WIN;None;3;268;"88,11";"0,7491";"0,54";14;13;35;73
363;WIN;None;3;255;"140,17";"0,7485";"0,62";14;14;30;61
364;WIN;None;3;198;"158,36";"0,7479";"0,61";12;12;20;41
365;WIN;None;3;179;"160,84";"0,7473";"0,57";14;9;20;42
366;WIN;None;3;328;"115,76";"0,7467";"0,61";14;14;40;89
367;WIN;None;3;164;"184,59";"0,7461";"0,55";15;14;17;38
368;WIN;None;3;102;"170,73";"0,7455";"0,53";8;7;12;24
369;WIN;None;3;91;"188,65";"0,7449";"0,6";10;5;10;20
370;DEATH;KilledByTarget;3;216;"-143,05";"0,7443";"0,61";8;8;21;46
371;DEATH;KilledByTarget;3;51;"-108,75";"0,7437";"0,61";11;6;4;11
372;DEATH;KilledByTarget;3;167;"-123,27";"0,7431";"0,58";13;9;12;32
373;WIN;None;3;271;"104,7";"0,7425";"0,6";11;11;31;62
374;WIN;None;3;181;"157,6";"0,7419";"0,58";11;10;20;40
375;WIN;None;3;120;"202,42";"0,7413";"0,54";9;8;13;31
376;DEATH;KilledByTarget;3;146;"-137,9";"0,7407";"0,55";12;12;18;36
377;WIN;None;3;172;"193,38";"0,7401";"0,6";16;14;22;42
378;WIN;None;3;137;"173,13";"0,7395";"0,51";13;11;23;46
379;WIN;None;3;161;"156,8";"0,7389";"0,6";11;10;22;42
380;WIN;None;3;39;"199,54";"0,7384";"0,67";13;5;6;12
381;DEATH;KilledByTarget;3;138;"-136,94";"0,7378";"0,52";11;11;21;45
382;WIN;None;3;24;"210,19";"0,7372";"0,33";10;4;5;10
383;WIN;None;3;120;"209,17";"0,7366";"0,5";11;9;13;28
384;WIN;None;3;204;"125,29";"0,736";"0,53";13;9;28;57
385;WIN;None;3;177;"153,88";"0,7354";"0,61";11;8;19;39
386;WIN;None;3;146;"170,55";"0,7348";"0,51";7;7;21;44
387;WIN;None;3;82;"183,73";"0,7342";"0,63";11;6;9;18
388;DEATH;KilledByTarget;3;174;"-159,91";"0,7336";"0,52";11;10;18;38
389;DEATH;KilledByTarget;3;89;"-133,06";"0,7331";"0,57";14;9;9;19
390;DEATH;KilledByTarget;3;20;"-97,48";"0,7325";"0,6";11;1;2;5
391;WIN;None;3;50;"199,57";"0,7319";"0,44";11;3;9;18
392;DEATH;KilledByTarget;3;146;"-140,55";"0,7313";"0,57";8;7;18;37
393;WIN;None;3;106;"185,7";"0,7307";"0,52";8;8;14;28
394;WIN;None;3;131;"141,15";"0,7301";"0,56";13;10;21;40
395;WIN;None;3;320;"110,42";"0,7295";"0,54";11;11;42;89
396;DEATH;Suicide;3;6;"-304,85";"0,729";"0,33";15;0;1;2
397;DEATH;Suicide;3;4;"-304,51";"0,7284";"0,5";15;0;2;2
398;DEATH;KilledByTarget;3;123;"-164,39";"0,7278";"0,55";8;8;13;27
399;WIN;None;3;92;"205,93";"0,7272";"0,52";11;9;14;28
400;WIN;None;3;135;"186,97";"0,7266";"0,56";15;13;13;26
401;DEATH;KilledByTarget;3;170;"-162,48";"0,7261";"0,46";12;11;23;50
402;DEATH;KilledByTarget;3;66;"-82,25";"0,7255";"0,52";12;6;9;17
403;DEATH;KilledByTarget;3;128;"-145,09";"0,7249";"0,54";11;10;20;40
404;WIN;None;3;74;"228,84";"0,7243";"0,53";13;7;9;16
405;DEATH;KilledByTarget;3;172;"-136,52";"0,7237";"0,58";12;11;22;47
406;DEATH;KilledByTarget;3;316;"-180,1";"0,7232";"0,51";12;11;38;79
407;WIN;None;3;85;"199,62";"0,7226";"0,49";12;11;12;24
408;WIN;None;3;53;"178,76";"0,722";"0,49";11;5;10;20
409;WIN;None;3;61;"201,6";"0,7214";"0,59";8;7;9;16
410;WIN;None;3;110;"196,52";"0,7208";"0,52";10;10;11;22
411;WIN;None;3;91;"229,95";"0,7203";"0,55";11;10;11;22
412;WIN;None;3;116;"179,4";"0,7197";"0,53";9;7;11;22
413;WIN;None;3;72;"203,68";"0,7191";"0,6";10;3;8;17
414;DEATH;KilledByTarget;3;397;"-276,47";"0,7185";"0,56";8;8;45;97
415;DEATH;KilledByTarget;3;80;"-117,48";"0,718";"0,56";14;6;11;23
416;WIN;None;3;194;"174,29";"0,7174";"0,49";16;14;28;57
417;WIN;None;3;163;"157,76";"0,7168";"0,53";13;12;21;41
418;DEATH;KilledByTarget;3;95;"-87,23";"0,7162";"0,61";14;11;10;21
419;DEATH;KilledByTarget;3;57;"-117,77";"0,7157";"0,61";11;6;5;10
420;WIN;None;3;214;"84,14";"0,7151";"0,48";10;9;31;63
421;DEATH;Suicide;3;11;"-305,85";"0,7145";"0,64";13;0;1;2
422;WIN;None;3;193;"127,81";"0,714";"0,51";13;12;27;54
423;WIN;None;3;45;"196,07";"0,7134";"0,58";9;4;5;10
424;WIN;None;3;73;"197,26";"0,7128";"0,47";10;5;10;22
425;WIN;None;3;57;"187,73";"0,7122";"0,47";12;6;9;16
426;WIN;None;3;127;"185,63";"0,7117";"0,57";8;8;13;27
427;DEATH;KilledByTarget;3;99;"-101,76";"0,7111";"0,6";13;10;6;14
428;WIN;None;3;73;"204,51";"0,7105";"0,47";11;7;10;20
429;WIN;None;3;117;"149,43";"0,71";"0,52";7;7;15;30
430;WIN;None;3;77;"184,18";"0,7094";"0,48";14;8;10;20
431;WIN;None;3;95;"185,57";"0,7088";"0,57";16;8;13;27
432;DEATH;KilledByTarget;3;193;"-181,34";"0,7083";"0,52";7;7;22;46
433;WIN;None;3;71;"201,8";"0,7077";"0,58";10;8;9;18
434;WIN;None;3;345;"48,32";"0,7071";"0,53";14;14;46;93
435;WIN;None;3;69;"182,04";"0,7066";"0,49";12;7;10;18
436;DEATH;KilledByTarget;3;155;"-121,63";"0,706";"0,57";9;8;16;34
437;WIN;None;3;232;"130,43";"0,7054";"0,55";16;16;25;51
438;WIN;None;3;251;"150,25";"0,7049";"0,57";10;10;23;49
439;DEATH;KilledByTarget;3;273;"-221,44";"0,7043";"0,58";9;9;31;65
440;DEATH;KilledByTarget;3;196;"-146,15";"0,7037";"0,55";14;13;20;43
441;WIN;None;3;188;"223,31";"0,7032";"0,47";12;11;18;43
442;WIN;None;3;115;"163,87";"0,7026";"0,49";12;10;14;28
443;WIN;None;3;169;"197,44";"0,7021";"0,5";10;7;22;49
444;DEATH;Suicide;3;4;"-304,51";"0,7015";"0,5";13;0;1;2
445;WIN;None;3;122;"241,78";"0,7009";"0,54";12;10;15;30
446;WIN;None;3;88;"182,31";"0,7004";"0,5";8;6;10;20
447;DEATH;KilledByTarget;3;183;"-140,49";"0,6998";"0,51";12;12;27;54
448;WIN;None;3;65;"184,27";"0,6992";"0,49";14;7;7;12
449;WIN;None;3;214;"102,44";"0,6987";"0,49";9;7;30;65
450;DEATH;Suicide;3;4;"-304,51";"0,6981";"0,5";8;0;1;2
451;DEATH;KilledByTarget;3;207;"-146,92";"0,6976";"0,54";14;14;28;58
452;DEATH;KilledByTarget;3;165;"-151,63";"0,697";"0,48";10;10;18;36
453;WIN;None;3;189;"143,49";"0,6965";"0,46";13;11;24;54
454;WIN;None;3;67;"227,68";"0,6959";"0,55";10;7;6;12
455;DEATH;KilledByTarget;3;102;"-132,32";"0,6953";"0,49";12;7;12;23
456;DEATH;KilledByTarget;3;89;"-151,46";"0,6948";"0,46";8;6;16;30
457;WIN;None;3;38;"211,66";"0,6942";"0,55";11;5;4;8
458;WIN;None;3;149;"191,89";"0,6937";"0,49";13;12;15;32
459;WIN;None;3;92;"171,23";"0,6931";"0,53";10;7;11;20
460;WIN;None;3;146;"194,05";"0,6926";"0,52";13;10;19;36
461;DEATH;KilledByTarget;3;50;"-114,98";"0,692";"0,56";11;5;4;9
462;DEATH;KilledByTarget;3;184;"-93,31";"0,6915";"0,54";14;14;21;40
463;WIN;None;3;107;"238,43";"0,6909";"0,55";10;6;12;25
464;WIN;None;3;137;"162,33";"0,6904";"0,52";11;9;18;40
465;DEATH;Suicide;3;7;"-305,07";"0,6898";"0,57";10;0;1;2
466;WIN;None;3;87;"205,28";"0,6892";"0,53";16;7;13;26
467;TIMEOUT;None;3;600;"-267,9";"0,6887";"0,48";12;12;74;150
468;WIN;None;3;208;"106,86";"0,6881";"0,48";11;11;27;54
469;WIN;None;3;543;"13,76";"0,6876";"0,5";11;10;63;146
470;DEATH;KilledByTarget;3;150;"-132,18";"0,687";"0,48";7;6;16;32
471;WIN;None;3;128;"163,36";"0,6865";"0,49";13;11;18;37
472;WIN;None;3;190;"124,27";"0,6859";"0,51";15;13;24;48
473;WIN;None;3;105;"199,32";"0,6854";"0,53";12;12;13;26
474;WIN;None;3;96;"213,7";"0,6848";"0,43";11;9;13;26
475;DEATH;KilledByTarget;3;298;"-250,19";"0,6843";"0,53";15;14;36;72
476;WIN;None;3;316;"126,95";"0,6838";"0,52";12;12;34;68
477;WIN;None;3;162;"145,13";"0,6832";"0,48";6;5;15;32
478;WIN;None;3;105;"191,02";"0,6827";"0,56";13;9;11;22
479;WIN;None;3;253;"90,46";"0,6821";"0,55";9;9;30;60
480;WIN;None;3;68;"205,86";"0,6816";"0,56";11;5;9;18
481;DEATH;KilledByTarget;3;169;"-167,56";"0,681";"0,46";13;10;21;46
482;DEATH;KilledByTarget;3;215;"-213,88";"0,6805";"0,49";12;12;27;53
483;WIN;None;3;360;"125,72";"0,6799";"0,52";12;11;39;85
484;WIN;None;3;86;"190,75";"0,6794";"0,5";18;14;12;22
485;WIN;None;3;214;"117,64";"0,6788";"0,52";13;12;24;50
486;WIN;None;3;129;"163,84";"0,6783";"0,49";8;7;17;34
487;WIN;None;3;113;"201,31";"0,6778";"0,5";14;11;12;24
488;DEATH;KilledByTarget;3;250;"-198,93";"0,6772";"0,5";10;10;33;67
489;DEATH;KilledByTarget;3;158;"-148,79";"0,6767";"0,55";12;11;16;33
490;DEATH;KilledByTarget;3;242;"-171,92";"0,6761";"0,52";10;8;24;50
491;DEATH;KilledByTarget;3;122;"-137,37";"0,6756";"0,48";10;8;14;32
492;WIN;None;3;173;"212,21";"0,6751";"0,49";10;9;19;41
493;DEATH;Suicide;3;6;"-304,85";"0,6745";"0,33";13;0;1;2
494;DEATH;Suicide;3;4;"-304,51";"0,674";"0,5";12;0;2;2
495;WIN;None;3;54;"162,69";"0,6734";"0,52";9;5;8;16
496;WIN;None;3;50;"203,72";"0,6729";"0,5";8;5;8;17
497;WIN;None;3;99;"221,44";"0,6724";"0,43";11;8;15;31
498;WIN;None;3;106;"178,6";"0,6718";"0,46";14;12;14;28
499;DEATH;KilledByTarget;3;134;"-164,86";"0,6713";"0,54";8;7;17;35
500;WIN;None;3;157;"174,18";"0,6707";"0,54";11;10;16;30
501;WIN;None;3;413;"83,96";"0,6702";"0,48";14;14;57;120
502;WIN;None;3;142;"151,53";"0,6697";"0,51";12;11;18;36
503;DEATH;Suicide;3;4;"-304,51";"0,6691";"0,5";9;0;2;2
504;DEATH;KilledByTarget;3;24;"-92,06";"0,6686";"0,58";11;3;2;4
505;WIN;None;3;196;"121,95";"0,6681";"0,52";8;8;22;44
506;WIN;None;3;89;"204,74";"0,6675";"0,54";12;9;11;22
507;WIN;None;3;193;"155,01";"0,667";"0,55";14;13;22;47
508;DEATH;KilledByTarget;3;75;"-121,68";"0,6665";"0,47";7;4;8;18
509;DEATH;Suicide;3;4;"-304,51";"0,6659";"0,5";14;0;1;2
510;DEATH;Suicide;3;4;"-304,51";"0,6654";"0,5";13;0;1;2
511;WIN;None;3;167;"119,93";"0,6649";"0,48";11;7;21;42
512;DEATH;KilledByTarget;3;29;"-102,96";"0,6643";"0,52";10;3;2;5
513;WIN;None;3;122;"217,33";"0,6638";"0,55";11;10;13;29
514;WIN;None;3;203;"177,51";"0,6633";"0,5";8;8;25;51
515;WIN;None;3;110;"152,72";"0,6627";"0,44";8;6;16;32
516;WIN;None;3;233;"128,91";"0,6622";"0,54";15;15;24;50
517;DEATH;KilledByTarget;3;290;"-244,73";"0,6617";"0,47";15;15;41;84
518;WIN;None;3;59;"203,74";"0,6612";"0,41";12;8;10;18
519;WIN;None;3;48;"205,51";"0,6606";"0,52";12;4;6;12
520;WIN;None;3;69;"179,19";"0,6601";"0,46";9;3;9;21
521;WIN;None;3;152;"154,33";"0,6596";"0,45";13;12;19;38
522;WIN;None;3;61;"188,95";"0,659";"0,46";6;3;6;12
523;DEATH;KilledByTarget;3;210;"-158,43";"0,6585";"0,51";15;14;21;43
524;DEATH;KilledByTarget;3;162;"-121,62";"0,658";"0,54";12;12;18;37
525;WIN;None;3;349;"38,89";"0,6575";"0,51";10;10;43;84
526;DEATH;KilledByTarget;3;81;"-108,35";"0,6569";"0,49";10;5;7;17
527;DEATH;Suicide;3;5;"-304,73";"0,6564";"0,4";15;0;1;2
528;WIN;None;3;92;"204,78";"0,6559";"0,46";14;11;16;30
529;DEATH;KilledByTarget;3;56;"-100,3";"0,6554";"0,57";11;5;6;13
530;WIN;None;3;276;"134,4";"0,6548";"0,51";11;11;34;69
531;WIN;None;3;65;"177,47";"0,6543";"0,6";10;7;8;16
532;WIN;None;3;158;"196,01";"0,6538";"0,55";10;10;17;34
533;WIN;None;3;76;"210,95";"0,6533";"0,51";11;8;9;18
534;WIN;None;3;119;"177,24";"0,6527";"0,54";9;8;10;20
535;DEATH;KilledByTarget;3;29;"-105,26";"0,6522";"0,76";8;1;1;1
536;WIN;None;3;118;"181,91";"0,6517";"0,47";12;9;18;36
537;WIN;None;3;245;"195,92";"0,6512";"0,52";13;13;27;54
538;WIN;None;3;198;"164,76";"0,6507";"0,45";7;7;23;47
539;DEATH;KilledByTarget;3;169;"-112,11";"0,6501";"0,5";12;12;19;37
540;WIN;None;3;90;"197,62";"0,6496";"0,4";13;10;10;20
541;DEATH;KilledByTarget;3;143;"-166,84";"0,6491";"0,45";9;8;20;40
542;WIN;None;3;186;"126,4";"0,6486";"0,46";12;10;20;40
543;DEATH;KilledByTarget;3;77;"-123,37";"0,6481";"0,48";12;8;9;19
544;WIN;None;3;103;"177,26";"0,6475";"0,52";7;5;11;22
545;DEATH;Suicide;3;5;"-304,73";"0,647";"0,6";12;0;1;2
546;WIN;None;3;547;"55,28";"0,6465";"0,49";13;13;63;132
547;WIN;None;3;31;"206,55";"0,646";"0,45";10;4;3;6
548;WIN;None;3;54;"196,44";"0,6455";"0,52";14;6;7;15
549;WIN;None;3;273;"116,71";"0,645";"0,47";14;14;30;61
550;WIN;None;3;117;"161,93";"0,6444";"0,5";15;11;12;25
551;WIN;None;3;275;"131,77";"0,6439";"0,48";12;12;28;60
552;WIN;None;3;319;"144,49";"0,6434";"0,48";16;16;38;82
553;WIN;None;3;145;"179,82";"0,6429";"0,52";7;7;13;27
554;DEATH;KilledByTarget;3;207;"-157,72";"0,6424";"0,5";14;14;22;45
555;WIN;None;3;17;"219,28";"0,6419";"0,41";10;2;4;6
556;WIN;None;3;158;"193,41";"0,6413";"0,48";8;7;17;36
557;WIN;None;3;575;"19,87";"0,6408";"0,48";15;15;67;142
558;DEATH;Suicide;3;7;"-305,07";"0,6403";"0,43";14;0;1;2
559;WIN;None;3;55;"210,57";"0,6398";"0,51";10;3;6;12
560;WIN;None;3;68;"183,31";"0,6393";"0,62";6;3;8;16
561;DEATH;Suicide;3;4;"-304,51";"0,6388";"0,5";6;0;1;2
562;DEATH;KilledByTarget;3;175;"-166,78";"0,6383";"0,49";12;10;21;42
563;WIN;None;3;155;"187,77";"0,6378";"0,5";9;9;16;36
564;DEATH;Suicide;3;5;"-304,73";"0,6373";"0,4";14;0;1;2
565;DEATH;KilledByTarget;3;63;"-111,84";"0,6367";"0,44";14;8;6;13
566;WIN;None;3;81;"186,45";"0,6362";"0,42";11;5;9;18
567;WIN;None;3;261;"179,25";"0,6357";"0,55";11;9;29;62
568;WIN;None;3;49;"199,39";"0,6352";"0,45";14;8;8;16
569;WIN;None;3;210;"110,82";"0,6347";"0,48";12;11;25;50
570;DEATH;Suicide;3;5;"-304,73";"0,6342";"0,6";12;0;1;2
571;WIN;None;3;62;"215,58";"0,6337";"0,47";12;7;7;14
572;WIN;None;3;168;"167,71";"0,6332";"0,46";13;12;19;40
573;WIN;None;3;163;"178,01";"0,6327";"0,45";13;11;20;40
574;WIN;None;3;105;"199,12";"0,6322";"0,46";11;11;13;26
575;WIN;None;3;361;"26,6";"0,6317";"0,45";15;15;50;101
576;WIN;None;3;141;"167,9";"0,6312";"0,49";10;9;20;43
577;DEATH;KilledByTarget;3;137;"-149,47";"0,6307";"0,54";13;9;20;38
578;DEATH;KilledByTarget;3;136;"-73,1";"0,6302";"0,46";10;8;16;36
579;WIN;None;3;26;"223,55";"0,6296";"0,42";9;3;4;8
580;WIN;None;3;248;"142,41";"0,6291";"0,46";15;12;29;57
581;WIN;None;3;100;"173,07";"0,6286";"0,49";9;8;11;22
582;WIN;None;3;126;186;"0,6281";"0,48";13;10;14;30
583;WIN;None;3;79;"189,64";"0,6276";"0,46";8;6;12;27
584;WIN;None;3;224;"179,89";"0,6271";"0,55";12;11;18;46
585;WIN;None;3;172;"212,68";"0,6266";"0,48";16;16;23;47
586;WIN;None;3;163;"174,71";"0,6261";"0,55";11;7;14;34
587;WIN;None;3;154;"162,64";"0,6256";"0,47";13;12;21;42
588;DEATH;KilledByTarget;3;13;"-100,09";"0,6251";"0,46";8;1;2;5
589;WIN;None;3;184;"161,79";"0,6246";"0,46";11;11;21;43
590;WIN;None;3;70;"203,37";"0,6241";"0,46";13;8;13;26
591;DEATH;KilledByTarget;3;50;"-101,08";"0,6236";"0,54";8;4;4;9
592;WIN;None;3;79;"238,49";"0,6231";"0,48";16;11;8;16
593;WIN;None;3;347;"185,93";"0,6226";"0,46";8;8;44;92
594;WIN;None;3;100;"197,02";"0,6221";"0,51";16;13;13;26
595;DEATH;KilledByTarget;3;85;"-132,63";"0,6216";"0,52";12;4;12;26
596;WIN;None;3;65;"213,22";"0,6211";"0,46";6;6;10;20
597;WIN;None;3;69;"208,89";"0,6206";"0,45";9;6;4;9
598;DEATH;Suicide;3;4;"-304,51";"0,6201";"0,25";9;0;1;2
599;WIN;None;3;27;"201,13";"0,6197";"0,52";8;2;4;8
600;WIN;None;3;187;"159,08";"0,6192";"0,43";13;13;24;48
601;WIN;None;3;96;"201,7";"0,6187";"0,41";10;10;14;28
602;DEATH;KilledByTarget;3;113;"-107,09";"0,6182";"0,46";10;7;12;25
603;DEATH;KilledByTarget;3;141;"-156,7";"0,6177";"0,45";8;6;16;33
604;WIN;None;3;165;"163,02";"0,6172";"0,51";10;10;15;36
605;DEATH;KilledByTarget;3;164;"-141,06";"0,6167";"0,44";14;14;19;39
606;WIN;None;3;121;"179,25";"0,6162";"0,45";10;8;16;32
607;DEATH;KilledByTarget;3;144;"-115,81";"0,6157";"0,47";11;11;12;29
608;WIN;None;3;89;"199,94";"0,6152";"0,44";14;12;12;26
609;WIN;None;3;272;"121,48";"0,6147";"0,43";11;11;29;61
610;WIN;None;3;64;"181,94";"0,6142";"0,47";13;8;8;17
611;WIN;None;3;154;"182,59";"0,6137";"0,42";11;11;18;38
612;WIN;None;3;83;"214,11";"0,6132";"0,37";11;9;13;26
613;WIN;None;3;138;"164,46";"0,6127";"0,43";10;8;19;41
614;DEATH;Suicide;3;4;"-304,51";"0,6123";"0,25";16;0;1;2
615;DEATH;KilledByTarget;3;279;"-211,96";"0,6118";"0,4";12;10;42;90
616;WIN;None;3;134;"184,54";"0,6113";"0,46";12;11;11;22
617;DEATH;Suicide;3;4;"-304,51";"0,6108";"0,5";13;0;1;2
618;DEATH;Suicide;3;5;"-304,73";"0,6103";"0,4";14;0;1;2
619;WIN;None;3;150;"179,47";"0,6098";"0,47";12;11;15;30
620;DEATH;KilledByTarget;3;154;"-158,41";"0,6093";"0,47";11;10;23;48
621;DEATH;Suicide;3;5;"-304,73";"0,6088";"0,4";14;0;1;2
622;DEATH;KilledByTarget;3;157;"-119,67";"0,6083";"0,48";8;8;15;36
623;DEATH;Suicide;3;4;"-304,51";"0,6079";"0,25";11;0;1;2
624;DEATH;Suicide;3;4;"-304,51";"0,6074";"0,25";16;0;1;2
625;WIN;None;3;146;"234,55";"0,6069";"0,5";11;8;16;34
626;DEATH;Suicide;3;4;"-304,51";"0,6064";0;16;0;2;2
627;WIN;None;3;67;"211,88";"0,6059";"0,43";11;6;10;20
628;WIN;None;3;141;"163,75";"0,6054";"0,45";9;9;22;44
629;WIN;None;3;113;"164,51";"0,605";"0,35";13;11;16;32
630;DEATH;Suicide;3;4;"-304,51";"0,6045";"0,25";11;0;2;2
631;WIN;None;3;298;"67,11";"0,604";"0,46";7;7;37;78
632;WIN;None;3;118;"212,36";"0,6035";"0,48";11;10;16;34
633;DEATH;Suicide;3;4;"-304,51";"0,603";"0,25";12;0;2;2
634;WIN;None;3;238;"162,06";"0,6025";"0,49";12;12;23;47
635;DEATH;KilledByTarget;3;83;"-118,44";"0,6021";"0,59";7;4;9;16
636;DEATH;KilledByTarget;3;54;"-109,81";"0,6016";"0,43";9;4;6;14
637;WIN;None;3;88;"202,96";"0,6011";"0,44";12;10;13;26
638;WIN;None;3;225;"183,37";"0,6006";"0,48";9;7;26;55
639;WIN;None;3;150;"233,62";"0,6001";"0,47";7;4;17;35
640;DEATH;KilledByTarget;3;195;"-112,38";"0,5996";"0,46";9;9;23;49
641;WIN;None;3;241;"131,55";"0,5992";"0,48";12;12;26;54
642;WIN;None;3;115;"225,32";"0,5987";"0,44";10;8;14;29
643;WIN;None;3;143;"169,91";"0,5982";"0,44";8;7;14;33
644;WIN;None;3;190;"152,42";"0,5977";"0,42";14;13;20;42
645;WIN;None;3;160;"188,77";"0,5973";"0,46";9;9;16;35
646;DEATH;Suicide;3;4;"-304,51";"0,5968";0;16;0;1;2
647;WIN;None;3;249;"115,24";"0,5963";"0,51";13;12;27;52
648;WIN;None;3;111;"173,3";"0,5958";"0,52";10;7;13;29
649;WIN;None;3;65;"197,12";"0,5953";"0,51";10;5;9;18
650;DEATH;KilledByTarget;3;124;"-113,86";"0,5949";"0,4";9;9;12;24
651;WIN;None;3;116;"171,15";"0,5944";"0,45";14;13;19;38
652;WIN;None;3;123;"211,56";"0,5939";"0,5";10;8;12;27
653;WIN;None;3;318;"91,76";"0,5934";"0,42";11;11;38;84
654;WIN;None;3;84;"229,74";"0,593";"0,49";11;6;10;21
655;DEATH;KilledByTarget;3;144;"-101,16";"0,5925";"0,5";14;12;16;33
656;DEATH;KilledByTarget;3;163;"-160,59";"0,592";"0,42";12;12;19;40
657;DEATH;KilledByTarget;3;103;"-150,79";"0,5915";"0,51";6;3;13;29
658;WIN;None;3;110;"174,22";"0,5911";"0,44";9;7;15;31
659;WIN;None;3;174;"172,44";"0,5906";"0,51";12;10;20;40
660;WIN;None;3;174;"178,44";"0,5901";"0,45";13;12;23;46
661;DEATH;KilledByTarget;3;88;"-123,09";"0,5897";"0,42";13;7;13;27
662;WIN;None;3;91;"170,4";"0,5892";"0,46";12;8;9;18
663;WIN;None;3;70;"179,27";"0,5887";"0,46";12;7;9;18
664;DEATH;KilledByTarget;3;191;"-109,15";"0,5882";"0,46";15;12;24;54
665;WIN;None;3;52;"191,38";"0,5878";"0,4";11;6;9;18
666;WIN;None;3;148;"112,11";"0,5873";"0,41";11;9;25;50
667;WIN;None;3;207;"146,08";"0,5868";"0,42";13;13;25;56
668;WIN;None;3;145;"171,07";"0,5864";"0,37";9;9;18;38
669;WIN;None;3;147;"167,98";"0,5859";"0,43";12;11;19;40
670;DEATH;Suicide;3;4;"-304,51";"0,5854";"0,5";10;0;1;2
671;WIN;None;3;202;"160,83";"0,585";"0,45";10;8;30;64
672;WIN;None;3;169;"149,59";"0,5845";"0,38";9;9;23;46
673;WIN;None;3;101;"204,1";"0,584";"0,41";10;10;12;25
674;WIN;None;3;166;"204,75";"0,5836";"0,47";11;10;17;35
675;WIN;None;3;55;"172,42";"0,5831";"0,4";10;5;9;16
676;WIN;None;3;73;"198,11";"0,5826";"0,41";10;7;10;20
677;DEATH;Suicide;3;4;"-304,51";"0,5822";0;10;0;2;2
678;DEATH;KilledByTarget;3;79;"-126,21";"0,5817";"0,47";8;5;8;18
679;WIN;None;3;110;"151,82";"0,5812";"0,4";11;9;18;36
680;WIN;None;3;109;"216,19";"0,5808";"0,39";12;12;15;31
681;DEATH;KilledByTarget;3;109;"-109,81";"0,5803";"0,44";12;11;10;22
682;WIN;None;3;111;"192,15";"0,5798";"0,51";11;9;14;29
683;DEATH;Suicide;3;4;"-304,51";"0,5794";0;15;0;2;2
684;DEATH;KilledByTarget;3;153;"-141,79";"0,5789";"0,46";13;12;16;35
685;WIN;None;3;41;"212,85";"0,5784";"0,44";8;5;6;10
686;DEATH;Suicide;3;6;"-304,85";"0,578";"0,5";12;0;2;2
687;WIN;None;3;77;"182,28";"0,5775";"0,4";14;9;11;22
688;DEATH;KilledByTarget;3;177;"-176,32";"0,577";"0,43";10;9;22;45
689;WIN;None;3;196;"154,6";"0,5766";"0,45";13;12;31;62
690;WIN;None;3;112;"191,98";"0,5761";"0,44";14;11;17;37
691;WIN;None;3;200;"183,67";"0,5757";"0,38";13;10;21;46
692;WIN;None;3;122;"196,23";"0,5752";"0,43";15;10;14;28
693;WIN;None;3;197;"147,43";"0,5747";"0,41";9;7;27;59
694;DEATH;KilledByTarget;3;109;"-169,36";"0,5743";"0,41";7;6;17;33
695;DEATH;Suicide;3;4;"-304,51";"0,5738";"0,25";11;0;1;2
696;DEATH;Suicide;3;21;"-307,75";"0,5734";"0,48";12;1;2;2
697;WIN;None;3;164;"190,54";"0,5729";"0,48";11;10;17;37
698;WIN;None;3;68;"222,01";"0,5724";"0,41";12;7;11;22
699;WIN;None;3;138;"169,76";"0,572";"0,45";10;9;23;45
700;WIN;None;3;135;"176,42";"0,5715";"0,49";11;10;15;32
701;DEATH;KilledByTarget;3;137;"-140,02";"0,5711";"0,38";12;11;16;31
702;WIN;None;3;105;"189,57";"0,5706";"0,46";11;9;16;32
703;WIN;None;3;56;"199,2";"0,5702";"0,38";7;3;8;16
704;DEATH;KilledByTarget;3;150;"-166,08";"0,5697";"0,48";12;10;17;33
705;WIN;None;3;225;"159,97";"0,5693";"0,41";13;13;25;51
706;WIN;None;3;52;"176,63";"0,5688";"0,4";9;1;7;14
707;WIN;None;3;176;"135,95";"0,5683";"0,38";10;10;27;56
708;WIN;None;3;314;"145,29";"0,5679";"0,42";12;12;40;81
709;DEATH;KilledByTarget;3;53;"-136,89";"0,5674";"0,34";7;2;7;16
710;DEATH;KilledByTarget;3;258;"-225,84";"0,567";"0,45";14;12;33;66
711;WIN;None;3;301;"144,4";"0,5665";"0,43";15;15;36;74
712;DEATH;KilledByTarget;3;121;"-127,95";"0,5661";"0,37";12;10;16;33
713;WIN;None;3;39;"215,04";"0,5656";"0,36";8;2;4;6
714;WIN;None;3;150;"149,02";"0,5652";"0,37";12;11;20;38
715;WIN;None;3;199;"159,09";"0,5647";"0,51";17;16;22;45
716;WIN;None;3;112;"202,93";"0,5643";"0,48";12;10;12;24
717;WIN;None;3;168;"149,71";"0,5638";"0,38";12;12;24;48
718;DEATH;KilledByTarget;3;246;"-182,8";"0,5634";"0,49";11;11;24;57
719;DEATH;KilledByTarget;3;202;"-162,77";"0,5629";"0,49";12;12;17;35
720;WIN;None;3;57;"173,88";"0,5625";"0,39";12;4;10;21
721;WIN;None;3;110;"183,42";"0,562";"0,44";16;13;17;36
722;DEATH;KilledByTarget;3;274;"-225,81";"0,5616";"0,36";13;13;41;85
723;WIN;None;3;46;180;"0,5611";"0,39";10;5;8;16
724;WIN;None;3;136;"157,35";"0,5607";"0,47";12;10;15;30
725;DEATH;KilledByTarget;3;101;"-137,35";"0,5602";"0,35";6;6;14;29
726;WIN;None;3;122;"175,28";"0,5598";"0,48";10;10;15;28
727;WIN;None;3;52;"178,18";"0,5593";"0,42";12;5;11;20
728;DEATH;KilledByTarget;3;222;"-161,77";"0,5589";"0,43";11;11;21;47
729;WIN;None;3;63;"180,71";"0,5584";"0,29";12;7;5;10
730;WIN;None;3;91;174;"0,558";"0,43";12;10;12;24
731;WIN;None;3;37;"235,68";"0,5575";"0,46";11;4;4;8
732;WIN;None;3;180;"141,02";"0,5571";"0,42";15;15;24;48
733;DEATH;KilledByTarget;3;50;"-97,43";"0,5566";"0,34";9;8;9;19
734;WIN;None;3;114;"171,59";"0,5562";"0,49";12;11;14;28
735;DEATH;KilledByTarget;3;112;"-128,47";"0,5557";"0,42";12;9;8;16
736;DEATH;KilledByTarget;3;141;"-132,65";"0,5553";"0,43";15;14;19;42
737;DEATH;KilledByTarget;3;60;"-128,48";"0,5549";"0,35";10;5;6;14
738;DEATH;KilledByTarget;3;428;"-344,59";"0,5544";"0,44";8;8;61;131
739;WIN;None;3;282;"105,83";"0,554";"0,43";7;7;29;58
740;DEATH;KilledByTarget;3;441;-316;"0,5535";"0,38";10;10;72;147
741;WIN;None;3;133;"172,11";"0,5531";"0,41";10;10;19;36
742;DEATH;Suicide;3;4;"-304,51";"0,5526";"0,25";13;0;1;2
743;WIN;None;3;115;"170,47";"0,5522";"0,39";10;8;8;17
744;WIN;None;3;143;"194,31";"0,5518";"0,46";11;11;17;34
745;WIN;None;3;134;"153,59";"0,5513";"0,43";11;9;20;38
746;DEATH;KilledByTarget;3;157;"-140,32";"0,5509";"0,43";15;14;20;39
747;WIN;None;3;135;"171,67";"0,5504";"0,41";12;12;15;32
748;WIN;None;3;115;"165,32";"0,55";"0,5";9;7;13;26
749;DEATH;KilledByTarget;3;57;"-100,12";"0,5496";"0,37";15;4;8;14
750;WIN;None;3;66;"207,9";"0,5491";"0,47";8;2;8;16
751;WIN;None;3;151;"119,55";"0,5487";"0,34";14;8;28;56
752;DEATH;Suicide;3;4;"-304,51";"0,5482";"0,25";13;0;1;2
753;WIN;None;3;417;"39,93";"0,5478";"0,33";8;8;58;121
754;WIN;None;3;195;"115,87";"0,5474";"0,34";10;10;29;56
755;DEATH;Suicide;3;4;"-304,51";"0,5469";0;10;0;1;2
756;WIN;None;3;155;"141,47";"0,5465";"0,39";12;12;24;48
757;WIN;None;3;206;"83,1";"0,546";"0,37";8;7;37;72
758;WIN;None;3;109;"196,14";"0,5456";"0,4";11;8;15;31
759;DEATH;Suicide;3;4;"-304,51";"0,5452";"0,25";15;0;1;2
760;DEATH;KilledByTarget;3;35;"-118,58";"0,5447";"0,43";4;0;5;9
761;DEATH;KilledByTarget;3;100;"-136,73";"0,5443";"0,46";17;14;16;32
762;WIN;None;3;247;"144,33";"0,5439";"0,43";8;7;29;56
763;WIN;None;3;108;"197,21";"0,5434";"0,41";12;8;8;15
764;WIN;None;3;135;"124,97";"0,543";"0,36";12;10;27;53
765;DEATH;KilledByTarget;3;55;"-118,28";"0,5426";"0,35";12;6;9;19
766;WIN;None;3;74;"159,09";"0,5421";"0,23";11;6;14;28
767;WIN;None;3;50;"209,32";"0,5417";"0,32";10;5;9;16
768;WIN;None;3;150;"128,42";"0,5413";"0,41";11;6;18;36
769;WIN;None;3;120;"164,27";"0,5408";"0,39";12;10;18;36
770;WIN;None;3;108;"173,51";"0,5404";"0,33";12;9;19;38
771;DEATH;KilledByTarget;3;206;"-200,05";"0,54";"0,39";14;10;22;45
772;DEATH;Suicide;3;6;"-304,85";"0,5395";"0,5";12;0;1;2
773;WIN;None;3;75;"182,87";"0,5391";"0,36";8;5;14;28
774;WIN;None;3;151;"203,95";"0,5387";"0,44";11;10;19;36
775;WIN;None;3;43;"208,46";"0,5382";"0,35";10;2;6;10
776;DEATH;KilledByTarget;3;55;"-107,48";"0,5378";"0,45";13;5;7;16
777;WIN;None;3;96;"156,65";"0,5374";"0,4";11;7;15;30
778;WIN;None;3;129;"151,19";"0,5369";"0,35";12;10;25;50
779;DEATH;Suicide;3;4;"-304,51";"0,5365";"0,25";12;0;1;2
780;WIN;None;3;210;"133,77";"0,5361";"0,41";10;8;32;68
781;WIN;None;3;157;"192,83";"0,5357";"0,41";15;11;19;39
782;DEATH;KilledByTarget;3;92;"-122,37";"0,5352";"0,43";14;10;14;29
783;DEATH;KilledByTarget;3;50;"-94,18";"0,5348";"0,38";12;8;8;17
784;WIN;None;3;474;"-35,46";"0,5344";"0,42";13;13;72;144
785;WIN;None;3;294;"79,24";"0,5339";"0,37";10;10;42;84
786;WIN;None;3;62;"172,13";"0,5335";"0,42";9;5;7;15
787;WIN;None;3;31;"234,85";"0,5331";"0,35";8;5;5;10
788;WIN;None;3;242;"85,83";"0,5327";"0,38";13;12;39;81
789;DEATH;KilledByTarget;3;20;"-101,28";"0,5322";"0,5";8;2;2;4
790;WIN;None;3;66;"233,9";"0,5318";"0,3";10;8;12;24
791;WIN;None;3;165;"108,27";"0,5314";"0,39";14;12;27;56
792;WIN;None;3;348;"53,91";"0,531";"0,36";9;9;49;101
793;DEATH;KilledByTarget;3;143;"-127,39";"0,5305";"0,45";12;12;20;40
794;WIN;None;3;103;"187,36";"0,5301";"0,42";16;11;13;28
795;DEATH;KilledByTarget;3;52;"-103,62";"0,5297";"0,33";14;9;3;8
796;WIN;None;3;99;"188,64";"0,5293";"0,4";15;11;12;22
797;DEATH;KilledByTarget;3;54;"-111,16";"0,5288";"0,44";9;6;8;16
798;DEATH;Suicide;3;4;"-304,51";"0,5284";0;17;0;1;2
799;WIN;None;3;146;"176,65";"0,528";"0,4";8;7;18;37
800;DEATH;KilledByTarget;3;142;"-159,47";"0,5276";"0,44";11;7;16;34
801;WIN;None;3;280;"121,92";"0,5272";"0,34";10;10;35;76
802;WIN;None;3;75;"194,22";"0,5267";"0,41";15;9;11;22
803;WIN;None;3;107;"185,18";"0,5263";"0,39";18;12;9;18
804;DEATH;KilledByTarget;3;114;"-153,26";"0,5259";"0,32";10;6;20;41
805;WIN;None;3;242;"77,78";"0,5255";"0,39";10;10;34;68
806;DEATH;KilledByTarget;3;122;"-156,72";"0,525";"0,34";11;10;19;37
807;DEATH;Suicide;3;4;"-304,51";"0,5246";0;13;0;1;2
808;WIN;None;3;225;"103,92";"0,5242";"0,38";12;10;29;58
809;DEATH;KilledByTarget;3;159;"-167,86";"0,5238";"0,33";11;10;24;47
810;WIN;None;3;106;"185,55";"0,5234";"0,41";12;6;12;24
811;DEATH;KilledByTarget;3;45;"-118,03";"0,523";"0,36";9;2;6;15
812;WIN;None;3;164;"218,39";"0,5225";"0,47";15;13;20;42
813;DEATH;Suicide;3;4;"-304,51";"0,5221";0;11;0;2;2
814;DEATH;KilledByTarget;3;361;"-197,25";"0,5217";"0,38";14;14;39;83
815;WIN;None;3;55;"197,62";"0,5213";"0,44";7;6;6;12
816;DEATH;Suicide;3;4;"-304,51";"0,5209";0;11;0;2;2
817;DEATH;Suicide;3;5;"-304,73";"0,5204";"0,2";11;0;2;2
818;WIN;None;3;115;"179,72";"0,52";"0,45";12;5;6;14
819;WIN;None;3;189;"178,99";"0,5196";"0,37";11;11;21;42
820;DEATH;KilledByTarget;3;80;"-108,28";"0,5192";"0,31";16;9;6;14
821;DEATH;KilledByTarget;3;106;"-131,8";"0,5188";"0,42";9;4;11;22
822;WIN;None;3;107;"221,73";"0,5184";"0,43";11;9;9;22
823;WIN;None;3;101;"170,15";"0,518";"0,38";11;9;14;28
824;WIN;None;3;298;"113,21";"0,5175";"0,43";18;18;25;54
825;DEATH;KilledByTarget;3;70;"-126,48";"0,5171";"0,49";11;5;7;12
826;WIN;None;3;110;"189,92";"0,5167";"0,42";11;10;11;22
827;WIN;None;3;76;"174,75";"0,5163";"0,38";12;8;9;18
828;WIN;None;3;77;"187,73";"0,5159";"0,31";12;8;10;19
829;WIN;None;3;62;"184,03";"0,5155";"0,39";9;5;8;15
830;WIN;None;3;288;"81,21";"0,5151";"0,37";9;9;47;93
831;WIN;None;3;39;"184,04";"0,5146";"0,44";9;5;3;6
832;DEATH;KilledByTarget;3;251;"-165,25";"0,5142";"0,35";14;14;31;64
833;WIN;None;3;104;"179,49";"0,5138";"0,45";9;7;16;32
834;WIN;None;3;162;"161,58";"0,5134";"0,39";12;10;15;31
835;DEATH;KilledByTarget;3;73;"-117,14";"0,513";"0,4";10;6;6;13
836;DEATH;KilledByTarget;3;52;"-128,02";"0,5126";"0,31";12;7;7;16
837;WIN;None;3;114;"180,94";"0,5122";"0,4";14;8;13;25
838;WIN;None;3;65;"174,97";"0,5118";"0,45";10;3;7;16
839;WIN;None;3;33;"236,41";"0,5114";"0,33";11;2;4;8
840;WIN;None;3;112;"162,78";"0,511";"0,33";7;7;16;32
841;WIN;None;3;120;"255,32";"0,5105";"0,33";11;9;20;40
842;WIN;None;3;88;"162,61";"0,5101";"0,34";13;7;10;20
843;WIN;None;3;34;"234,34";"0,5097";"0,38";13;6;5;10
844;WIN;None;3;352;"68,53";"0,5093";"0,36";15;15;50;98
845;WIN;None;3;290;"70,37";"0,5089";"0,34";11;10;42;87
846;DEATH;KilledByTarget;3;112;"-139,47";"0,5085";"0,43";12;9;15;32
847;WIN;None;3;70;"207,67";"0,5081";"0,39";12;6;6;15
848;WIN;None;3;122;"183,93";"0,5077";"0,36";16;12;16;32
849;WIN;None;3;54;"187,19";"0,5073";"0,3";10;8;8;18
850;WIN;None;3;406;"75,7";"0,5069";"0,36";12;12;47;104
851;WIN;None;3;335;"109,07";"0,5065";"0,37";11;11;39;85
852;WIN;None;3;178;"179,46";"0,5061";"0,37";10;9;25;51
853;WIN;None;3;213;"127,91";"0,5057";"0,35";7;7;34;67
854;WIN;None;3;121;"217,95";"0,5053";"0,36";11;10;10;20
855;WIN;None;3;99;"184,09";"0,5049";"0,37";12;10;12;24
856;WIN;None;3;101;"210,95";"0,5045";"0,4";12;10;12;22
857;WIN;None;3;103;"181,31";"0,504";"0,32";15;5;14;26
858;DEATH;KilledByTarget;3;96;"-114,55";"0,5036";"0,42";12;10;10;21
859;WIN;None;3;406;"53,35";"0,5032";"0,36";9;9;47;98
860;WIN;None;3;538;"139,41";"0,5028";"0,39";9;9;56;120
861;WIN;None;3;250;"79,57";"0,5024";"0,32";11;10;34;68
862;DEATH;KilledByTarget;3;63;"-113,69";"0,502";"0,35";9;3;5;11
863;DEATH;KilledByTarget;3;148;"-107,14";"0,5016";"0,36";15;13;14;30
864;DEATH;KilledByTarget;3;90;"-86,38";"0,5012";"0,36";13;6;6;14
865;WIN;None;3;240;"144,62";"0,5008";"0,45";10;10;19;42
866;WIN;None;3;167;"206,28";"0,5004";"0,38";12;12;17;40
867;WIN;None;3;103;"201,01";"0,5";"0,47";14;9;14;28
868;WIN;None;3;115;"226,52";"0,4996";"0,4";14;12;13;29
869;WIN;None;3;170;"187,12";"0,4992";"0,39";11;11;18;36
870;DEATH;Suicide;3;4;"-304,51";"0,4988";"0,5";14;0;1;2
871;WIN;None;3;71;"197,4";"0,4984";"0,41";11;5;6;12
872;DEATH;KilledByTarget;3;79;"-100,51";"0,498";"0,44";14;8;8;19
873;DEATH;KilledByTarget;3;187;"-93,87";"0,4976";"0,4";14;12;11;26
874;WIN;None;3;79;"214,19";"0,4972";"0,39";12;11;8;16
875;WIN;None;3;176;217;"0,4968";"0,39";13;12;19;40
876;DEATH;KilledByTarget;3;80;"-112,18";"0,4964";"0,45";12;7;7;15
877;WIN;None;3;64;"210,89";"0,496";"0,44";14;9;9;21
878;DEATH;KilledByTarget;3;78;"-108,34";"0,4956";"0,37";13;11;10;22
879;WIN;None;3;86;"219,1";"0,4953";"0,4";12;11;7;16
880;DEATH;KilledByTarget;3;63;"-127,34";"0,4949";"0,41";7;2;4;9
881;DEATH;KilledByTarget;3;106;-109;"0,4945";"0,39";12;9;12;26
882;DEATH;KilledByTarget;3;116;"-125,45";"0,4941";"0,39";9;9;9;18
883;WIN;None;3;185;"172,97";"0,4937";"0,39";11;11;16;36
884;WIN;None;3;53;"208,01";"0,4933";"0,34";8;4;6;15
885;WIN;None;3;86;"192,75";"0,4929";"0,33";13;6;9;18
886;WIN;None;3;182;"142,93";"0,4925";"0,4";13;10;14;28
887;WIN;None;3;207;"150,88";"0,4921";"0,42";14;14;14;31
888;WIN;None;3;74;"238,99";"0,4917";"0,32";12;8;8;16
889;WIN;None;3;189;"169,29";"0,4913";"0,4";11;10;15;33
890;DEATH;KilledByTarget;3;77;"-111,87";"0,4909";"0,4";11;8;6;12
891;WIN;None;3;101;"189,8";"0,4905";"0,46";12;6;10;24
892;WIN;None;3;182;"146,78";"0,4901";"0,42";8;7;16;34
893;WIN;None;3;50;"203,62";"0,4897";"0,34";9;5;3;6
894;DEATH;KilledByTarget;3;129;"-125,81";"0,4893";"0,41";17;13;17;34
895;DEATH;KilledByTarget;3;87;"-98,22";"0,4889";"0,31";13;7;9;18
896;DEATH;KilledByTarget;3;106;"-93,7";"0,4886";"0,42";6;5;10;23
897;DEATH;Suicide;3;4;"-304,51";"0,4882";"0,5";9;0;1;2
898;WIN;None;3;32;"212,78";"0,4878";"0,34";10;5;4;8
899;DEATH;KilledByTarget;3;147;"-130,12";"0,4874";"0,39";15;11;11;23
900;DEATH;KilledByTarget;3;59;"-114,96";"0,487";"0,37";8;5;6;14
901;WIN;None;3;66;"216,95";"0,4866";"0,39";7;7;7;14
902;WIN;None;3;211;"178,75";"0,4862";"0,39";11;10;23;48
903;WIN;None;3;123;"227,71";"0,4858";"0,33";9;6;12;27
904;WIN;None;3;74;"228,59";"0,4854";"0,45";11;10;9;18
905;WIN;None;3;206;"220,65";"0,4851";"0,39";12;12;25;53
906;WIN;None;3;75;"225,62";"0,4847";"0,44";13;10;7;14
907;WIN;None;3;134;"192,09";"0,4843";"0,41";12;10;15;28
908;WIN;None;3;79;"209,19";"0,4839";"0,37";14;9;9;18
909;WIN;None;3;88;"224,81";"0,4835";"0,38";15;12;7;14
910;WIN;None;3;280;"175,42";"0,4831";"0,4";14;13;18;43
911;DEATH;KilledByTarget;3;153;"-129,59";"0,4827";"0,39";9;7;11;28
912;WIN;None;3;104;"201,24";"0,4823";"0,39";7;4;10;19
913;DEATH;KilledByTarget;3;226;"-96,05";"0,482";"0,38";18;18;23;50
914;DEATH;KilledByTarget;3;38;"-94,89";"0,4816";"0,37";12;6;3;7
915;WIN;None;3;47;"218,03";"0,4812";"0,36";10;5;7;14
916;WIN;None;3;129;"167,64";"0,4808";"0,43";9;6;10;20
917;WIN;None;3;239;"170,94";"0,4804";"0,47";13;12;24;49
918;WIN;None;3;80;"222,77";"0,48";"0,43";10;8;6;15
919;DEATH;KilledByTarget;3;44;"-115,56";"0,4796";"0,3";10;2;3;5
920;WIN;None;3;216;"149,05";"0,4793";"0,36";9;9;26;53
921;WIN;None;3;135;"229,22";"0,4789";"0,33";14;13;16;30
922;DEATH;Suicide;3;12;"-305,97";"0,4785";"0,58";12;0;1;2
923;WIN;None;3;185;"199,42";"0,4781";"0,39";14;12;22;46
924;DEATH;KilledByTarget;3;269;"-166,26";"0,4777";"0,39";10;10;21;47
925;DEATH;KilledByTarget;3;199;"-99,01";"0,4773";"0,38";12;11;19;41
926;WIN;None;3;116;"197,55";"0,477";"0,38";12;8;16;30
927;WIN;None;3;163;"164,31";"0,4766";"0,36";7;7;19;41
928;WIN;None;3;177;"206,93";"0,4762";"0,37";11;9;19;42
929;WIN;None;3;83;"214,96";"0,4758";"0,35";13;7;6;12
930;WIN;None;3;142;"185,33";"0,4754";"0,39";12;10;13;29
931;DEATH;KilledByTarget;3;387;"-272,77";"0,4751";"0,37";14;14;40;86
932;WIN;None;3;79;"206,54";"0,4747";"0,35";9;6;7;12
933;WIN;None;3;177;"166,18";"0,4743";"0,43";14;11;20;41
934;WIN;None;3;342;"120,58";"0,4739";"0,38";12;12;37;81
935;DEATH;Suicide;3;11;"-305,75";"0,4735";"0,55";12;1;1;2
936;DEATH;KilledByTarget;3;83;"-76,09";"0,4732";"0,34";12;9;8;19
937;DEATH;KilledByTarget;3;42;"-114,32";"0,4728";"0,31";8;7;4;8
938;WIN;None;3;55;"198,57";"0,4724";"0,38";10;4;4;8
939;WIN;None;3;81;"230,95";"0,472";"0,35";15;10;9;18
940;DEATH;KilledByTarget;3;151;"-140,9";"0,4717";"0,34";9;7;13;30
941;DEATH;KilledByTarget;3;119;"-136,66";"0,4713";"0,34";10;9;8;17
942;WIN;None;3;73;"207,01";"0,4709";"0,38";13;8;11;22
943;WIN;None;3;117;"202,73";"0,4705";"0,44";13;11;10;20
944;DEATH;Suicide;3;8;"-305,29";"0,4701";"0,38";16;0;2;2
945;DEATH;KilledByTarget;3;125;"-129,73";"0,4698";"0,4";15;10;11;21
946;DEATH;KilledByTarget;3;158;"-138,24";"0,4694";"0,34";10;8;11;27
947;WIN;None;3;49;"199,39";"0,469";"0,31";6;4;4;8
948;DEATH;Suicide;3;4;"-304,51";"0,4686";"0,25";15;0;1;2
949;WIN;None;3;161;"209,4";"0,4683";"0,39";12;11;13;29
950;DEATH;KilledByTarget;3;156;"-131,85";"0,4679";"0,44";13;12;17;34
951;DEATH;KilledByTarget;3;122;"-151,67";"0,4675";"0,35";9;6;13;31
952;DEATH;KilledByTarget;3;107;"-132,82";"0,4671";"0,41";9;5;9;18
953;WIN;None;3;65;"200,32";"0,4668";"0,22";13;8;9;18
954;DEATH;KilledByTarget;3;95;"-112,18";"0,4664";"0,39";10;7;10;18
955;WIN;None;3;110;"205,97";"0,466";"0,3";14;12;14;28
956;DEATH;KilledByTarget;3;51;"-99,45";"0,4657";"0,35";8;6;5;11
957;DEATH;KilledByTarget;3;95;"-99,18";"0,4653";"0,34";12;10;9;19
958;WIN;None;3;103;"195,71";"0,4649";"0,35";16;9;12;25
959;DEATH;KilledByTarget;3;181;"-190,25";"0,4645";"0,33";11;11;28;57
960;DEATH;KilledByTarget;3;229;"-216,56";"0,4642";"0,35";11;11;31;64
961;DEATH;KilledByTarget;3;157;"-138,42";"0,4638";"0,27";11;10;21;48
962;WIN;None;3;126;"140,75";"0,4634";"0,33";13;11;17;34
963;WIN;None;3;178;"91,76";"0,4631";"0,28";12;11;30;61
964;DEATH;KilledByTarget;3;250;"-171,33";"0,4627";"0,38";10;10;20;45
965;WIN;None;3;156;"167,4";"0,4623";"0,33";15;14;24;48
966;WIN;None;3;77;"165,28";"0,4619";"0,34";4;3;14;28
967;DEATH;Suicide;3;4;"-304,51";"0,4616";"0,25";13;0;1;2
968;WIN;None;3;201;"120,2";"0,4612";"0,32";8;7;33;65
969;DEATH;Suicide;3;4;"-304,51";"0,4608";"0,5";14;0;1;2
970;WIN;None;3;69;"207,94";"0,4605";"0,25";13;9;12;22
971;DEATH;KilledByTarget;3;207;"-201,27";"0,4601";"0,32";10;10;27;58
972;WIN;None;3;102;"183,93";"0,4597";"0,34";10;10;10;20
973;WIN;None;3;187;"100,88";"0,4594";"0,33";13;13;28;57
974;DEATH;KilledByTarget;3;151;"-159,75";"0,459";"0,32";13;11;19;37
975;DEATH;KilledByTarget;3;156;"-187,95";"0,4586";"0,26";13;12;27;55
976;DEATH;KilledByTarget;3;125;"-125,33";"0,4583";"0,28";12;11;24;48
977;WIN;None;3;67;"193,33";"0,4579";"0,39";9;7;9;16
978;WIN;None;3;355;"88,87";"0,4575";"0,28";11;11;54;112
979;WIN;None;3;125;"135,57";"0,4572";"0,37";8;7;20;42
980;WIN;None;3;168;"133,86";"0,4568";"0,26";13;10;26;51
981;WIN;None;3;208;"103,01";"0,4564";"0,33";13;12;24;48
982;WIN;None;3;62;"182,48";"0,4561";"0,35";15;8;10;18
983;WIN;None;3;162;"86,83";"0,4557";"0,25";7;6;32;64
984;WIN;None;3;190;"120,97";"0,4553";"0,36";11;11;28;56
985;WIN;None;3;81;"177,5";"0,455";"0,35";12;4;13;26
986;DEATH;Suicide;3;6;"-304,95";"0,4546";"0,5";12;0;1;2
987;DEATH;KilledByTarget;3;238;"-215,74";"0,4542";"0,32";8;7;38;78
988;DEATH;KilledByTarget;3;276;"-277,55";"0,4539";"0,31";14;14;54;107
989;DEATH;KilledByTarget;3;96;"-117,35";"0,4535";"0,29";14;12;14;27
990;DEATH;KilledByTarget;3;173;"-186,39";"0,4532";"0,29";7;6;25;53
991;WIN;None;3;131;"213,05";"0,4528";"0,27";10;9;22;45
992;WIN;None;3;156;"168,3";"0,4524";"0,34";11;10;17;35
993;DEATH;KilledByTarget;3;117;"-153,22";"0,4521";"0,34";8;8;15;33
994;DEATH;Suicide;3;4;"-304,51";"0,4517";0;14;0;1;2
995;WIN;None;3;167;"168,08";"0,4513";"0,37";14;14;18;40
996;WIN;None;3;169;"145,19";"0,451";"0,33";12;12;30;60
997;WIN;None;3;221;"75,65";"0,4506";"0,33";14;13;34;68
998;WIN;None;3;205;"131,67";"0,4503";"0,35";12;11;23;46
999;WIN;None;3;119;"171,74";"0,4499";"0,34";15;10;16;32
1000;WIN;None;3;191;"202,9";"0,4495";"0,32";14;14;33;68
1001;DEATH;KilledByTarget;3;379;"-196,96";"0,4492";"0,34";17;17;47;101
1002;WIN;None;3;165;"133,02";"0,4488";"0,4";9;7;18;36
1003;WIN;None;3;241;80;"0,4485";"0,36";13;11;37;75
1004;DEATH;Suicide;3;4;"-304,51";"0,4481";"0,25";17;0;1;2
1005;WIN;None;3;48;"195,41";"0,4477";"0,19";9;5;11;20
1006;WIN;None;3;180;"141,72";"0,4474";"0,3";11;10;26;53
1007;DEATH;KilledByTarget;3;223;"-143,79";"0,447";"0,33";10;10;22;50
1008;DEATH;KilledByTarget;3;140;"-131,73";"0,4467";"0,29";12;9;15;30
1009;WIN;None;3;105;"170,92";"0,4463";"0,31";13;10;14;28
1010;WIN;None;3;57;"222,98";"0,446";"0,25";7;4;8;17
1011;WIN;None;3;63;"176,81";"0,4456";"0,33";10;6;6;12
1012;WIN;None;3;135;"142,67";"0,4452";"0,27";9;7;12;24
1013;WIN;None;3;150;"199,67";"0,4449";"0,34";10;8;20;38
1014;DEATH;KilledByTarget;3;138;"-132,19";"0,4445";"0,34";13;12;18;38
1015;DEATH;KilledByTarget;3;180;"-188,28";"0,4442";"0,32";10;8;27;53
1016;WIN;None;3;193;"140,56";"0,4438";"0,3";14;14;23;46
1017;WIN;None;3;200;"144,02";"0,4435";"0,31";15;15;28;59
1018;WIN;None;3;71;"187,3";"0,4431";"0,38";9;8;11;22
1019;DEATH;KilledByTarget;3;72;"-90,17";"0,4428";"0,29";13;9;8;17
1020;WIN;None;3;67;"235,43";"0,4424";"0,37";14;11;7;15
1021;WIN;None;3;24;"195,59";"0,442";"0,38";11;3;1;2
1022;DEATH;KilledByTarget;3;104;"-129,96";"0,4417";"0,37";10;10;15;29
1023;DEATH;Suicide;3;4;"-304,51";"0,4413";"0,25";16;0;1;2
1024;DEATH;KilledByTarget;3;125;"-112,58";"0,441";"0,32";15;10;12;26
1025;WIN;None;3;171;"152,25";"0,4406";"0,39";14;13;22;44
1026;WIN;None;3;120;"184,52";"0,4403";"0,33";10;10;13;26
1027;DEATH;KilledByTarget;3;99;"-90,71";"0,4399";"0,29";11;10;13;28
1028;WIN;None;3;223;"149,86";"0,4396";"0,32";15;15;31;60
1029;DEATH;KilledByTarget;3;212;"-171,32";"0,4392";"0,35";13;12;22;46
1030;WIN;None;3;278;"154,51";"0,4389";"0,26";13;12;51;107
1031;WIN;None;3;106;"160,1";"0,4385";"0,28";13;9;13;26
1032;WIN;None;3;132;"245,08";"0,4382";"0,26";11;9;14;28
1033;WIN;None;3;146;"147,7";"0,4378";"0,31";9;7;17;34
1034;DEATH;KilledByTarget;3;37;"-80,02";"0,4375";"0,32";13;4;7;14
1035;WIN;None;3;73;"218,26";"0,4371";"0,22";11;6;13;24
1036;WIN;None;3;358;"16,01";"0,4368";"0,24";15;15;61;122
1037;WIN;None;3;235;"149,37";"0,4364";"0,32";10;10;34;72
1038;DEATH;KilledByTarget;3;103;"-117,49";"0,4361";"0,34";10;9;8;18
1039;WIN;None;3;100;"219,07";"0,4357";"0,33";11;6;11;22
1040;DEATH;KilledByTarget;3;215;"-140,18";"0,4354";"0,34";12;12;19;45
1041;DEATH;KilledByTarget;3;144;"-99,41";"0,435";"0,37";15;14;14;33
1042;WIN;None;3;54;"222,24";"0,4347";"0,26";13;8;8;16
1043;DEATH;KilledByTarget;3;28;"-92,69";"0,4343";"0,43";8;4;2;5
1044;DEATH;Suicide;3;6;"-304,85";"0,434";"0,5";11;0;1;2
1045;DEATH;KilledByTarget;3;135;"-142,03";"0,4336";"0,35";10;10;13;24
1046;WIN;None;3;360;"116,67";"0,4333";"0,28";15;15;49;100
1047;DEATH;KilledByTarget;3;132;"-134,77";"0,4329";"0,36";14;12;10;21
1048;WIN;None;3;276;"125,5";"0,4326";"0,33";9;9;28;54
1049;DEATH;KilledByTarget;3;188;"-126,24";"0,4323";"0,34";12;11;13;28
1050;WIN;None;3;136;"218,35";"0,4319";"0,33";15;14;13;27
1051;WIN;None;3;115;"229,42";"0,4316";"0,34";10;8;15;29
1052;WIN;None;3;255;"174,42";"0,4312";"0,35";13;13;29;58
1053;WIN;None;3;176;"257,05";"0,4309";"0,35";9;9;22;47
1054;DEATH;KilledByTarget;3;40;"-102,78";"0,4305";"0,35";11;4;4;9
1055;WIN;None;3;114;"183,39";"0,4302";"0,29";9;9;16;32
1056;WIN;None;3;56;"232,05";"0,4298";"0,3";10;7;7;16
1057;WIN;None;3;103;"245,06";"0,4295";"0,36";14;10;12;22
1058;WIN;None;3;326;"227,15";"0,4291";"0,33";13;13;31;66
1059;WIN;None;3;93;"204,46";"0,4288";"0,37";9;9;9;18
1060;DEATH;KilledByTarget;3;114;"-123,71";"0,4285";"0,32";14;13;10;21
1061;WIN;None;3;64;"184,39";"0,4281";"0,38";10;7;7;14
1062;DEATH;KilledByTarget;3;186;"-100,85";"0,4278";"0,32";13;13;19;38
1063;DEATH;KilledByTarget;3;213;"-177,74";"0,4274";"0,31";10;10;26;51
1064;DEATH;KilledByTarget;3;99;"-137,41";"0,4271";"0,39";11;7;12;24
1065;WIN;None;3;210;"179,17";"0,4268";"0,3";15;14;33;67
1066;DEATH;Suicide;3;4;"-304,51";"0,4264";"0,25";11;0;1;2
1067;DEATH;KilledByTarget;3;72;"-118,82";"0,4261";"0,38";11;9;11;22
1068;WIN;None;3;23;"212,26";"0,4257";"0,3";9;3;2;4
1069;WIN;None;3;162;"122,08";"0,4254";"0,23";9;8;33;67
1070;WIN;None;3;104;"178,59";"0,425";"0,27";7;7;21;42
1071;DEATH;KilledByTarget;3;80;"-56,83";"0,4247";"0,31";11;10;9;18
1072;WIN;None;3;126;"303,3";"0,4244";"0,29";12;11;11;22
1073;DEATH;KilledByTarget;3;99;"-94,31";"0,424";"0,33";9;8;10;21
1074;DEATH;Suicide;3;13;"-307,89";"0,4237";"0,38";12;1;1;2
1075;DEATH;KilledByTarget;3;87;"-117,42";"0,4233";"0,32";10;8;12;24
1076;WIN;None;3;97;"172,93";"0,423";"0,41";11;9;9;19
1077;WIN;None;3;216;"172,75";"0,4227";"0,38";13;13;22;46
1078;DEATH;KilledByTarget;3;100;"-94,93";"0,4223";"0,31";10;7;13;25
1079;WIN;None;3;88;"210,56";"0,422";"0,3";9;7;8;17
1080;DEATH;KilledByTarget;3;89;"-117,61";"0,4217";"0,29";8;7;16;31
1081;DEATH;KilledByTarget;3;325;"-210,43";"0,4213";"0,34";14;14;38;77
1082;WIN;None;3;251;"207,95";"0,421";"0,24";12;12;35;68
1083;WIN;None;3;149;"189,29";"0,4206";"0,3";11;9;15;31
1084;DEATH;KilledByTarget;3;98;"-118,79";"0,4203";"0,3";11;10;13;26
1085;WIN;None;3;79;"239,19";"0,42";"0,37";14;11;9;16
1086;DEATH;KilledByTarget;3;125;"-101,83";"0,4196";"0,3";9;9;16;35
1087;DEATH;KilledByTarget;3;51;"-86,8";"0,4193";"0,43";13;9;7;12
1088;WIN;None;3;232;"119,93";"0,419";"0,31";7;7;20;43
1089;WIN;None;3;28;"212,31";"0,4186";"0,25";9;1;5;10
1090;WIN;None;3;139;"185,29";"0,4183";"0,35";11;8;14;30
1091;DEATH;KilledByTarget;3;154;"-122,81";"0,418";"0,32";14;14;16;35
1092;WIN;None;3;287;"150,28";"0,4176";"0,33";9;9;32;65
1093;DEATH;Suicide;3;18;"-308,79";"0,4173";"0,33";15;1;2;2
1094;WIN;None;3;235;"100,62";"0,417";"0,32";7;7;27;55
1095;WIN;None;3;136;"187,2";"0,4166";"0,29";12;11;20;40
1096;WIN;None;3;205;"127,57";"0,4163";"0,37";13;12;23;44
1097;WIN;None;3;175;"173,42";"0,416";"0,35";17;15;21;42
1098;DEATH;KilledByTarget;3;283;"-172,69";"0,4156";"0,28";9;9;36;72
1099;DEATH;KilledByTarget;3;34;"-98,61";"0,4153";"0,32";11;4;4;9
1100;WIN;None;3;118;"211,01";"0,415";"0,44";13;8;5;10
1101;DEATH;KilledByTarget;3;63;"-109,94";"0,4146";"0,32";9;4;5;11
1102;DEATH;KilledByTarget;3;33;"-101,54";"0,4143";"0,24";10;6;4;10
1103;WIN;None;3;43;"214,76";"0,414";"0,23";9;2;6;10
1104;WIN;None;3;256;"144,55";"0,4136";"0,35";12;11;25;54
1105;WIN;None;3;173;"140,46";"0,4133";"0,32";9;9;16;34
1106;DEATH;KilledByTarget;3;125;"-101,63";"0,413";"0,26";14;8;15;32
1107;WIN;None;3;112;"207,68";"0,4126";"0,3";9;6;9;20
1108;WIN;None;3;123;"159,61";"0,4123";"0,3";11;9;10;18
1109;DEATH;KilledByTarget;3;188;"-130,84";"0,412";"0,35";13;13;21;42
1110;DEATH;KilledByTarget;3;109;"-129,61";"0,4117";"0,32";11;8;7;15
1111;WIN;None;3;321;"46,55";"0,4113";"0,35";11;11;36;73
1112;DEATH;Suicide;3;4;"-304,51";"0,411";"0,5";13;0;2;2
1113;WIN;None;3;115;"186,22";"0,4107";"0,37";6;6;6;13
1114;DEATH;KilledByTarget;3;250;"-139,63";"0,4103";"0,29";11;10;21;46
1115;WIN;None;3;118;"169,36";"0,41";"0,28";12;9;13;26
1116;WIN;None;3;62;"214,18";"0,4097";"0,26";11;6;7;15
1117;WIN;None;3;67;"202,53";"0,4094";"0,33";14;7;7;14
1118;WIN;None;3;133;"208,36";"0,409";"0,32";10;8;17;33
1119;WIN;None;3;36;"200,25";"0,4087";"0,33";11;5;4;8
1120;WIN;None;3;79;"201,19";"0,4084";"0,35";9;4;7;15
1121;WIN;None;3;216;"179,8";"0,408";"0,35";13;12;18;38
1122;WIN;None;3;111;"214,55";"0,4077";"0,33";15;10;10;20
1123;DEATH;KilledByTarget;3;67;"-94,37";"0,4074";"0,37";11;7;4;9
1124;WIN;None;3;209;"188,24";"0,4071";"0,34";12;11;18;37
1125;WIN;None;3;100;"206,42";"0,4067";"0,33";14;12;11;20
1126;DEATH;KilledByTarget;3;50;"-119,18";"0,4064";"0,32";8;2;6;12
1127;WIN;None;3;31;"188,85";"0,4061";"0,35";7;1;3;4
1128;WIN;None;3;92;"188,83";"0,4058";"0,36";11;10;7;16
1129;WIN;None;3;141;"148,15";"0,4054";"0,33";10;8;10;20
1130;DEATH;KilledByTarget;3;190;"-173,33";"0,4051";"0,31";10;10;16;31
1131;DEATH;KilledByTarget;3;140;"-153,03";"0,4048";"0,36";9;9;15;28
1132;DEATH;KilledByTarget;3;306;"-206,05";"0,4045";"0,33";12;12;25;53
1133;WIN;None;3;138;"217,31";"0,4041";"0,25";9;9;19;36
1134;DEATH;Suicide;3;5;"-304,73";"0,4038";"0,6";14;0;1;2
1135;WIN;None;3;153;"177,36";"0,4035";"0,3";13;13;11;22
1136;WIN;None;3;48;"216,26";"0,4032";"0,31";10;6;7;14
1137;WIN;None;3;124;"211,59";"0,4029";"0,37";11;8;11;22
1138;WIN;None;3;97;"245,43";"0,4025";"0,28";14;10;14;28
1139;DEATH;KilledByTarget;3;109;"-87,66";"0,4022";"0,25";14;9;9;21
1140;WIN;None;3;129;"230,54";"0,4019";"0,32";16;12;15;32
1141;DEATH;KilledByTarget;3;34;"-101,11";"0,4016";"0,26";8;3;2;2
1142;WIN;None;3;106;"197,1";"0,4012";"0,38";11;8;11;27
1143;WIN;None;3;27;"239,38";"0,4009";"0,19";11;5;4;8
1144;WIN;None;3;95;"226,82";"0,4006";"0,29";10;9;12;22
1145;DEATH;KilledByTarget;3;53;"-110,09";"0,4003";"0,43";12;7;4;10
1146;DEATH;Suicide;3;6;"-304,95";"0,4";"0,33";11;0;1;2
1147;DEATH;KilledByTarget;3;121;"-96,3";"0,3996";"0,31";13;13;11;21
1148;DEATH;KilledByTarget;3;173;"-114,19";"0,3993";"0,39";9;9;11;24
1149;DEATH;KilledByTarget;3;66;"-119,75";"0,399";"0,27";10;7;4;9
1150;WIN;None;3;159;"232,09";"0,3987";"0,3";10;9;13;28
1151;DEATH;KilledByTarget;3;56;"-99,55";"0,3984";"0,25";14;11;8;17
1152;WIN;None;3;503;"16,61";"0,398";"0,32";12;12;43;93
1153;WIN;None;3;165;"258,27";"0,3977";"0,35";16;14;17;34
1154;WIN;None;3;45;"221,97";"0,3974";"0,33";8;6;5;10
1155;WIN;None;3;277;"184,73";"0,3971";"0,32";9;9;25;56
1156;DEATH;Suicide;3;4;"-304,51";"0,3968";"0,25";14;0;1;2
1157;DEATH;KilledByTarget;3;181;"-162,65";"0,3965";"0,35";12;7;14;29
1158;WIN;None;3;343;"91,91";"0,3961";"0,34";12;12;35;70
1159;WIN;None;3;305;"129,37";"0,3958";"0,37";10;10;30;60
1160;WIN;None;3;78;"201,36";"0,3955";"0,33";12;11;9;18
1161;WIN;None;3;165;"234,92";"0,3952";"0,27";15;14;15;33
1162;DEATH;KilledByTarget;3;89;"-110,36";"0,3949";"0,33";11;5;8;15
1163;WIN;None;3;50;"206,72";"0,3946";"0,38";14;6;7;13
1164;WIN;None;3;127;"151,28";"0,3942";"0,28";8;8;16;34
1165;DEATH;KilledByTarget;3;40;"-86,93";"0,3939";"0,35";15;8;4;8
1166;WIN;None;3;123;"229,06";"0,3936";"0,34";11;10;11;22
1167;WIN;None;3;138;"229,46";"0,3933";"0,29";9;8;15;33
1168;WIN;None;3;75;"233,82";"0,393";"0,32";13;11;10;20
1169;WIN;None;3;32;"222,28";"0,3927";"0,34";11;5;5;8
1170;DEATH;KilledByTarget;3;113;"-103,04";"0,3924";"0,34";13;11;12;22
1171;WIN;None;3;90;"269,47";"0,392";"0,34";10;10;10;20
1172;WIN;None;3;88;"245,36";"0,3917";"0,33";13;9;12;24
1173;WIN;None;3;89;"210,09";"0,3914";"0,28";14;11;12;24
1174;DEATH;KilledByTarget;3;70;"-129,08";"0,3911";"0,36";10;6;6;12
1175;DEATH;Suicide;3;4;"-304,51";"0,3908";"0,5";9;0;1;2
1176;WIN;None;3;44;"232,74";"0,3905";"0,25";11;5;5;10
1177;WIN;None;3;45;"198,42";"0,3902";"0,24";14;7;6;12
1178;WIN;None;3;180;"213,87";"0,3899";"0,35";18;15;20;40
1179;WIN;None;3;46;"219,3";"0,3895";"0,3";12;7;5;10
1180;WIN;None;3;97;"206,93";"0,3892";"0,26";11;10;9;19
1181;WIN;None;3;80;"206,17";"0,3889";"0,35";10;8;12;24
1182;WIN;None;3;89;"215,64";"0,3886";"0,27";12;8;10;18
1183;WIN;None;3;59;"243,24";"0,3883";"0,29";11;8;8;16
1184;WIN;None;3;57;"190,13";"0,388";"0,33";13;6;6;12
1185;WIN;None;3;53;"237,26";"0,3877";"0,26";15;10;7;14
1186;DEATH;KilledByTarget;3;40;"-89,18";"0,3874";"0,3";14;5;3;8
1187;DEATH;KilledByTarget;3;98;"-70,99";"0,3871";"0,28";11;8;11;24
1188;WIN;None;3;112;"223,78";"0,3867";"0,31";15;14;14;29
1189;WIN;None;3;77;"220,33";"0,3864";"0,32";9;5;6;12
1190;WIN;None;3;203;"237,76";"0,3861";"0,32";12;12;20;41
1191;WIN;None;3;103;"261,76";"0,3858";"0,31";12;11;15;30
1192;WIN;None;3;75;"227,42";"0,3855";"0,4";15;9;10;22
1193;WIN;None;3;71;"248,45";"0,3852";"0,31";16;14;10;18
1194;DEATH;KilledByTarget;3;87;"-114,32";"0,3849";"0,34";12;8;7;12
1195;WIN;None;3;116;"173,8";"0,3846";"0,35";9;8;10;22
1196;WIN;None;3;204;"237,84";"0,3843";"0,27";10;9;19;44
1197;DEATH;KilledByTarget;3;94;"-97,96";"0,384";"0,35";11;7;4;10
1198;DEATH;KilledByTarget;3;38;"-96,24";"0,3837";"0,24";14;5;4;9
1199;WIN;None;3;146;"189,95";"0,3834";"0,28";10;10;15;33
1200;WIN;None;3;162;"163,33";"0,383";"0,25";11;11;14;28
1201;WIN;None;3;68;"226,26";"0,3827";"0,37";12;8;9;18
1202;DEATH;KilledByTarget;3;227;"-154,37";"0,3824";"0,32";11;11;19;39
1203;WIN;None;3;141;"199,75";"0,3821";"0,29";14;13;15;30
1204;WIN;None;3;103;"200,31";"0,3818";"0,33";11;9;9;18
1205;DEATH;KilledByTarget;3;109;"-92,76";"0,3815";"0,29";16;13;10;21
1206;DEATH;KilledByTarget;3;202;"-15,52";"0,3812";"0,28";16;16;21;44
1207;WIN;None;3;117;"212,73";"0,3809";"0,24";9;9;12;24
1208;WIN;None;3;10;"218,47";"0,3806";"0,3";5;0;1;2
1209;WIN;None;3;76;"204,1";"0,3803";"0,26";14;11;10;20
1210;WIN;None;3;116;"229,2";"0,38";"0,27";11;9;7;14
1211;WIN;None;3;286;"149,9";"0,3797";"0,32";12;12;26;51
1212;WIN;None;3;150;"206,47";"0,3794";"0,23";14;14;18;36
1213;DEATH;KilledByTarget;3;77;"-96,72";"0,3791";"0,36";14;10;7;15
1214;WIN;None;3;87;"221,03";"0,3788";"0,36";13;11;8;16
1215;WIN;None;3;71;"207,3";"0,3785";"0,34";8;5;6;12
1216;WIN;None;3;206;"174,2";"0,3782";"0,36";12;12;14;32
1217;WIN;None;3;46;"238,15";"0,3779";"0,28";8;4;3;6
1218;DEATH;KilledByTarget;3;182;"-139,32";"0,3776";"0,28";10;10;20;41
1219;WIN;None;3;56;"229,9";"0,3773";"0,2";10;6;5;10
1220;WIN;None;3;61;"191,45";"0,377";"0,26";8;8;9;18
1221;WIN;None;3;78;"238,46";"0,3767";"0,29";11;8;8;16
1222;DEATH;KilledByTarget;3;118;"-70,69";"0,3764";"0,25";14;13;13;25
1223;WIN;None;3;116;"242,25";"0,3761";"0,3";7;7;10;20
1224;WIN;None;3;97;"172,73";"0,3758";"0,35";13;7;11;22
1225;WIN;None;3;16;"203,4";"0,3755";"0,19";8;2;1;2
1226;DEATH;KilledByTarget;3;115;"-83,28";"0,3752";"0,31";11;10;11;29
1227;DEATH;KilledByTarget;3;80;"-93,98";"0,3749";"0,34";11;8;5;12
1228;WIN;None;3;98;"233,91";"0,3746";"0,32";11;10;9;18
1229;DEATH;KilledByTarget;3;152;"-102,32";"0,3743";"0,32";13;12;17;36
1230;WIN;None;3;130;"202,27";"0,374";"0,32";10;6;11;24
1231;WIN;None;3;24;"193,64";"0,3737";"0,25";5;2;4;8
1232;WIN;None;3;46;"232,15";"0,3734";"0,28";11;6;5;10
1233;WIN;None;3;112;"238,18";"0,3731";"0,34";14;11;12;24
1234;WIN;None;3;221;"175,3";"0,3728";"0,3";10;9;22;43
1235;DEATH;KilledByTarget;3;69;"-83,66";"0,3725";"0,25";9;9;10;19
1236;DEATH;KilledByTarget;3;77;"-96,62";"0,3722";"0,34";9;9;7;14
1237;WIN;None;3;48;"232,11";"0,3719";"0,27";14;8;7;16
1238;DEATH;KilledByTarget;3;162;"-123,52";"0,3716";"0,27";12;11;15;33
1239;WIN;None;3;41;"226,6";"0,3713";"0,41";11;4;5;10
1240;WIN;None;3;112;"233,83";"0,371";"0,31";11;11;17;33
1241;DEATH;KilledByTarget;3;115;"-123,73";"0,3707";"0,3";11;10;13;29
1242;WIN;None;3;91;"252,75";"0,3704";"0,32";10;9;7;14
1243;WIN;None;3;82;"218,73";"0,3701";"0,28";13;9;5;12
1244;DEATH;KilledByTarget;3;180;"-121,38";"0,3698";"0,3";16;15;17;35
1245;DEATH;KilledByTarget;3;148;"-87,34";"0,3695";"0,32";11;9;16;36
1246;WIN;None;3;121;"211,15";"0,3692";"0,31";11;10;10;20
1247;DEATH;Suicide;3;4;"-304,51";"0,3689";"0,5";8;0;1;2
1248;WIN;None;3;76;"200,05";"0,3686";"0,28";9;8;11;20
1249;DEATH;KilledByTarget;3;59;"-112,61";"0,3683";"0,36";12;8;7;12
1250;WIN;None;3;302;"148,53";"0,368";"0,3";12;12;30;64
1251;WIN;None;3;82;"182,68";"0,3677";"0,3";10;7;10;22
1252;WIN;None;3;217;"162,53";"0,3674";"0,28";11;11;22;44
1253;WIN;None;3;56;"227,45";"0,3671";"0,21";12;6;4;8
1254;DEATH;KilledByTarget;3;59;"-87,51";"0,3668";"0,32";10;7;7;14
1255;DEATH;KilledByTarget;3;136;"-89,45";"0,3666";"0,24";13;13;17;32
1256;WIN;None;3;150;"224,27";"0,3663";"0,35";12;12;10;20
1257;WIN;None;3;82;"224,08";"0,366";"0,23";8;8;10;20
1258;WIN;None;3;167;"212,13";"0,3657";"0,27";13;13;15;33
1259;DEATH;KilledByTarget;3;27;"-86,47";"0,3654";"0,3";11;5;3;6
1260;WIN;None;3;97;"217,58";"0,3651";"0,28";11;11;10;21
1261;WIN;None;3;178;"190,16";"0,3648";"0,31";9;8;17;37
1262;WIN;None;3;47;"232,38";"0,3645";"0,26";14;8;6;12
1263;WIN;None;3;347;"207,08";"0,3642";"0,33";6;6;37;79
1264;WIN;None;3;57;"204,88";"0,3639";"0,28";10;4;3;6
1265;WIN;None;3;33;"226,61";"0,3636";"0,24";9;5;3;7
1266;DEATH;KilledByTarget;3;392;"-141,07";"0,3633";"0,26";12;12;40;88
1267;DEATH;KilledByTarget;3;89;"-96,51";"0,363";"0,28";12;9;8;18
1268;DEATH;KilledByTarget;3;158;"-109,54";"0,3628";"0,28";15;15;14;29
1269;WIN;None;3;101;"274,15";"0,3625";"0,26";16;12;11;22
1270;DEATH;KilledByTarget;3;208;"-44,59";"0,3622";"0,3";11;11;20;46
1271;WIN;None;3;86;184;"0,3619";"0,27";8;8;4;9
1272;WIN;None;3;100;"235,32";"0,3616";"0,29";12;10;12;22
1273;WIN;None;3;278;"177,51";"0,3613";"0,32";14;14;24;51
1274;WIN;None;3;101;"235,1";"0,361";"0,3";11;11;9;20
1275;WIN;None;3;108;"239,51";"0,3607";"0,24";18;14;11;22
1276;WIN;None;3;63;"232,21";"0,3604";"0,29";11;9;6;13
1277;DEATH;KilledByTarget;3;106;"-82,4";"0,3602";"0,29";11;10;10;22
1278;WIN;None;3;72;"251,93";"0,3599";"0,17";13;9;6;14
1279;DEATH;KilledByTarget;3;44;"-97,71";"0,3596";"0,25";9;4;5;11
1280;WIN;None;3;73;"198,46";"0,3593";"0,26";11;8;8;18
1281;WIN;None;3;110;"197,57";"0,359";"0,28";9;7;9;20
1282;WIN;None;3;97;"251,58";"0,3587";"0,22";13;8;10;21
1283;WIN;None;3;68;"214,71";"0,3584";"0,28";13;10;7;14
1284;WIN;None;3;84;"225,14";"0,3581";"0,21";11;6;7;16
1285;WIN;None;3;520;"36,37";"0,3579";"0,28";13;13;51;113
1286;WIN;None;3;43;"219,76";"0,3576";"0,16";12;3;5;10
1287;DEATH;KilledByTarget;3;99;"-107,71";"0,3573";"0,3";5;5;7;16
1288;WIN;None;3;134;"195,29";"0,357";"0,26";11;11;16;32
1289;WIN;None;3;35;"212,32";"0,3567";"0,4";10;3;4;10
1290;WIN;None;3;135;"192,52";"0,3564";"0,28";14;11;11;22
1291;DEATH;KilledByTarget;3;73;"-123,84";"0,3561";"0,34";9;7;7;15
1292;WIN;None;3;140;"170,77";"0,3559";"0,3";10;8;9;20
1293;DEATH;Suicide;3;4;"-304,51";"0,3556";"0,5";15;0;1;2
1294;WIN;None;3;61;"212,95";"0,3553";"0,26";13;10;7;14
1295;WIN;None;3;29;"226,89";"0,355";"0,21";12;5;3;6
1296;WIN;None;3;166;"183,2";"0,3547";"0,25";12;11;15;37
1297;WIN;None;3;33;"225,61";"0,3544";"0,39";11;3;3;6
1298;WIN;None;3;63;"216,26";"0,3542";"0,27";12;7;7;14
1299;WIN;None;3;24;"227,94";"0,3539";"0,29";12;4;3;6
1300;WIN;None;3;64;"253,14";"0,3536";"0,27";10;8;7;17
1301;WIN;None;3;208;"181,31";"0,3533";"0,25";10;9;16;32
1302;WIN;None;3;57;"200,63";"0,353";"0,26";7;2;3;6
1303;WIN;None;3;110;"224,72";"0,3527";"0,37";14;13;15;31
1304;WIN;None;3;87;"196,53";"0,3525";"0,23";10;6;8;16
1305;WIN;None;3;115;"262,72";"0,3522";"0,26";14;9;14;31
1306;WIN;None;3;69;"202,44";"0,3519";"0,29";11;8;10;20
1307;WIN;None;3;97;"223,78";"0,3516";"0,33";10;9;11;22
1308;WIN;None;3;224;"175,44";"0,3513";"0,31";12;12;19;42
1309;WIN;None;3;192;"177,03";"0,351";"0,27";9;9;17;37
1310;WIN;None;3;223;"252,06";"0,3508";"0,28";9;9;23;49
1311;WIN;None;3;106;"222,6";"0,3505";"0,29";11;7;8;16
1312;DEATH;KilledByTarget;3;25;"-88,03";"0,3502";"0,2";11;5;4;8
1313;DEATH;KilledByTarget;3;187;"-73,72";"0,3499";"0,26";13;13;26;55
1314;WIN;None;3;274;"243,74";"0,3496";"0,29";12;12;26;55
1315;DEATH;KilledByTarget;3;101;"-107,75";"0,3494";"0,3";12;11;10;22
1316;WIN;None;3;81;"222,45";"0,3491";"0,28";13;9;10;18
1317;WIN;None;3;116;"201,75";"0,3488";"0,23";13;12;13;26
1318;WIN;None;3;102;"196,38";"0,3485";"0,33";11;6;8;16
1319;DEATH;KilledByTarget;3;183;"-140,59";"0,3482";"0,22";12;12;15;33
1320;WIN;None;3;39;"219,09";"0,348";"0,23";11;6;7;14
1321;DEATH;KilledByTarget;3;120;"-100,23";"0,3477";"0,23";14;11;11;24
1322;WIN;None;3;82;"201,58";"0,3474";"0,34";9;7;6;12
1323;WIN;None;3;198;"265,46";"0,3471";"0,26";12;12;19;39
1324;WIN;None;3;151;"206,8";"0,3469";"0,34";15;13;15;30
1325;WIN;None;3;83;"207,71";"0,3466";"0,25";9;9;7;12
1326;WIN;None;3;77;"217,63";"0,3463";"0,18";12;10;8;14
1327;WIN;None;3;82;"244,43";"0,346";"0,27";12;9;8;17
1328;WIN;None;3;275;"177,37";"0,3457";"0,26";11;11;26;55
1329;WIN;None;3;156;"170,45";"0,3455";"0,26";15;10;19;38
1330;DEATH;Suicide;3;5;"-304,73";"0,3452";"0,2";14;0;1;2
1331;DEATH;KilledByTarget;3;41;"-92,8";"0,3449";"0,27";8;6;4;8
1332;WIN;None;3;130;"221,82";"0,3446";"0,21";10;10;10;22
1333;DEATH;KilledByTarget;3;29;"-117,01";"0,3444";"0,31";8;1;3;6
1334;WIN;None;3;120;"226,17";"0,3441";"0,26";11;9;11;26
1335;WIN;None;3;54;"226,54";"0,3438";"0,28";12;6;8;16
1336;WIN;None;3;62;"239,68";"0,3435";"0,23";16;11;8;14
1337;DEATH;KilledByTarget;3;164;"-117,96";"0,3433";"0,24";8;8;6;16
1338;WIN;None;3;223;"204,76";"0,343";"0,29";12;12;23;51
1339;WIN;None;3;77;"201,68";"0,3427";"0,27";11;6;9;17
1340;DEATH;KilledByTarget;3;149;"-110,31";"0,3424";"0,27";13;13;11;22
1341;DEATH;KilledByTarget;3;101;"-102,65";"0,3422";"0,24";12;10;12;26
1342;WIN;None;3;108;"178,61";"0,3419";"0,22";15;11;7;14
1343;WIN;None;3;31;"206,4";"0,3416";"0,19";12;1;3;6
1344;WIN;None;3;99;"210,44";"0,3413";"0,27";11;9;9;18
1345;WIN;None;3;86;"204,55";"0,3411";"0,27";13;11;10;18
1346;WIN;None;3;89;"222,29";"0,3408";"0,24";8;8;5;10
1347;WIN;None;3;151;"223,4";"0,3405";"0,32";11;10;15;30
1348;WIN;None;3;162;"189,68";"0,3403";"0,29";14;14;14;28
1349;WIN;None;3;110;"194,52";"0,34";"0,33";13;8;9;18
1350;WIN;None;3;46;"210,05";"0,3397";"0,28";11;5;4;9
1351;DEATH;KilledByTarget;3;132;"-107,17";"0,3394";"0,32";12;11;7;14
1352;WIN;None;3;197;"173,53";"0,3392";"0,27";11;10;19;38
1353;WIN;None;3;134;"183,69";"0,3389";"0,31";10;9;15;36
1354;WIN;None;3;133;"198,06";"0,3386";"0,26";10;10;17;36
1355;WIN;None;3;86;"209,5";"0,3384";"0,34";11;5;7;14
1356;WIN;None;3;133;"218,41";"0,3381";"0,29";13;11;16;34
1357;WIN;None;3;124;"195,64";"0,3378";"0,27";9;8;11;24
1358;WIN;None;3;78;"191,01";"0,3375";"0,38";10;7;8;16
1359;DEATH;KilledByTarget;3;103;"-137,54";"0,3373";"0,26";8;6;9;18
1360;DEATH;KilledByTarget;3;103;"-131,74";"0,337";"0,32";6;6;9;16
1361;DEATH;KilledByTarget;3;234;"-96,81";"0,3367";"0,24";15;13;18;41
1362;WIN;None;3;104;"187,14";"0,3365";"0,22";13;10;14;28
1363;DEATH;KilledByTarget;3;181;"-140,9";"0,3362";"0,29";15;14;11;24
1364;DEATH;KilledByTarget;3;82;"-84,72";"0,3359";"0,3";11;8;4;10
1365;WIN;None;3;75;"225,27";"0,3357";"0,28";13;10;12;24
1366;DEATH;KilledByTarget;3;111;"-79,65";"0,3354";"0,22";11;10;10;22
1367;WIN;None;3;137;"193,53";"0,3351";"0,29";12;9;11;22
1368;DEATH;KilledByTarget;3;102;"-136,67";"0,3349";"0,23";9;6;4;9
1369;DEATH;KilledByTarget;3;139;"-119,06";"0,3346";"0,28";12;10;15;34
1370;WIN;None;3;91;"189,3";"0,3343";"0,26";13;7;5;10
1371;WIN;None;3;49;"199,29";"0,3341";"0,2";11;5;4;6
1372;WIN;None;3;157;"116,43";"0,3338";"0,29";7;7;17;35
1373;WIN;None;3;83;"204,11";"0,3335";"0,25";9;9;6;12
1374;WIN;None;3;32;"225,58";"0,3333";"0,28";9;4;3;6
1375;DEATH;KilledByTarget;3;188;"-142,34";"0,333";"0,24";12;12;16;36
1376;WIN;None;3;131;200;"0,3327";"0,2";12;10;11;24
1377;WIN;None;3;140;"236,47";"0,3325";"0,23";10;8;14;28
1378;DEATH;KilledByTarget;3;114;"-79,06";"0,3322";"0,32";10;10;10;22
1379;WIN;None;3;69;"221,49";"0,3319";"0,12";7;6;6;14
1380;WIN;None;3;198;"200,21";"0,3317";"0,29";10;10;15;35
1381;WIN;None;3;56;"220,1";"0,3314";"0,2";7;4;7;14
1382;DEATH;KilledByTarget;3;100;"-97,78";"0,3311";"0,37";13;9;7;14
1383;WIN;None;3;72;"229,73";"0,3309";"0,38";9;9;8;16
1384;WIN;None;3;62;"195,98";"0,3306";"0,27";9;6;7;16
1385;WIN;None;3;30;"218,62";"0,3303";"0,17";12;5;3;6
1386;DEATH;KilledByTarget;3;186;"-118,85";"0,3301";"0,26";12;12;15;31
1387;DEATH;KilledByTarget;3;166;"-135,8";"0,3298";"0,29";12;11;18;38
1388;WIN;None;3;78;"224,61";"0,3295";"0,27";10;10;9;18
1389;WIN;None;3;294;"225,09";"0,3293";"0,3";15;15;26;52
1390;DEATH;KilledByTarget;3;61;"-62,25";"0,329";"0,34";11;7;6;12
1391;DEATH;KilledByTarget;3;43;"-93,14";"0,3287";"0,28";12;7;3;7
1392;WIN;None;3;138;"184,81";"0,3285";"0,29";10;10;11;23
1393;DEATH;KilledByTarget;3;294;"-141,06";"0,3282";"0,23";12;12;27;58
1394;WIN;None;3;39;"208,89";"0,328";"0,21";10;6;6;12
1395;WIN;None;3;85;"221,27";"0,3277";"0,33";13;12;10;20
1396;WIN;None;3;52;"224,43";"0,3274";"0,35";9;6;5;10
1397;DEATH;KilledByTarget;3;82;"-94,07";"0,3272";"0,27";11;9;10;20
1398;WIN;None;3;93;"215,76";"0,3269";"0,28";11;8;8;16
1399;WIN;None;3;138;"164,51";"0,3267";"0,32";12;10;13;26
1400;WIN;None;3;159;"157,94";"0,3264";"0,25";12;10;12;22
1401;DEATH;KilledByTarget;3;285;"-116,48";"0,3261";"0,22";14;14;25;53
1402;WIN;None;3;46;"205,55";"0,3259";"0,46";11;7;4;8
1403;WIN;None;3;223;"164,66";"0,3256";"0,23";10;10;19;38
1404;DEATH;KilledByTarget;3;190;"-174,03";"0,3253";"0,26";9;7;16;31
1405;DEATH;KilledByTarget;3;188;"-124,94";"0,3251";"0,28";15;13;14;31
1406;WIN;None;3;48;"226,01";"0,3248";"0,21";10;5;4;8
1407;WIN;None;3;107;"176,68";"0,3246";"0,29";10;8;5;10
1408;DEATH;KilledByTarget;3;84;"-93,61";"0,3243";"0,21";9;8;9;16
1409;DEATH;KilledByTarget;3;55;"-83,43";"0,324";"0,31";15;8;6;12
1410;WIN;None;3;82;"224,18";"0,3238";"0,27";13;12;8;16
1411;WIN;None;3;133;"197,96";"0,3235";"0,26";12;10;15;31
1412;WIN;None;3;49;"220,59";"0,3233";"0,16";11;7;6;12
1413;WIN;None;3;226;213;"0,323";"0,21";14;14;17;34
1414;WIN;None;3;146;"221,25";"0,3228";"0,31";13;12;17;34
1415;WIN;None;3;245;"188,77";"0,3225";"0,26";15;14;27;58
1416;DEATH;KilledByTarget;3;66;"-89,7";"0,3222";"0,23";13;10;7;15
1417;WIN;None;3;153;"215,46";"0,322";"0,2";10;10;13;29
1418;WIN;None;3;116;"214,4";"0,3217";"0,22";9;8;13;27
1419;WIN;None;3;88;"190,06";"0,3215";"0,17";10;4;10;18
1420;WIN;None;3;157;"225,93";"0,3212";"0,26";9;8;12;25
1421;WIN;None;3;80;"233,62";"0,3209";"0,3";9;3;6;12
1422;WIN;None;3;170;"134,47";"0,3207";"0,26";8;7;15;30
1423;DEATH;KilledByTarget;3;129;"-142,91";"0,3204";"0,28";8;5;13;25
1424;WIN;None;3;193;"242,31";"0,3202";"0,22";13;13;30;58
1425;DEATH;KilledByTarget;3;240;"-82,68";"0,3199";"0,27";9;9;23;48
1426;WIN;None;3;92;"200,88";"0,3197";"0,27";11;11;11;22
1427;DEATH;Suicide;3;4;"-304,51";"0,3194";"0,25";11;0;1;2
1428;DEATH;Suicide;3;122;"-305,22";"0,3192";"0,25";13;10;15;30
1429;WIN;None;3;115;"220,97";"0,3189";"0,21";9;7;8;18
1430;DEATH;KilledByTarget;3;145;"-108,68";"0,3186";"0,25";13;13;17;34
1431;WIN;None;3;97;"213,73";"0,3184";"0,32";9;8;10;18
1432;WIN;None;3;134;"237,34";"0,3181";"0,25";15;12;14;29
1433;WIN;None;3;31;"238,85";"0,3179";"0,16";12;6;6;10
1434;WIN;None;3;113;"209,56";"0,3176";"0,26";9;8;14;26
1435;WIN;None;3;50;"230,97";"0,3174";"0,22";12;7;6;13
1436;DEATH;KilledByTarget;3;82;"-76,62";"0,3171";"0,23";16;12;6;12
1437;WIN;None;3;211;"234,75";"0,3169";"0,23";13;13;22;46
1438;DEATH;KilledByTarget;3;345;"-155,93";"0,3166";"0,26";9;9;33;72
1439;WIN;None;3;97;"239,78";"0,3164";"0,21";13;10;16;31
1440;WIN;None;3;64;"204,79";"0,3161";"0,22";16;11;7;15
1441;DEATH;KilledByTarget;3;156;"-113,45";"0,3159";"0,26";12;11;20;39
1442;WIN;None;3;95;"184,17";"0,3156";"0,25";12;9;9;19
1443;WIN;None;3;91;"231,8";"0,3153";"0,26";12;9;14;28
1444;WIN;None;3;61;"197,15";"0,3151";"0,21";13;7;10;20
1445;DEATH;KilledByTarget;3;36;"-76,55";"0,3148";"0,14";10;6;5;11
1446;WIN;None;3;87;"197,88";"0,3146";"0,21";10;4;7;16
1447;WIN;None;3;89;"206,29";"0,3143";"0,28";9;7;8;14
1448;WIN;None;3;98;"228,51";"0,3141";"0,28";11;10;7;12
1449;DEATH;Suicide;3;4;"-304,51";"0,3138";"0,5";9;0;1;2
1450;WIN;None;3;71;"206,1";"0,3136";"0,3";11;7;8;16
1451;WIN;None;3;56;"228,15";"0,3133";"0,13";12;6;5;12
1452;WIN;None;3;43;"220,96";"0,3131";"0,23";12;6;4;8
1453;WIN;None;3;242;"216,38";"0,3128";"0,27";14;14;30;60
1454;WIN;None;3;69;"245,89";"0,3126";"0,13";8;6;6;12
1455;WIN;None;3;107;"246,58";"0,3123";"0,19";13;10;17;37
1456;DEATH;KilledByTarget;3;77;"-95,82";"0,3121";"0,27";12;8;9;19
1457;WIN;None;3;91;"244,45";"0,3118";"0,29";13;11;11;22
1458;WIN;None;3;137;"186,68";"0,3116";"0,27";12;12;11;20
1459;WIN;None;3;79;"172,39";"0,3113";"0,25";8;5;3;6
1460;WIN;None;3;114;"254,44";"0,3111";"0,24";9;8;12;24
1461;WIN;None;3;105;"211,62";"0,3108";"0,23";16;12;14;31
1462;WIN;None;3;48;"210,56";"0,3106";"0,33";12;5;5;12
1463;DEATH;KilledByTarget;3;170;"-116,28";"0,3103";"0,27";7;7;11;25
1464;WIN;None;3;94;"231,99";"0,3101";"0,28";15;13;9;18
1465;DEATH;KilledByTarget;3;146;"-144,1";"0,3098";"0,28";10;9;13;31
1466;WIN;None;3;31;"238,9";"0,3096";"0,29";10;7;5;8
1467;DEATH;KilledByTarget;3;258;"-29,94";"0,3093";"0,25";13;13;19;45
1468;WIN;None;3;82;"231,53";"0,3091";"0,28";10;9;8;17
1469;WIN;None;3;122;"167,13";"0,3089";"0,29";9;7;6;12
1470;WIN;None;3;56;"203,25";"0,3086";"0,23";7;4;5;10
1471;WIN;None;3;116;"205,5";"0,3084";"0,24";11;8;13;26
1472;DEATH;KilledByTarget;3;136;"-126,95";"0,3081";"0,21";12;11;10;21
1473;WIN;None;3;218;"190,96";"0,3079";"0,23";11;11;22;44
1474;WIN;None;3;141;"200,55";"0,3076";"0,26";12;11;10;20
1475;DEATH;KilledByTarget;3;87;"-74,62";"0,3074";"0,26";8;4;12;24
1476;WIN;None;3;45;"211,87";"0,3071";"0,31";8;7;6;13
1477;DEATH;KilledByTarget;3;166;"-107,15";"0,3069";"0,27";17;17;15;34
1478;WIN;None;3;180;"175,77";"0,3066";"0,24";11;11;15;31
1479;WIN;None;3;98;"205,71";"0,3064";"0,24";12;10;13;28
1480;WIN;None;3;70;"246,07";"0,3061";"0,34";7;7;10;19
1481;DEATH;KilledByTarget;3;134;"-111,66";"0,3059";"0,33";11;9;8;22
1482;WIN;None;3;40;"230,57";"0,3057";"0,23";14;6;3;7
1483;DEATH;KilledByTarget;3;50;"-78,78";"0,3054";"0,2";11;6;6;17
1484;WIN;None;3;206;"165,35";"0,3052";"0,22";13;12;15;30
1485;WIN;None;3;69;"229,44";"0,3049";"0,19";11;10;8;16
1486;DEATH;KilledByTarget;3;97;"-103,32";"0,3047";"0,23";10;9;7;17
1487;DEATH;Suicide;3;4;"-304,51";"0,3044";"0,25";12;0;1;2
1488;WIN;None;3;144;"233,44";"0,3042";"0,26";10;8;10;20
1489;DEATH;KilledByTarget;3;109;"-116,41";"0,3039";"0,24";14;11;9;20
1490;DEATH;Suicide;3;4;"-304,51";"0,3037";"0,25";8;0;1;2
1491;DEATH;KilledByTarget;3;69;"-104,06";"0,3035";"0,2";15;7;4;8
1492;DEATH;KilledByTarget;3;68;"-107,44";"0,3032";"0,22";7;6;8;18
1493;DEATH;Suicide;3;4;"-304,51";"0,303";"0,25";13;0;1;2
1494;DEATH;KilledByTarget;3;287;"-164,72";"0,3027";"0,25";11;11;13;34
1495;WIN;None;3;147;"184,03";"0,3025";"0,22";9;8;12;27
1496;WIN;None;3;101;"216,5";"0,3023";"0,26";19;14;11;22
1497;WIN;None;3;116;"190,3";"0,302";"0,29";13;12;9;18
1498;WIN;None;3;104;"199,34";"0,3018";"0,33";10;9;9;18
1499;DEATH;KilledByTarget;3;134;"-95,96";"0,3015";"0,3";11;11;9;19
1500;WIN;None;3;102;"206,73";"0,3013";"0,25";10;9;10;21
1501;WIN;None;3;232;"168,18";"0,301";"0,28";13;11;16;33
1502;WIN;None;3;89;"232,29";"0,3008";"0,27";14;11;12;24
1503;WIN;None;3;289;"152,69";"0,3006";"0,25";16;16;26;54
1504;WIN;None;3;351;"118,2";"0,3003";"0,27";13;12;25;55
1505;DEATH;Suicide;3;4;"-304,51";"0,3001";"0,25";14;0;1;2
1506;DEATH;Suicide;3;10;"-305,88";"0,2998";"0,2";10;0;1;2
1507;WIN;None;3;83;"241,26";"0,2996";"0,27";13;7;7;16
1508;WIN;None;3;89;"248,94";"0,2994";"0,19";15;12;10;20
1509;WIN;None;3;80;"226,62";"0,2991";"0,28";9;6;9;18
1510;DEATH;KilledByTarget;3;93;"-108,39";"0,2989";"0,26";13;11;7;19
1511;WIN;None;3;94;"190,34";"0,2986";"0,22";13;8;9;18
1512;WIN;None;3;155;"170,52";"0,2984";"0,26";12;8;12;24
1513;WIN;None;3;184;"206,39";"0,2982";"0,23";8;8;12;25
1514;WIN;None;3;41;"212,9";"0,2979";"0,27";11;7;5;10
1515;WIN;None;3;132;"221,73";"0,2977";"0,31";14;13;10;24
1516;WIN;None;3;276;"233,3";"0,2975";"0,22";15;14;21;44
1517;WIN;None;3;191;"189,75";"0,2972";"0,22";11;11;15;30
1518;WIN;None;3;105;"238,02";"0,297";"0,21";17;14;11;22
1519;WIN;None;3;59;"206,19";"0,2967";"0,19";8;4;4;8
1520;WIN;None;3;66;"216,6";"0,2965";"0,3";12;9;4;8
1521;DEATH;KilledByTarget;3;66;"-102,05";"0,2963";"0,24";13;6;5;10
1522;WIN;None;3;328;"109,96";"0,296";"0,25";15;15;38;77
1523;WIN;None;3;187;"167,48";"0,2958";"0,27";10;10;20;38
1524;WIN;None;3;282;"200,28";"0,2956";"0,2";10;10;21;46
1525;WIN;None;3;146;"206,55";"0,2953";"0,23";11;9;13;26
1526;WIN;None;3;215;"146,92";"0,2951";"0,25";12;11;22;42
1527;DEATH;KilledByTarget;3;245;"-117,23";"0,2948";"0,26";14;13;23;47
1528;WIN;None;3;145;"211,52";"0,2946";"0,2";11;9;12;24
1529;WIN;None;3;195;"198,67";"0,2944";"0,23";14;14;19;38
1530;WIN;None;3;50;"189,12";"0,2941";"0,34";7;5;6;10
1531;DEATH;KilledByTarget;3;66;"-85,9";"0,2939";"0,26";11;6;4;9
1532;WIN;None;3;92;"212,08";"0,2937";"0,2";9;8;6;12
1533;WIN;None;3;76;"242,4";"0,2934";"0,29";12;11;8;16
1534;WIN;None;3;142;"186,48";"0,2932";"0,25";11;9;13;26
1535;WIN;None;3;190;"181,17";"0,293";"0,25";13;11;15;31
1536;WIN;None;3;313;"210,26";"0,2927";"0,25";14;13;30;62
1537;DEATH;KilledByTarget;3;138;"-88,49";"0,2925";"0,25";14;14;11;24
1538;WIN;None;3;109;"244,34";"0,2923";"0,2";14;13;8;20
1539;WIN;None;3;185;"226,92";"0,292";"0,24";15;13;20;45
1540;WIN;None;3;108;"201,01";"0,2918";"0,27";11;11;11;20
1541;WIN;None;3;303;"157,66";"0,2916";"0,23";9;9;25;51
1542;WIN;None;3;182;"184,58";"0,2913";"0,23";15;13;15;32
1543;WIN;None;3;37;"223,08";"0,2911";"0,24";11;3;3;6
1544;WIN;None;3;174;"173,04";"0,2909";"0,21";14;14;18;37
1545;DEATH;KilledByTarget;3;136;"-49,9";"0,2906";"0,22";10;9;11;21
1546;WIN;None;3;165;"166,32";"0,2904";"0,29";18;14;18;36
1547;DEATH;KilledByTarget;3;116;"-81,85";"0,2902";"0,23";12;11;8;18
1548;WIN;None;3;216;"196,15";"0,2899";"0,26";11;9;20;42
1549;WIN;None;3;254;"126,19";"0,2897";"0,29";8;7;23;46
1550;DEATH;KilledByTarget;3;157;"-122,87";"0,2895";"0,24";11;10;14;28
1551;DEATH;KilledByTarget;3;385;"-156,13";"0,2892";"0,24";10;9;33;72
1552;WIN;None;3;312;"107,08";"0,289";"0,26";13;12;19;44
1553;DEATH;KilledByTarget;3;108;"-124,29";"0,2888";"0,26";11;8;10;18
1554;WIN;None;3;122;"170,23";"0,2885";"0,23";10;9;11;22
1555;WIN;None;3;238;"153,46";"0,2883";"0,23";6;6;16;36
1556;WIN;None;3;83;"196,81";"0,2881";"0,19";9;6;3;6
1557;DEATH;KilledByTarget;3;74;"-97,36";"0,2878";"0,14";14;10;4;10
1558;WIN;None;3;120;"200,52";"0,2876";"0,22";8;3;9;21
1559;DEATH;KilledByTarget;3;67;"-126,42";"0,2874";"0,3";13;6;5;11
1560;DEATH;KilledByTarget;3;99;"-130,76";"0,2872";"0,28";9;8;7;15
1561;WIN;None;3;158;"154,36";"0,2869";"0,26";9;5;7;14
1562;WIN;None;3;165;"196,57";"0,2867";"0,22";11;11;14;30
1563;WIN;None;3;37;"222,63";"0,2865";"0,14";11;6;4;6
1564;WIN;None;3;116;"200,95";"0,2862";"0,19";14;6;8;19
1565;WIN;None;3;305;"110,47";"0,286";"0,25";9;9;20;40
1566;DEATH;KilledByTarget;3;95;"-119,13";"0,2858";"0,32";10;5;8;18
1567;WIN;None;3;132;"199,33";"0,2856";"0,23";12;11;12;25
1568;DEATH;KilledByTarget;3;159;"-97,01";"0,2853";"0,25";15;14;14;29
1569;WIN;None;3;238;"163,11";"0,2851";"0,25";12;12;12;28
1570;DEATH;Suicide;3;6;"-304,85";"0,2849";0;14;0;2;2
1571;WIN;None;3;80;"206,67";"0,2846";"0,24";13;8;7;14
1572;DEATH;KilledByTarget;3;180;"-70,13";"0,2844";"0,22";16;15;15;30
1573;WIN;None;3;104;"260,24";"0,2842";"0,2";10;9;11;23
1574;DEATH;KilledByTarget;3;83;"-58,24";"0,284";"0,18";15;12;7;13
1575;WIN;None;3;86;"207,9";"0,2837";"0,21";10;6;4;9
1576;DEATH;KilledByTarget;3;67;"-96,67";"0,2835";"0,24";12;6;5;12
1577;WIN;None;3;87;"224,18";"0,2833";"0,25";11;7;6;14
1578;DEATH;KilledByTarget;3;84;"-98,66";"0,2831";"0,32";12;11;7;13
1579;DEATH;KilledByTarget;3;56;"-85,35";"0,2828";"0,2";11;7;5;10
1580;WIN;None;3;496;"35,2";"0,2826";"0,27";13;13;37;77
1581;DEATH;KilledByTarget;3;96;"-123,85";"0,2824";"0,22";9;6;6;14
1582;WIN;None;3;70;"215,87";"0,2821";"0,23";11;8;7;14
1583;DEATH;KilledByTarget;3;145;"-96,38";"0,2819";"0,23";15;11;18;36
1584;DEATH;KilledByTarget;3;87;"-90,22";"0,2817";"0,22";9;7;7;16
1585;DEATH;KilledByTarget;3;79;"-96,96";"0,2815";"0,2";9;6;7;14
1586;WIN;None;3;188;"232,51";"0,2812";"0,25";9;9;21;45
1587;DEATH;KilledByTarget;3;49;"-80,16";"0,281";"0,27";12;11;7;15
1588;WIN;None;3;46;"216,1";"0,2808";"0,28";11;4;4;8
1589;WIN;None;3;60;"220,12";"0,2806";"0,22";12;5;4;8
1590;DEATH;KilledByTarget;3;54;"-40,36";"0,2803";"0,2";13;7;8;16
1591;WIN;None;3;83;"241,06";"0,2801";"0,18";11;8;9;16
1592;WIN;None;3;109;"265,89";"0,2799";"0,22";12;11;9;20
1593;WIN;None;3;91;"240,9";"0,2797";"0,23";16;12;8;16
1594;WIN;None;3;156;"228,75";"0,2795";"0,26";13;13;15;31
1595;WIN;None;3;40;"243,42";"0,2792";"0,18";11;8;6;12
1596;WIN;None;3;126;"203,6";"0,279";"0,25";13;6;6;13
1597;WIN;None;3;213;"181,01";"0,2788";"0,3";14;13;17;38
1598;WIN;None;3;167;"186,53";"0,2786";"0,2";14;13;13;26
1599;WIN;None;3;70;"232,12";"0,2783";"0,21";13;10;12;25
1600;DEATH;KilledByTarget;3;80;"-32,28";"0,2781";"0,31";12;7;10;22
1601;WIN;None;3;120;"190,17";"0,2779";"0,24";10;5;8;20
1602;WIN;None;3;40;"198,32";"0,2777";"0,28";7;3;2;4
1603;WIN;None;3;90;"253,92";"0,2774";"0,21";13;10;8;18
1604;WIN;None;3;192;"212,53";"0,2772";"0,21";10;10;23;46
1605;WIN;None;3;128;"198,56";"0,277";"0,22";12;10;10;22
1606;WIN;None;3;104;"193,14";"0,2768";"0,24";9;6;6;12
1607;WIN;None;3;247;"146,83";"0,2766";"0,18";14;14;24;46
1608;WIN;None;3;56;"220,9";"0,2763";"0,23";11;6;3;7
1609;DEATH;KilledByTarget;3;80;"-104,18";"0,2761";"0,24";14;8;6;10
1610;WIN;None;3;101;"239,85";"0,2759";"0,24";11;8;9;21
1611;DEATH;KilledByTarget;3;95;"-98,68";"0,2757";"0,21";13;11;9;20
1612;WIN;None;3;183;"189,51";"0,2755";"0,22";9;9;13;26
1613;WIN;None;3;270;"92,97";"0,2752";"0,23";12;12;23;48
1614;WIN;None;3;67;"230,48";"0,275";"0,19";7;4;5;10
1615;DEATH;KilledByTarget;3;175;"-131,43";"0,2748";"0,19";11;10;10;21
1616;DEATH;KilledByTarget;3;61;-71;"0,2746";"0,25";8;5;5;10
1617;WIN;None;3;139;"165,54";"0,2744";"0,17";13;10;8;16
1618;WIN;None;3;47;"212,08";"0,2741";"0,28";11;7;5;10
1619;WIN;None;3;306;"125,2";"0,2739";"0,22";13;12;24;52
1620;DEATH;KilledByTarget;3;160;"-140,73";"0,2737";"0,16";9;9;7;18
1621;DEATH;KilledByTarget;3;84;"-130,81";"0,2735";"0,2";11;9;5;10
1622;WIN;None;3;48;"198,36";"0,2733";"0,25";7;5;5;10
1623;DEATH;KilledByTarget;3;119;"-101,86";"0,273";"0,25";14;10;7;16
1624;WIN;None;3;114;"230,74";"0,2728";"0,21";12;9;10;21
1625;WIN;None;3;81;"177,95";"0,2726";"0,25";9;8;7;14
1626;WIN;None;3;75;"230,47";"0,2724";"0,25";11;10;7;15
1627;WIN;None;3;105;"152,62";"0,2722";"0,16";10;7;9;18
1628;WIN;None;3;20;"208,82";"0,2719";"0,15";9;3;2;4
1629;WIN;None;3;36;"243,55";"0,2717";"0,19";12;7;6;12
1630;WIN;None;3;34;"213,64";"0,2715";"0,21";9;3;3;6
1631;WIN;None;3;17;"208,88";"0,2713";"0,18";11;2;3;6
1632;WIN;None;3;258;"135,86";"0,2711";"0,25";12;12;21;45
1633;WIN;None;3;341;"195,45";"0,2709";"0,21";9;9;26;54
1634;WIN;None;3;198;"163,71";"0,2706";"0,2";15;13;20;42
1635;DEATH;KilledByTarget;3;118;"-119,29";"0,2704";"0,25";9;9;9;23
1636;WIN;None;3;85;"204,62";"0,2702";"0,18";15;7;9;18
1637;WIN;None;3;137;"183,38";"0,27";"0,22";14;8;7;15
1638;WIN;None;3;231;"161,7";"0,2698";"0,26";14;13;20;40
1639;WIN;None;3;173;"185,06";"0,2696";"0,22";12;10;12;24
1640;WIN;None;3;229;"171,89";"0,2693";"0,21";13;13;24;48
1641;DEATH;Suicide;3;4;"-304,51";"0,2691";"0,25";12;0;1;2
1642;WIN;None;3;192;"180,03";"0,2689";"0,26";11;10;21;42
1643;WIN;None;3;164;"162,29";"0,2687";"0,15";13;10;11;23
1644;WIN;None;3;166;"212,35";"0,2685";"0,17";11;10;9;20
1645;WIN;None;3;118;"156,51";"0,2683";"0,2";11;7;11;22
1646;WIN;None;3;221;"146,35";"0,2681";"0,24";13;13;25;50
1647;WIN;None;3;228;"143,31";"0,2678";"0,25";13;11;16;33
1648;DEATH;KilledByTarget;3;38;"-93,04";"0,2676";"0,26";8;6;3;6
1649;WIN;None;3;108;"182,01";"0,2674";"0,2";7;5;9;19
1650;WIN;None;3;162;"182,43";"0,2672";"0,2";11;6;11;22
1651;DEATH;KilledByTarget;3;153;"-128,74";"0,267";"0,21";8;7;5;10
1652;DEATH;KilledByTarget;3;177;"-131,42";"0,2668";"0,25";11;8;11;23
1653;WIN;None;3;99;"222,24";"0,2666";"0,2";12;9;6;12
1654;WIN;None;3;124;"201,94";"0,2663";"0,24";11;7;9;18
1655;DEATH;KilledByTarget;3;182;"-108,37";"0,2661";"0,27";16;14;14;34
1656;DEATH;KilledByTarget;3;198;"-138,99";"0,2659";"0,21";11;9;9;24
1657;WIN;None;3;226;"114,8";"0,2657";"0,21";13;12;22;44
1658;WIN;None;3;129;"195,44";"0,2655";"0,23";10;5;9;21
1659;WIN;None;3;77;"227,48";"0,2653";"0,27";12;8;7;14
1660;DEATH;Suicide;3;4;"-304,51";"0,2651";"0,25";12;0;1;2
1661;WIN;None;3;244;"239,94";"0,2649";"0,23";13;13;17;40
1662;WIN;None;3;75;"181,02";"0,2646";"0,15";10;7;5;11
1663;DEATH;KilledByTarget;3;113;"-102,49";"0,2644";"0,26";12;8;7;16
1664;WIN;None;3;158;"208,91";"0,2642";"0,23";13;10;14;31
1665;WIN;None;3;88;"242,61";"0,264";"0,19";10;8;8;18
1666;WIN;None;3;114;"206,19";"0,2638";"0,25";12;10;7;14
1667;DEATH;Suicide;3;4;"-304,51";"0,2636";"0,25";9;0;1;2
1668;WIN;None;3;85;"193,97";"0,2634";"0,18";10;5;3;10
1669;WIN;None;3;57;"207,28";"0,2632";"0,21";11;5;6;12
1670;DEATH;KilledByTarget;3;379;"-227,06";"0,263";"0,27";16;15;26;60
1671;DEATH;KilledByTarget;3;155;"-163,03";"0,2627";"0,21";6;6;12;25
1672;WIN;None;3;50;"202,02";"0,2625";"0,24";7;4;3;6
1673;WIN;None;3;225;"141,37";"0,2623";"0,21";13;13;12;24
1674;WIN;None;3;169;"183,09";"0,2621";"0,2";13;13;13;28
1675;DEATH;KilledByTarget;3;130;"-116,33";"0,2619";"0,22";13;10;10;21
1676;WIN;None;3;130;"188,47";"0,2617";"0,24";15;14;11;22
1677;DEATH;KilledByTarget;3;82;"-88,72";"0,2615";"0,16";13;6;6;14
1678;WIN;None;3;80;"208,57";"0,2613";"0,18";10;5;6;14
1679;WIN;None;3;107;"206,23";"0,2611";"0,21";12;10;8;14
1680;WIN;None;3;158;"212,26";"0,2609";"0,21";12;12;14;32
1681;DEATH;KilledByTarget;3;127;"-143,57";"0,2607";"0,21";10;10;8;17
1682;DEATH;Suicide;3;25;"-310,08";"0,2604";"0,24";8;2;1;2
1683;WIN;None;3;190;"161,02";"0,2602";"0,23";14;14;19;40
1684;WIN;None;3;111;"186,35";"0,26";"0,23";11;10;13;25
1685;DEATH;KilledByTarget;3;231;"-135,55";"0,2598";"0,26";18;17;10;23
1686;WIN;None;3;199;"226,59";"0,2596";"0,22";11;11;15;32
1687;DEATH;KilledByTarget;3;98;"-114,99";"0,2594";"0,22";10;9;4;10
1688;WIN;None;3;39;"222,79";"0,2592";"0,38";9;5;4;6
1689;WIN;None;3;193;"115,71";"0,259";"0,19";11;10;15;34
1690;WIN;None;3;93;"219,86";"0,2588";"0,27";10;9;8;16
1691;DEATH;KilledByTarget;3;94;"-102,51";"0,2586";"0,21";8;7;8;16
1692;WIN;None;3;232;"154,98";"0,2584";"0,23";8;8;14;28
1693;WIN;None;3;78;"201,01";"0,2582";"0,1";11;7;5;10
1694;WIN;None;3;232;"141,28";"0,258";"0,18";11;10;16;33
1695;WIN;None;3;218;"191,06";"0,2577";"0,21";15;10;10;20
1696;WIN;None;3;594;"93,19";"0,2575";"0,23";13;13;35;77
1697;DEATH;KilledByTarget;3;225;"-200,78";"0,2573";"0,22";9;9;17;36
1698;DEATH;KilledByTarget;3;233;"-187,14";"0,2571";"0,19";12;11;14;29
1699;WIN;None;3;65;"211,47";"0,2569";"0,12";9;4;6;13
1700;WIN;None;3;112;"166,78";"0,2567";"0,2";13;5;7;16
1701;WIN;None;3;143;"156,31";"0,2565";"0,21";8;7;11;22
1702;WIN;None;3;463;"146,71";"0,2563";"0,23";11;11;33;67
1703;WIN;None;3;513;"57,86";"0,2561";"0,22";12;12;26;52
1704;WIN;None;3;449;"106,14";"0,2559";"0,19";16;16;24;51
1705;WIN;None;3;85;"197,42";"0,2557";"0,24";9;8;6;14
1706;WIN;None;3;160;"169,87";"0,2555";"0,27";13;10;11;23
1707;WIN;None;3;93;"189,71";"0,2553";"0,26";8;7;7;14
1708;WIN;None;3;306;"153,75";"0,2551";"0,2";8;8;13;29
1709;WIN;None;3;391;"109,85";"0,2549";"0,23";13;13;27;61
1710;WIN;None;3;249;"191,04";"0,2547";"0,22";13;13;14;30
1711;WIN;None;3;175;"193,02";"0,2545";"0,21";10;8;10;20
1712;WIN;None;3;230;"172,07";"0,2543";"0,21";14;12;14;29
1713;WIN;None;3;136;"174,9";"0,2541";"0,27";9;9;9;22
1714;WIN;None;3;178;"175,31";"0,2539";"0,2";14;12;15;28
1715;WIN;None;3;268;"113,66";"0,2537";"0,23";13;12;16;34
1716;DEATH;KilledByTarget;3;168;"-160,99";"0,2535";"0,22";7;4;8;16
1717;DEATH;Suicide;3;4;"-304,51";"0,2533";"0,5";11;0;2;2
1718;WIN;None;3;426;"45,4";"0,253";"0,21";11;11;29;58
1719;WIN;None;3;267;"146,98";"0,2528";"0,22";11;10;16;33
1720;WIN;None;3;518;"-55,79";"0,2526";"0,22";12;12;39;81
1721;WIN;None;3;136;206;"0,2524";"0,22";10;9;13;26
1722;WIN;None;3;128;"187,91";"0,2522";"0,23";12;9;10;20
1723;WIN;None;3;131;"177,65";"0,252";"0,21";12;10;11;22
1724;DEATH;KilledByTarget;3;156;"-134,1";"0,2518";"0,22";15;15;9;18
1725;WIN;None;3;399;"137,44";"0,2516";"0,24";13;13;33;67
1726;WIN;None;3;124;"171,74";"0,2514";"0,23";13;8;7;14
1727;DEATH;KilledByTarget;3;177;"-128,12";"0,2512";"0,23";11;10;9;18
1728;WIN;None;3;474;"33,04";"0,251";"0,25";10;9;27;54
1729;WIN;None;3;182;"191,73";"0,2508";"0,23";13;11;15;31
1730;DEATH;Suicide;3;25;"-308,13";"0,2506";"0,12";12;1;1;2
1731;DEATH;KilledByTarget;3;158;"-187,39";"0,2504";"0,14";11;9;3;6
1732;WIN;None;3;62;"220,58";"0,2502";"0,18";14;8;8;16
1733;WIN;None;3;169;"233,79";"0,25";"0,19";14;10;15;30
1734;WIN;None;3;259;"144,69";"0,2498";"0,23";11;9;20;41
1735;WIN;None;3;220;"167,47";"0,2496";"0,21";12;12;17;33
1736;WIN;None;3;187;"138,98";"0,2494";"0,23";15;12;13;27
1737;WIN;None;3;209;"183,19";"0,2492";"0,16";13;11;12;25
1738;DEATH;KilledByTarget;3;85;"-116,53";"0,249";"0,26";14;7;7;15
1739;WIN;None;3;184;"134,64";"0,2488";"0,2";13;13;7;16
1740;WIN;None;3;291;"181,75";"0,2486";"0,23";17;13;20;41
1741;DEATH;KilledByTarget;3;129;"-118,01";"0,2484";"0,2";11;10;8;16
1742;WIN;None;3;576;"-41,15";"0,2482";"0,18";7;7;28;56
1743;WIN;None;3;209;"147,14";"0,248";"0,25";5;2;9;18
1744;WIN;None;3;311;"159,35";"0,2478";"0,21";15;15;16;39
1745;WIN;None;3;85;"185,92";"0,2476";"0,26";13;8;6;12
1746;DEATH;KilledByTarget;3;76;"-105,9";"0,2474";"0,16";12;8;6;12
1747;DEATH;KilledByTarget;3;183;"-179,19";"0,2472";"0,17";11;7;8;17
1748;WIN;None;3;205;"123,67";"0,247";"0,22";9;8;15;30
1749;DEATH;KilledByTarget;3;383;"-136,09";"0,2468";"0,24";10;10;28;63
1750;DEATH;KilledByTarget;3;128;"-136,19";"0,2467";"0,16";9;8;9;18
1751;WIN;None;3;46;"232,4";"0,2465";"0,26";9;6;6;12
1752;WIN;None;3;152;"207,28";"0,2463";"0,2";13;10;13;27
1753;WIN;None;3;216;"98,2";"0,2461";"0,21";9;8;13;27
1754;WIN;None;3;155;"189,62";"0,2459";"0,26";13;10;13;25
1755;DEATH;KilledByTarget;3;72;"-103,27";"0,2457";"0,22";11;4;7;13
1756;WIN;None;3;52;"218,78";"0,2455";"0,15";10;5;4;8
1757;DEATH;KilledByTarget;3;181;"-154,75";"0,2453";"0,23";11;9;10;21
1758;WIN;None;3;178;"216,21";"0,2451";"0,19";9;8;12;24
1759;DEATH;KilledByTarget;3;134;"-77,91";"0,2449";"0,21";12;10;9;18
1760;WIN;None;3;172;"179,88";"0,2447";"0,28";14;9;14;30
1761;DEATH;Suicide;3;21;-308;"0,2445";"0,33";13;1;2;2
1762;DEATH;KilledByTarget;3;181;"-112,5";"0,2443";"0,18";9;6;9;22
1763;WIN;None;3;50;"223,37";"0,2441";"0,22";8;4;6;15
1764;WIN;None;3;166;"186,2";"0,2439";"0,21";11;8;8;19
1765;WIN;None;3;201;"163,2";"0,2437";"0,23";12;11;19;41
1766;WIN;None;3;186;"151,9";"0,2435";"0,21";10;8;12;25
1767;WIN;None;3;93;"210,61";"0,2433";"0,15";13;10;8;14
1768;WIN;None;3;182;"226,83";"0,2431";"0,2";12;11;19;39
1769;WIN;None;3;178;"204,86";"0,2429";"0,22";12;11;12;28
1770;WIN;None;3;92;"241,78";"0,2427";"0,18";12;8;9;20
1771;WIN;None;3;339;"252,79";"0,2425";"0,2";8;8;21;48
1772;WIN;None;3;82;"243,88";"0,2423";"0,16";9;7;10;20
1773;WIN;None;3;85;"204,52";"0,2422";"0,15";10;7;9;18
1774;WIN;None;3;194;"131,19";"0,242";"0,2";10;8;12;24
1775;WIN;None;3;96;"239,15";"0,2418";"0,14";10;3;9;20
1776;WIN;None;3;339;"199,29";"0,2416";"0,19";17;16;23;48
1777;WIN;None;3;143;"204,31";"0,2414";"0,21";7;7;10;20
1778;WIN;None;3;133;"199,96";"0,2412";"0,21";14;9;7;14
1779;WIN;None;3;133;"197,61";"0,241";"0,21";13;9;5;10
1780;WIN;None;3;72;"192,63";"0,2408";"0,25";9;4;7;15
1781;WIN;None;3;98;"202,31";"0,2406";"0,18";14;11;8;16
1782;WIN;None;3;89;"230,19";"0,2404";"0,16";10;9;7;14
1783;DEATH;KilledByTarget;3;120;"-110,83";"0,2402";"0,24";13;9;10;20
1784;WIN;None;3;400;"87,77";"0,24";"0,2";13;13;33;69
1785;DEATH;KilledByTarget;3;80;"-121,63";"0,2398";"0,23";15;9;4;9
1786;WIN;None;3;155;"284,77";"0,2396";"0,19";10;10;19;40
1787;WIN;None;3;43;"210,41";"0,2395";"0,14";10;8;3;6
1788;WIN;None;3;48;"222,06";"0,2393";"0,23";11;6;6;12
1789;WIN;None;3;114;"226,79";"0,2391";"0,18";12;10;13;26
1790;WIN;None;3;98;"229,26";"0,2389";"0,14";9;6;6;12
1791;DEATH;KilledByTarget;3;290;"-134,98";"0,2387";"0,21";14;14;29;58
1792;WIN;None;3;90;"201,02";"0,2385";"0,17";8;8;6;12
1793;WIN;None;3;115;"240,62";"0,2383";"0,16";11;10;8;16
1794;WIN;None;3;65;"238,47";"0,2381";"0,22";7;2;4;8
1795;WIN;None;3;108;"256,71";"0,2379";"0,15";17;14;12;27
1796;WIN;None;3;157;"176,08";"0,2377";"0,15";15;14;18;34
1797;DEATH;KilledByTarget;3;74;"-101,01";"0,2375";"0,22";9;8;6;13
1798;DEATH;KilledByTarget;3;179;"-149,91";"0,2374";"0,17";13;11;14;31
1799;WIN;None;3;93;"195,91";"0,2372";"0,18";13;8;4;8
1800;WIN;None;3;49;"223,49";"0,237";"0,12";17;10;7;14
1801;WIN;None;3;149;"222,39";"0,2368";"0,23";10;9;13;29
1802;WIN;None;3;99;"214,59";"0,2366";"0,11";15;12;13;26
1803;DEATH;KilledByTarget;3;32;"-95,22";"0,2364";"0,13";11;5;5;11
1804;WIN;None;3;51;"223,5";"0,2362";"0,22";9;6;5;10
1805;WIN;None;3;30;"206,87";"0,236";"0,17";6;4;3;7
1806;WIN;None;3;149;"221,54";"0,2358";"0,19";15;12;12;26
1807;WIN;None;3;129;"213,49";"0,2357";"0,23";10;10;14;31
1808;WIN;None;3;120;"238,92";"0,2355";"0,17";12;8;7;16
1809;DEATH;KilledByTarget;3;45;"-90,78";"0,2353";"0,16";7;6;4;11
1810;WIN;None;3;114;"244,54";"0,2351";"0,17";13;13;9;16
1811;WIN;None;3;153;"200,21";"0,2349";"0,14";16;14;9;19
1812;WIN;None;3;194;"174,64";"0,2347";"0,18";8;6;7;16
1813;WIN;None;3;68;"202,76";"0,2345";"0,12";9;7;5;10
1814;DEATH;KilledByTarget;3;167;"-98,32";"0,2343";"0,19";12;12;12;28
1815;WIN;None;3;132;"201,68";"0,2341";"0,17";10;8;9;21
1816;WIN;None;3;184;"215,89";"0,234";"0,23";10;9;16;32
1817;WIN;None;3;120;"195,82";"0,2338";"0,27";11;11;11;20
1818;DEATH;KilledByTarget;3;178;"-141,59";"0,2336";"0,21";11;11;11;27
1819;DEATH;KilledByTarget;3;79;"-103,76";"0,2334";"0,2";12;7;5;11
1820;WIN;None;3;73;"241,66";"0,2332";"0,19";13;10;8;16
1821;WIN;None;3;99;"206,24";"0,233";"0,19";13;9;8;14
1822;WIN;None;3;90;"229,57";"0,2328";"0,13";13;7;9;19
1823;WIN;None;3;52;"221,43";"0,2327";"0,06";8;5;7;14
1824;WIN;None;3;216;"245,75";"0,2325";"0,25";8;8;19;38
1825;DEATH;Suicide;3;4;"-304,51";"0,2323";"0,5";12;0;1;2
1826;DEATH;KilledByTarget;3;87;"-124,32";"0,2321";"0,17";11;7;8;18
1827;WIN;None;3;84;"227,64";"0,2319";"0,18";13;10;14;28
1828;WIN;None;3;52;"231,08";"0,2317";"0,15";14;9;6;14
1829;WIN;None;3;262;"190,43";"0,2315";"0,19";8;8;34;75
1830;WIN;None;3;55;"188,37";"0,2314";"0,09";8;4;10;20
1831;WIN;None;3;47;"233,43";"0,2312";"0,21";13;9;5;10
1832;WIN;None;3;84;"204,99";"0,231";"0,2";13;10;11;20
1833;WIN;None;3;78;"205,26";"0,2308";"0,19";11;8;14;28
1834;WIN;None;3;59;"221,19";"0,2306";"0,14";11;8;8;16
1835;WIN;None;3;83;"234,56";"0,2304";"0,17";12;9;11;22
1836;DEATH;KilledByTarget;3;26;"-90,35";"0,2302";"0,19";8;4;3;7
1837;WIN;None;3;45;"209,37";"0,2301";"0,22";9;7;4;8
1838;WIN;None;3;71;"245,5";"0,2299";"0,14";10;9;7;14
1839;WIN;None;3;165;"148,27";"0,2297";"0,18";10;10;26;52
1840;WIN;None;3;57;"194,23";"0,2295";"0,18";9;8;11;20
1841;DEATH;KilledByTarget;3;27;"-80,77";"0,2293";"0,22";11;5;3;7
1842;WIN;None;3;89;"219,79";"0,2291";"0,21";14;11;12;22
1843;WIN;None;3;85;"245,02";"0,229";"0,13";15;12;12;24
1844;DEATH;KilledByTarget;3;97;"-126,67";"0,2288";"0,14";12;9;16;34
1845;WIN;None;3;57;"218,48";"0,2286";"0,25";9;5;4;8
1846;WIN;None;3;113;"204,31";"0,2284";"0,19";8;8;18;36
1847;DEATH;KilledByTarget;3;37;"-70,32";"0,2282";"0,16";14;7;5;11
1848;DEATH;KilledByTarget;3;58;"-105,69";"0,228";"0,21";14;8;9;17
1849;WIN;None;3;68;"256,31";"0,2279";"0,12";11;10;8;19
1850;WIN;None;3;92;"243,58";"0,2277";"0,13";14;11;10;22
1851;WIN;None;3;113;"203,11";"0,2275";"0,18";9;9;10;20
1852;WIN;None;3;94;"233,59";"0,2273";"0,19";14;12;8;16
1853;WIN;None;3;116;"211,35";"0,2271";"0,17";13;13;15;30
1854;WIN;None;3;200;"159,02";"0,227";"0,18";8;8;14;28
1855;WIN;None;3;267;"113,53";"0,2268";"0,17";13;13;18;38
1856;WIN;None;3;131;"253,45";"0,2266";"0,16";12;10;8;16
1857;DEATH;KilledByTarget;3;83;"-77,89";"0,2264";"0,14";15;8;6;12
1858;WIN;None;3;100;"183,12";"0,2262";"0,18";10;8;4;8
1859;WIN;None;3;366;"198,35";"0,226";"0,17";16;15;21;42
1860;WIN;None;3;135;"239,97";"0,2259";"0,13";10;9;12;25
1861;WIN;None;3;84;"217,29";"0,2257";"0,18";9;8;8;16
1862;WIN;None;3;115;"244,57";"0,2255";"0,17";15;13;11;24
1863;WIN;None;3;88;"210,61";"0,2253";"0,2";12;8;9;18
1864;WIN;None;3;92;"214,28";"0,2251";"0,16";11;9;10;22
1865;DEATH;KilledByTarget;3;140;"-133,98";"0,225";"0,12";14;11;7;18
1866;WIN;None;3;140;"215,47";"0,2248";"0,21";13;8;16;36
1867;WIN;None;3;76;"246,15";"0,2246";"0,2";11;9;6;12
1868;WIN;None;3;96;"194,75";"0,2244";"0,22";11;7;10;20
1869;WIN;None;3;48;"187,21";"0,2242";"0,23";10;6;2;4
1870;WIN;None;3;163;"109,41";"0,2241";"0,18";9;9;9;19
1871;WIN;None;3;192;"205,08";"0,2239";"0,21";9;7;16;38
1872;WIN;None;3;46;"238,95";"0,2237";"0,17";14;8;5;10
1873;WIN;None;3;85;"182,77";"0,2235";"0,24";11;7;5;10
1874;DEATH;KilledByTarget;3;104;"-135,71";"0,2233";"0,24";10;6;9;18
1875;WIN;None;3;142;"184,73";"0,2232";"0,2";14;12;12;26
1876;WIN;None;3;149;"202,04";"0,223";"0,2";10;9;9;20
1877;WIN;None;3;177;"169,23";"0,2228";"0,22";12;11;15;35
1878;WIN;None;3;141;237;"0,2226";"0,2";15;15;14;28
1879;DEATH;KilledByTarget;3;128;"-125,94";"0,2225";"0,2";9;7;3;6
1880;WIN;None;3;117;"192,23";"0,2223";"0,15";11;9;7;14
1881;WIN;None;3;67;"246,98";"0,2221";"0,19";9;8;7;15
1882;WIN;None;3;188;"159,41";"0,2219";"0,19";11;10;12;22
1883;WIN;None;3;204;"181,44";"0,2217";"0,17";10;10;12;28
1884;DEATH;KilledByTarget;3;126;"-172,9";"0,2216";"0,1";13;9;6;13
1885;WIN;None;3;370;"136,92";"0,2214";"0,18";14;14;30;63
1886;WIN;None;3;96;"210,75";"0,2212";"0,15";11;7;7;15
1887;WIN;None;3;323;"143,71";"0,221";"0,19";14;14;19;44
1888;DEATH;KilledByTarget;3;60;"-96,98";"0,2209";"0,27";9;6;4;8
1889;WIN;None;3;85;"209,22";"0,2207";"0,22";11;7;7;17
1890;WIN;None;3;189;"200,39";"0,2205";"0,2";14;12;10;20
1891;DEATH;KilledByTarget;3;304;"-103,96";"0,2203";"0,16";11;11;19;41
1892;WIN;None;3;93;"199,76";"0,2202";"0,2";12;8;5;10
1893;DEATH;KilledByTarget;3;211;"-162,5";"0,22";"0,19";14;14;11;25
1894;WIN;None;3;269;"131,04";"0,2198";"0,22";12;10;16;36
1895;DEATH;KilledByTarget;3;196;"-203,55";"0,2196";"0,2";10;8;11;22
1896;DEATH;KilledByTarget;3;69;"-108,86";"0,2194";"0,28";8;6;5;11
1897;WIN;None;3;51;236;"0,2193";"0,14";14;9;6;12
1898;WIN;None;3;186;"161,35";"0,2191";"0,17";13;11;10;19
1899;WIN;None;3;272;"183,68";"0,2189";"0,2";10;7;17;35
1900;WIN;None;3;81;"222,1";"0,2187";"0,14";14;8;9;16
1901;WIN;None;3;52;"181,58";"0,2186";"0,19";9;2;4;9
1902;WIN;None;3;99;"181,44";"0,2184";"0,22";9;5;7;16
1903;WIN;None;3;96;"158,45";"0,2182";"0,13";14;7;7;17
1904;WIN;None;3;112;"190,63";"0,218";"0,21";9;7;8;16
1905;WIN;None;3;194;"88,44";"0,2179";"0,13";11;10;17;34
1906;WIN;None;3;81;"278,15";"0,2177";"0,23";13;12;8;16
1907;WIN;None;3;98;"194,51";"0,2175";"0,16";15;10;11;22
1908;WIN;None;3;299;"124,49";"0,2174";"0,18";18;17;18;36
1909;WIN;None;3;35;"208,97";"0,2172";"0,17";9;2;4;8
1910;DEATH;Suicide;3;7;"-305,07";"0,217";"0,43";13;0;1;2
1911;WIN;None;3;45;"227,92";"0,2168";"0,11";12;8;6;12
1912;WIN;None;3;142;"204,28";"0,2167";"0,17";11;11;10;23
1913;WIN;None;3;84;"237,94";"0,2165";"0,19";14;10;7;16
1914;WIN;None;3;135;"228,82";"0,2163";"0,2";10;9;7;15
1915;WIN;None;3;223;"189,41";"0,2161";"0,22";12;12;14;35
1916;WIN;None;3;177;"188,78";"0,216";"0,2";13;12;14;27
1917;WIN;None;3;158;"241,81";"0,2158";"0,19";12;12;14;28
1918;WIN;None;3;235;"197,37";"0,2156";"0,18";15;15;17;37
1919;DEATH;Suicide;3;4;"-304,51";"0,2154";"0,25";7;0;1;2
1920;WIN;None;3;103;"187,41";"0,2153";"0,17";10;10;8;16
1921;WIN;None;3;35;"198,17";"0,2151";"0,14";10;4;3;6
1922;WIN;None;3;42;"198,18";"0,2149";"0,14";9;5;3;4
1923;WIN;None;3;101;"192,6";"0,2148";"0,22";10;10;11;20
1924;WIN;None;3;88;"254,16";"0,2146";"0,2";12;9;10;20
1925;WIN;None;3;211;231;"0,2144";"0,18";12;11;16;41
1926;DEATH;KilledByTarget;3;121;"-87,1";"0,2142";"0,17";13;13;11;22
1927;WIN;None;3;260;"159,77";"0,2141";"0,19";11;11;21;42
1928;DEATH;KilledByTarget;3;44;"-77,36";"0,2139";"0,14";14;8;4;8
1929;WIN;None;3;52;"231,33";"0,2137";"0,15";10;7;5;11
1930;WIN;None;3;233;"184,66";"0,2136";"0,2";13;13;13;26
1931;WIN;None;3;227;"118,83";"0,2134";"0,16";8;8;16;32
1932;WIN;None;3;113;"260,41";"0,2132";"0,2";13;11;14;28
1933;WIN;None;3;361;"162,15";"0,213";"0,17";12;12;22;45
1934;WIN;None;3;232;"135,38";"0,2129";"0,13";13;13;17;32
1935;WIN;None;3;36;"199,2";"0,2127";"0,17";11;3;4;8
1936;WIN;None;3;23;"207,81";"0,2125";"0,13";12;3;3;6
1937;WIN;None;3;37;"221,68";"0,2124";"0,19";10;4;4;9
1938;DEATH;KilledByTarget;3;33;"-85,94";"0,2122";"0,15";13;9;4;10
1939;WIN;None;3;90;"206,77";"0,212";"0,21";13;11;13;26
1940;WIN;None;3;73;"210,61";"0,2119";"0,18";9;9;5;12
1941;WIN;None;3;72;"211,03";"0,2117";"0,24";9;6;8;16
1942;WIN;None;3;100;"159,52";"0,2115";"0,14";12;10;5;10
1943;WIN;None;3;80;"192,92";"0,2113";"0,18";8;5;3;6
1944;WIN;None;3;146;"213,5";"0,2112";"0,17";9;9;16;33
1945;WIN;None;3;214;"173,44";"0,211";"0,16";14;11;11;22
1946;DEATH;KilledByTarget;3;100;"-143,13";"0,2108";"0,14";8;8;4;10
1947;WIN;None;3;244;"182,04";"0,2107";"0,14";11;10;10;22
1948;WIN;None;3;156;"196,7";"0,2105";"0,24";11;9;12;27
1949;WIN;None;3;79;"234,34";"0,2103";"0,22";11;10;9;18
1950;WIN;None;3;134;"202,29";"0,2102";"0,21";11;11;11;22
1951;WIN;None;3;117;"191,53";"0,21";"0,22";11;9;7;14
1952;DEATH;KilledByTarget;3;211;"-151,1";"0,2098";"0,22";14;11;14;30
1953;WIN;None;3;87;"198,48";"0,2097";"0,21";11;8;5;10
1954;WIN;None;3;66;"249,25";"0,2095";"0,15";11;7;7;12
1955;WIN;None;3;24;"214,69";"0,2093";"0,17";11;0;2;6
1956;WIN;None;3;306;"128,3";"0,2092";"0,21";13;13;24;50
1957;WIN;None;3;366;"157,45";"0,209";"0,14";15;15;19;44
1958;DEATH;KilledByTarget;3;54;"-69,06";"0,2088";"0,15";14;9;6;12
1959;WIN;None;3;53;"234,71";"0,2087";"0,13";8;8;6;12
1960;WIN;None;3;178;"194,31";"0,2085";"0,22";14;13;9;18
1961;DEATH;KilledByTarget;3;160;"-85,93";"0,2083";"0,21";14;14;13;27
1962;WIN;None;3;85;"243,67";"0,2082";"0,15";12;11;8;16
1963;DEATH;Suicide;3;4;"-304,51";"0,208";"0,25";15;0;1;2
1964;WIN;None;3;187;"206,38";"0,2078";"0,21";6;6;12;24
1965;WIN;None;3;124;"229,54";"0,2077";"0,16";12;10;12;25
1966;WIN;None;3;208;"138,46";"0,2075";"0,19";7;7;21;43
1967;WIN;None;3;199;"178,74";"0,2073";"0,2";13;12;13;29
1968;WIN;None;3;47;"228,38";"0,2072";"0,15";13;7;5;8
1969;DEATH;KilledByTarget;3;232;"-165,97";"0,207";"0,17";17;17;15;32
1970;WIN;None;3;63;"232,96";"0,2068";"0,16";7;7;6;12
1971;WIN;None;3;108;"209,16";"0,2067";"0,17";10;10;12;24
1972;DEATH;KilledByTarget;3;123;"-117,79";"0,2065";"0,23";11;11;13;27
1973;WIN;None;3;164;"194,59";"0,2063";"0,18";13;12;9;20
1974;WIN;None;3;94;"236,59";"0,2062";"0,22";12;9;6;12
1975;WIN;None;3;125;"226,97";"0,206";"0,18";13;11;14;28
1976;WIN;None;3;193;"185,56";"0,2058";"0,12";9;9;16;33
1977;DEATH;KilledByTarget;3;51;"-98,55";"0,2057";"0,16";9;6;4;10
1978;DEATH;Suicide;3;4;"-304,51";"0,2055";"0,25";9;0;1;2
1979;WIN;None;3;73;"220,71";"0,2053";"0,14";13;11;9;18
1980;WIN;None;3;77;"220,03";"0,2052";"0,19";9;7;8;14
1981;WIN;None;3;84;"157,09";"0,205";"0,12";15;8;5;10
1982;WIN;None;3;146;"258,3";"0,2049";"0,16";9;9;13;28
1983;WIN;None;3;126;"228,4";"0,2047";"0,24";16;14;11;22
1984;WIN;None;3;157;"195,43";"0,2045";"0,22";12;12;10;22
1985;WIN;None;3;114;"213,54";"0,2044";"0,11";15;14;8;18
1986;WIN;None;3;98;"237,66";"0,2042";"0,14";13;13;7;16
1987;WIN;None;3;82;"243,78";"0,204";"0,1";12;11;10;20
1988;DEATH;KilledByTarget;3;114;"-90,36";"0,2039";"0,17";12;11;12;22
1989;WIN;None;3;168;"235,51";"0,2037";"0,15";11;11;17;35
1990;WIN;None;3;24;"246,19";"0,2035";"0,13";11;5;4;8
1991;WIN;None;3;77;"198,03";"0,2034";"0,08";14;10;7;14
1992;WIN;None;3;86;"223,5";"0,2032";"0,23";12;10;9;18
1993;WIN;None;3;326;"287,8";"0,2031";"0,17";13;13;31;71
1994;WIN;None;3;195;"295,82";"0,2029";"0,15";13;12;15;37
1995;DEATH;KilledByTarget;3;199;"-72,51";"0,2027";"0,18";13;13;14;31
1996;WIN;None;3;187;"209,28";"0,2026";"0,16";17;17;14;28
1997;WIN;None;3;122;"167,03";"0,2024";"0,16";9;8;10;20
1998;DEATH;KilledByTarget;3;91;"-89,55";"0,2022";"0,18";7;4;9;21
1999;WIN;None;3;50;"241,57";"0,2021";"0,16";9;7;5;10
2000;WIN;None;3;104;"156,24";"0,2019";"0,2";10;10;10;20
2001;WIN;None;3;123;"220,11";"0,2018";"0,14";11;10;10;22
2002;DEATH;KilledByTarget;3;71;"-72,15";"0,2016";"0,17";10;8;8;17
2003;WIN;None;3;75;"225,37";"0,2014";"0,11";8;8;10;18
2004;WIN;None;3;124;"250,29";"0,2013";"0,12";14;13;16;34
2005;WIN;None;3;80;"204,52";"0,2011";"0,19";10;8;7;14
2006;WIN;None;3;71;201;"0,201";"0,18";8;5;5;10
2007;WIN;None;3;115;"213,92";"0,2008";"0,14";9;8;13;26
2008;WIN;None;3;124;"223,04";"0,2006";"0,14";11;10;9;20
2009;WIN;None;3;171;"204,45";"0,2005";"0,13";14;14;16;35
2010;DEATH;KilledByTarget;3;178;"-148,29";"0,2003";"0,18";10;10;20;42
2011;WIN;None;3;30;"229,22";"0,2002";"0,1";11;6;5;10
2012;WIN;None;3;94;"260,74";"0,2";"0,17";14;13;11;22
2013;WIN;None;3;119;"195,94";"0,1998";"0,22";9;9;11;22
2014;WIN;None;3;127;"225,18";"0,1997";"0,18";9;8;14;30
2015;WIN;None;3;119;"215,64";"0,1995";"0,17";10;10;6;12
2016;WIN;None;3;79;"211,74";"0,1994";"0,16";13;9;9;16
2017;WIN;None;3;138;"117,86";"0,1992";"0,17";8;8;6;12
2018;WIN;None;3;70;"200,02";"0,199";"0,16";7;5;5;11
2019;DEATH;KilledByTarget;3;131;"-85,55";"0,1989";"0,18";16;16;13;26
2020;WIN;None;3;114;"177,74";"0,1987";"0,18";6;6;12;24
2021;WIN;None;3;67;"197,83";"0,1986";"0,22";6;2;7;12
2022;WIN;None;3;69;"200,24";"0,1984";"0,13";11;9;6;11
2023;WIN;None;3;36;"217,8";"0,1982";"0,08";9;5;5;10
2024;WIN;None;3;145;"185,17";"0,1981";"0,19";16;14;8;18
2025;WIN;None;3;224;"222,34";"0,1979";"0,19";12;12;20;41
2026;WIN;None;3;183;"204,91";"0,1978";"0,13";12;12;21;43
2027;WIN;None;3;97;"239,88";"0,1976";"0,13";7;6;9;21
2028;WIN;None;3;53;"259,06";"0,1974";"0,15";16;12;7;14
2029;WIN;None;3;97;"221,13";"0,1973";"0,15";12;11;10;20
2030;DEATH;KilledByTarget;3;89;"-119,26";"0,1971";"0,21";9;7;4;8
2031;WIN;None;3;131;"207,75";"0,197";"0,12";12;9;11;22
2032;WIN;None;3;92;"212,13";"0,1968";"0,15";10;9;9;20
2033;WIN;None;3;36;"246,25";"0,1967";"0,17";10;6;7;14
2034;WIN;None;3;183;"238,81";"0,1965";"0,17";9;9;12;24
2035;WIN;None;3;181;"192,65";"0,1963";"0,13";14;14;15;31
2036;WIN;None;3;52;"210,18";"0,1962";"0,17";10;4;7;14
2037;WIN;None;3;215;"193,67";"0,196";"0,15";10;10;16;33
2038;WIN;None;3;49;"241,29";"0,1959";"0,12";12;9;6;12
2039;WIN;None;3;130;"204,22";"0,1957";"0,15";10;6;14;28
2040;WIN;None;3;189;"202,19";"0,1956";"0,16";10;10;13;27
2041;WIN;None;3;162;"236,03";"0,1954";"0,18";13;11;16;34
2042;DEATH;KilledByTarget;3;108;"-93,99";"0,1952";"0,14";9;9;8;17
2043;WIN;None;3;220;"156,92";"0,1951";"0,14";11;11;19;42
2044;WIN;None;3;121;"166,4";"0,1949";"0,18";11;11;14;28
2045;WIN;None;3;161;"292,25";"0,1948";"0,16";16;15;15;31
2046;WIN;None;3;230;"185,67";"0,1946";"0,2";10;10;18;38
2047;WIN;None;3;70;"252,47";"0,1945";"0,13";13;13;10;20
2048;WIN;None;3;167;"261,43";"0,1943";"0,14";16;16;18;34
2049;WIN;None;3;58;"236,76";"0,1942";"0,14";15;8;6;12
2050;WIN;None;3;85;"283,92";"0,194";"0,15";14;9;11;24
2051;WIN;None;3;85;"209,97";"0,1938";"0,15";6;5;10;22
2052;WIN;None;3;74;"249,49";"0,1937";"0,12";11;11;7;14
2053;WIN;None;3;58;"238,51";"0,1935";"0,17";11;7;5;10
2054;WIN;None;3;131;"219,2";"0,1934";"0,13";10;10;18;36
2055;WIN;None;3;65;"220,22";"0,1932";"0,2";11;5;4;8
2056;WIN;None;3;96;"231,95";"0,1931";"0,16";11;9;11;22
2057;WIN;None;3;64;"239,39";"0,1929";"0,16";12;8;6;12
2058;WIN;None;3;29;"233,34";"0,1928";"0,14";10;5;4;8
2059;WIN;None;3;73;"241,16";"0,1926";"0,15";13;7;7;15
2060;WIN;None;3;187;"200,43";"0,1925";"0,18";11;11;19;38
2061;WIN;None;3;159;"227,69";"0,1923";"0,15";6;5;11;23
2062;WIN;None;3;74;"223,79";"0,1921";"0,19";12;10;10;20
2063;WIN;None;3;141;"215,3";"0,192";"0,11";14;14;10;22
2064;DEATH;KilledByTarget;3;118;"-97,89";"0,1918";"0,16";10;10;11;24
2065;WIN;None;3;97;"218,93";"0,1917";"0,21";16;12;6;12
2066;WIN;None;3;39;"231,49";"0,1915";"0,1";15;7;4;8
2067;WIN;None;3;128;"244,51";"0,1914";"0,15";14;11;15;31
2068;WIN;None;3;58;"214,26";"0,1912";"0,26";8;7;9;16
2069;WIN;None;3;150;"219,42";"0,1911";"0,12";12;12;14;28
2070;WIN;None;3;123;"235,71";"0,1909";"0,11";11;10;9;22
2071;WIN;None;3;118;"226,06";"0,1908";"0,2";9;9;10;20
2072;WIN;None;3;121;"223,65";"0,1906";"0,17";9;9;10;21
2073;WIN;None;3;193;"184,86";"0,1905";"0,18";9;9;15;30
2074;WIN;None;3;165;"232,37";"0,1903";"0,16";10;10;15;33
2075;WIN;None;3;115;"264,62";"0,1902";"0,14";13;13;11;21
2076;WIN;None;3;255;"227,72";"0,19";"0,15";8;8;16;36
2077;WIN;None;3;61;"239,45";"0,1899";"0,21";11;9;7;12
2078;WIN;None;3;119;"230,24";"0,1897";"0,15";13;10;9;18
2079;WIN;None;3;190;"180,22";"0,1896";"0,19";14;13;19;39
2080;WIN;None;3;68;"257,66";"0,1894";"0,12";11;7;10;20
2081;WIN;None;3;89;"250,84";"0,1892";"0,19";13;13;9;18
2082;WIN;None;3;123;"220,06";"0,1891";"0,2";15;10;8;16
2083;WIN;None;3;242;"213,08";"0,1889";"0,17";12;11;18;37
2084;WIN;None;3;332;"172,73";"0,1888";"0,18";14;14;15;38
2085;WIN;None;3;79;"219,84";"0,1886";"0,18";8;6;9;18
2086;WIN;None;3;200;"184,47";"0,1885";"0,14";18;18;15;31
2087;WIN;None;3;78;"199,81";"0,1883";"0,17";11;8;7;14
2088;WIN;None;3;231;"146,35";"0,1882";"0,19";9;8;16;36
2089;WIN;None;3;291;"248,4";"0,188";"0,19";11;11;21;44
2090;WIN;None;3;105;"234,27";"0,1879";"0,09";12;9;10;20
2091;WIN;None;3;46;"224,4";"0,1877";"0,17";12;5;3;6
2092;WIN;None;3;131;"243,35";"0,1876";"0,18";10;10;11;24
2093;WIN;None;3;59;"247,84";"0,1874";"0,08";7;5;7;14
2094;DEATH;KilledByTarget;3;397;"-65,42";"0,1873";"0,19";11;11;25;55
2095;WIN;None;3;143;"173,81";"0,1871";"0,15";13;11;12;24
2096;WIN;None;3;136;"209,05";"0,187";"0,15";11;8;9;18
2097;WIN;None;3;208;"214,61";"0,1868";"0,16";12;11;12;24
2098;WIN;None;3;189;"107,64";"0,1867";"0,16";10;9;9;23
2099;WIN;None;3;153;"144,91";"0,1865";"0,16";16;10;7;13
2100;WIN;None;3;97;"192,63";"0,1864";"0,22";14;6;11;22
2101;WIN;None;3;74;"206,29";"0,1862";"0,12";7;6;7;15
2102;WIN;None;3;250;"223,77";"0,1861";"0,13";12;10;19;38
2103;WIN;None;3;37;"201,93";"0,1859";"0,05";7;4;3;6
2104;WIN;None;3;197;"204,73";"0,1858";"0,19";9;9;13;32
2105;WIN;None;3;210;"170,47";"0,1856";"0,14";12;12;11;22
2106;WIN;None;3;72;"193,98";"0,1855";"0,17";7;2;5;12
2107;WIN;None;3;242;"158,23";"0,1854";"0,14";5;5;13;28
2108;WIN;None;3;142;"233,88";"0,1852";"0,15";12;11;9;19
2109;WIN;None;3;64;"199,99";"0,1851";"0,16";17;5;5;10
2110;DEATH;KilledByTarget;3;60;"-98,38";"0,1849";"0,13";14;7;2;6
2111;WIN;None;3;261;"240,3";"0,1848";"0,19";12;12;15;32
2112;DEATH;KilledByTarget;3;115;"-131,93";"0,1846";"0,16";16;11;6;12
2113;WIN;None;3;108;"193,11";"0,1845";"0,17";11;11;8;16
2114;DEATH;KilledByTarget;3;176;"-112,45";"0,1843";"0,14";14;13;18;39
2115;DEATH;KilledByTarget;3;72;"-91,42";"0,1842";"0,18";12;10;8;15
2116;DEATH;KilledByTarget;3;107;"-130,27";"0,184";"0,09";12;9;9;18
2117;WIN;None;3;64;"224,74";"0,1839";"0,08";12;10;6;14
2118;WIN;None;3;81;"214,75";"0,1837";"0,2";5;5;8;16
2119;WIN;None;3;140;"194,77";"0,1836";"0,17";14;12;8;16
2120;WIN;None;3;87;"216,13";"0,1834";"0,1";12;11;8;19
2121;WIN;None;3;192;"226,83";"0,1833";"0,17";13;13;18;41
2122;DEATH;KilledByTarget;3;58;"-101,89";"0,1831";"0,19";10;7;3;7
2123;WIN;None;3;43;"226,66";"0,183";"0,12";6;4;6;12
2124;WIN;None;3;151;"256,45";"0,1828";"0,14";10;9;16;33
2125;WIN;None;3;109;"227,49";"0,1827";"0,16";13;13;11;23
2126;WIN;None;3;113;"216,51";"0,1826";"0,15";14;13;11;20
2127;WIN;None;3;112;"252,08";"0,1824";"0,16";12;11;12;24
2128;WIN;None;3;50;"259,37";"0,1823";"0,1";8;3;7;12
2129;DEATH;KilledByTarget;3;85;"-110,78";"0,1821";"0,13";7;7;4;10
2130;WIN;None;3;119;"232,59";"0,182";"0,2";8;8;14;29
2131;DEATH;KilledByTarget;3;107;"-73,82";"0,1818";"0,12";13;12;11;24
2132;WIN;None;3;89;"218,74";"0,1817";"0,21";8;8;5;10
2133;WIN;None;3;66;"244,9";"0,1815";"0,15";13;8;6;12
2134;WIN;None;3;94;"238,14";"0,1814";"0,15";10;8;7;14
2135;WIN;None;3;74;"231,79";"0,1812";"0,14";11;11;9;19
2136;WIN;None;3;54;"210,29";"0,1811";"0,09";10;6;6;12
2137;WIN;None;3;106;"248,1";"0,181";"0,14";12;11;10;20
2138;WIN;None;3;169;"188,39";"0,1808";"0,16";8;8;14;28
2139;WIN;None;3;79;"249,09";"0,1807";"0,14";9;7;11;22
2140;WIN;None;3;166;"246,25";"0,1805";"0,11";11;11;11;23
2141;WIN;None;3;125;"220,72";"0,1804";"0,2";8;6;10;21
2142;WIN;None;3;103;"179,46";"0,1802";"0,11";8;4;9;16
2143;WIN;None;3;199;"246,94";"0,1801";"0,16";10;10;12;24
2144;DEATH;KilledByTarget;3;93;"-125,04";"0,1799";"0,18";8;8;7;14
2145;WIN;None;3;254;"175,94";"0,1798";"0,16";10;10;20;40
2146;WIN;None;3;226;"174,45";"0,1797";"0,14";12;11;12;24
2147;WIN;None;3;89;"204,24";"0,1795";"0,21";13;6;7;16
2148;DEATH;KilledByTarget;3;164;"-155,81";"0,1794";"0,15";9;9;9;18
2149;WIN;None;3;83;"241,01";"0,1792";"0,11";11;11;8;16
2150;WIN;None;3;241;"111,45";"0,1791";"0,18";10;8;17;35
2151;WIN;None;3;171;"198,7";"0,1789";"0,17";15;15;10;20
2152;WIN;None;3;234;"215,34";"0,1788";"0,15";18;16;12;26
2153;WIN;None;3;237;"163,43";"0,1787";"0,16";12;11;10;21
2154;WIN;None;3;143;"227,01";"0,1785";"0,15";9;8;10;20
2155;WIN;None;3;132;"199,43";"0,1784";"0,17";13;11;11;22
2156;DEATH;Suicide;3;4;"-304,51";"0,1782";"0,25";15;0;1;2
2157;WIN;None;3;243;"139,11";"0,1781";"0,13";8;7;9;19
2158;WIN;None;3;54;"224,94";"0,1779";"0,19";10;4;5;10
2159;WIN;None;3;172;"240,53";"0,1778";"0,13";14;12;9;20
2160;WIN;None;3;110;"202,87";"0,1777";"0,1";13;10;8;18
2161;WIN;None;3;199;"229,14";"0,1775";"0,17";12;10;14;31
2162;WIN;None;3;312;"266,08";"0,1774";"0,16";14;14;17;37
2163;WIN;None;3;111;"201,4";"0,1772";"0,18";13;9;8;16
2164;WIN;None;3;244;"172,14";"0,1771";"0,14";13;13;15;39
2165;WIN;None;3;88;"203,31";"0,1769";"0,2";15;10;7;14
2166;WIN;None;3;48;"215,56";"0,1768";"0,13";8;6;4;8
2167;WIN;None;3;188;"198,76";"0,1767";"0,13";13;10;10;20
2168;WIN;None;3;84;"237,39";"0,1765";"0,2";10;8;8;16
2169;DEATH;KilledByTarget;3;70;"-89,18";"0,1764";"0,13";10;7;4;8
2170;WIN;None;3;288;"128,41";"0,1762";"0,2";12;12;17;34
2171;WIN;None;3;197;"205,18";"0,1761";"0,15";10;8;8;16
2172;WIN;None;3;61;"215,75";"0,176";"0,23";10;5;4;8
2173;DEATH;Suicide;3;156;"-373,25";"0,1758";"0,12";7;7;7;14
2174;WIN;None;3;42;"231,08";"0,1757";"0,17";11;6;4;8
2175;DEATH;KilledByTarget;3;301;"-152,05";"0,1755";"0,18";10;10;13;26
2176;WIN;None;3;49;"214,89";"0,1754";"0,12";6;4;3;6
2177;WIN;None;3;105;"188,07";"0,1753";"0,13";17;14;5;10
2178;DEATH;KilledByTarget;3;158;"-164,54";"0,1751";"0,16";12;12;9;18
2179;WIN;None;3;224;"241,49";"0,175";"0,15";10;10;12;30
2180;WIN;None;3;132;"111,28";"0,1748";"0,09";12;9;7;14
2181;DEATH;KilledByTarget;3;202;"-70,92";"0,1747";"0,12";16;16;14;32
2182;DEATH;KilledByTarget;3;290;"-228,73";"0,1746";"0,15";9;9;10;20
2183;WIN;None;3;83;"222,01";"0,1744";"0,16";9;6;6;12
2184;WIN;None;3;253;"122,06";"0,1743";"0,16";15;15;14;30
2185;WIN;None;3;168;"205,61";"0,1741";"0,1";14;12;10;24
2186;WIN;None;3;59;"182,54";"0,174";"0,15";14;7;6;12
2187;WIN;None;3;181;"198,45";"0,1739";"0,14";12;10;10;20
2188;DEATH;KilledByTarget;3;107;"-111,07";"0,1737";"0,22";14;7;7;15
2189;WIN;None;3;151;"179,85";"0,1736";"0,17";10;7;12;24
2190;WIN;None;3;36;"203,4";"0,1734";"0,17";12;5;5;10
2191;WIN;None;3;222;"204,58";"0,1733";"0,15";11;11;16;34
2192;WIN;None;3;80;"225,42";"0,1732";"0,16";12;10;9;18
2193;DEATH;KilledByTarget;3;109;"-97,66";"0,173";"0,16";14;12;8;17
2194;DEATH;KilledByTarget;3;158;"-104,04";"0,1729";"0,16";8;7;6;14
2195;WIN;None;3;23;"228,26";"0,1727";"0,09";8;3;3;6
2196;WIN;None;3;165;"242,22";"0,1726";"0,15";15;14;13;26
2197;WIN;None;3;70;"192,32";"0,1725";"0,16";13;8;4;8
2198;WIN;None;3;107;"191,43";"0,1723";"0,21";11;10;11;22
2199;DEATH;KilledByTarget;3;164;"-92,31";"0,1722";"0,12";12;12;11;25
2200;WIN;None;3;160;"210,07";"0,1721";"0,14";11;10;12;25
2201;WIN;None;3;105;"189,87";"0,1719";"0,16";12;9;8;18
2202;WIN;None;3;88;"242,16";"0,1718";"0,13";16;11;7;16
2203;WIN;None;3;54;"239,94";"0,1716";"0,15";12;5;6;10
2204;WIN;None;3;94;"226,14";"0,1715";"0,15";9;8;6;11
2205;WIN;None;3;42;"236,98";"0,1714";"0,17";11;7;5;11
2206;WIN;None;3;68;"256,41";"0,1712";"0,1";14;11;8;15
2207;WIN;None;3;84;"186,89";"0,1711";"0,13";9;5;6;12
2208;WIN;None;3;137;"182,78";"0,171";"0,16";12;11;12;24
2209;WIN;None;3;263;"238,01";"0,1708";"0,12";10;10;25;50
2210;WIN;None;3;111;"194,4";"0,1707";"0,14";13;11;6;13
2211;WIN;None;3;176;"224,7";"0,1705";"0,15";15;14;16;34
2212;WIN;None;3;236;"216,65";"0,1704";"0,13";15;15;18;37
2213;WIN;None;3;92;"223,63";"0,1703";"0,12";7;6;9;20
2214;WIN;None;3;222;"163,08";"0,1701";"0,17";8;8;20;41
2215;WIN;None;3;152;"258,38";"0,17";"0,16";12;12;9;18
2216;WIN;None;3;119;"133,34";"0,1699";"0,13";10;9;9;18
2217;WIN;None;3;70;"191,37";"0,1697";"0,07";10;5;3;6
2218;WIN;None;3;18;"215,16";"0,1696";"0,11";11;4;3;6
2219;WIN;None;3;193;"195,41";"0,1695";"0,16";11;9;11;23
2220;WIN;None;3;98;"202,06";"0,1693";"0,19";11;10;8;16
2221;DEATH;KilledByTarget;3;66;"-64,95";"0,1692";"0,14";10;9;13;24
2222;WIN;None;3;81;"254,05";"0,1691";"0,16";13;11;11;22
2223;WIN;None;3;114;"236,94";"0,1689";"0,2";11;8;6;12
2224;WIN;None;3;151;"211,5";"0,1688";"0,15";11;11;12;24
2225;DEATH;KilledByTarget;3;106;"-43,85";"0,1686";"0,1";9;7;7;17
2226;WIN;None;3;136;"186,45";"0,1685";"0,15";13;11;10;20
2227;WIN;None;3;159;"296,79";"0,1684";"0,14";10;7;15;30
2228;DEATH;Suicide;3;4;"-304,51";"0,1682";"0,25";16;0;1;2
2229;WIN;None;3;129;"280,14";"0,1681";"0,12";5;5;18;36
2230;WIN;None;3;58;"200,06";"0,168";"0,09";7;5;5;10
2231;WIN;None;3;153;"148,96";"0,1678";"0,18";12;11;11;22
2232;WIN;None;3;69;"179,29";"0,1677";"0,12";14;8;5;10
2233;WIN;None;3;86;"184,65";"0,1676";"0,12";12;5;5;10
2234;WIN;None;3;109;"192,59";"0,1674";"0,1";11;11;6;14
2235;WIN;None;3;122;"163,38";"0,1673";"0,2";9;7;9;20
2236;WIN;None;3;45;"203,62";"0,1672";"0,13";13;6;4;6
2237;WIN;None;3;147;"202,68";"0,167";"0,18";15;12;11;22
2238;WIN;None;3;47;"231,63";"0,1669";"0,28";12;6;6;12
2239;WIN;None;3;44;"206,24";"0,1668";"0,18";4;1;2;4
2240;WIN;None;3;33;"224,66";"0,1666";"0,15";11;5;5;10
2241;WIN;None;3;55;"247,57";"0,1665";"0,15";11;7;4;8
2242;WIN;None;3;41;"220,75";"0,1664";"0,15";10;5;4;8
2243;WIN;None;3;80;"251,92";"0,1662";"0,18";17;14;10;22
2244;WIN;None;3;58;"226,51";"0,1661";"0,12";9;5;4;8
2245;WIN;None;3;24;"197,14";"0,166";"0,08";10;1;5;11
2246;WIN;None;3;167;"193,93";"0,1658";"0,16";12;11;16;32
2247;WIN;None;3;88;"239,71";"0,1657";"0,08";10;7;8;16
2248;WIN;None;3;142;"200,13";"0,1656";"0,18";10;10;10;20
2249;WIN;None;3;75;"214,22";"0,1654";"0,13";8;5;8;19
2250;WIN;None;3;28;"219,31";"0,1653";"0,14";12;4;5;10
2251;WIN;None;3;65;"215,42";"0,1652";"0,15";12;8;8;16
2252;WIN;None;3;112;"188,63";"0,165";"0,17";15;15;11;22
2253;WIN;None;3;82;"178,28";"0,1649";"0,11";14;9;3;7
2254;WIN;None;3;105;"223,57";"0,1648";"0,12";12;9;7;14
2255;DEATH;KilledByTarget;3;208;"-209,34";"0,1646";"0,15";12;11;15;30
2256;WIN;None;3;138;"242,91";"0,1645";"0,12";10;9;17;34
2257;WIN;None;3;110;"159,72";"0,1644";"0,15";18;10;8;16
2258;DEATH;KilledByTarget;3;105;"-100,58";"0,1643";"0,14";11;10;8;16
2259;WIN;None;3;150;"141,22";"0,1641";"0,11";9;7;10;21
2260;WIN;None;3;74;"202,74";"0,164";"0,24";13;8;6;10
2261;DEATH;KilledByTarget;3;132;"-30,02";"0,1639";"0,09";12;8;9;20
2262;WIN;None;3;91;"119,55";"0,1637";"0,12";13;8;5;8
2263;WIN;None;3;221;"160,45";"0,1636";"0,11";11;11;18;38
2264;DEATH;KilledByTarget;3;179;"-101,91";"0,1635";"0,16";13;12;11;21
2265;WIN;None;3;82;"192,63";"0,1633";"0,17";9;6;6;12
2266;WIN;None;3;98;"147,76";"0,1632";"0,11";9;7;8;14
2267;WIN;None;3;161;"65,2";"0,1631";"0,13";9;5;4;8
2268;DEATH;KilledByTarget;3;40;"-99,53";"0,1629";"0,18";10;5;3;6
2269;DEATH;KilledByTarget;3;81;"-97,1";"0,1628";"0,15";7;6;5;13
2270;WIN;None;3;48;"197,26";"0,1627";"0,15";13;7;3;4
2271;WIN;None;3;52;"214,58";"0,1626";"0,15";8;7;6;11
2272;WIN;None;3;94;"244,54";"0,1624";"0,16";14;13;11;20
2273;WIN;None;3;100;"200,22";"0,1623";"0,15";7;6;9;16
2274;DEATH;KilledByTarget;3;51;"-72,8";"0,1622";"0,18";15;12;5;10
2275;WIN;None;3;27;"233,68";"0,162";"0,19";8;5;3;6
2276;WIN;None;3;69;"200,24";"0,1619";"0,19";9;7;5;10
2277;DEATH;KilledByTarget;3;127;"-109,97";"0,1618";"0,15";9;9;11;22
2278;WIN;None;3;151;"229,25";"0,1616";"0,15";13;13;14;32
2279;DEATH;KilledByTarget;3;89;"-88,21";"0,1615";"0,15";10;8;6;15
2280;WIN;None;3;108;"211,36";"0,1614";"0,17";11;11;5;10
2281;WIN;None;3;74;"211,94";"0,1613";"0,14";9;7;6;13
2282;WIN;None;3;117;"225,78";"0,1611";"0,15";11;11;8;20
2283;WIN;None;3;31;"251,05";"0,161";"0,06";6;0;5;10
2284;DEATH;KilledByTarget;3;63;"-69,84";"0,1609";"0,08";15;11;7;15
2285;WIN;None;3;145;"195,07";"0,1607";"0,13";14;10;7;15
2286;WIN;None;3;147;"202,03";"0,1606";"0,11";9;7;8;17
2287;WIN;None;3;81;"243,15";"0,1605";"0,09";12;9;11;26
2288;WIN;None;3;166;"234,6";"0,1604";"0,1";13;12;15;28
2289;WIN;None;3;47;"243,53";"0,1602";"0,13";13;8;6;12
2290;WIN;None;3;86;"218,1";"0,1601";"0,14";12;12;9;18
2291;WIN;None;3;49;"214,64";"0,16";"0,18";11;6;6;12
2292;WIN;None;3;57;"242,73";"0,1598";"0,11";10;8;8;16
2293;DEATH;KilledByTarget;3;96;-80;"0,1597";"0,17";15;12;12;22
2294;WIN;None;3;291;"218,2";"0,1596";"0,15";13;12;16;33
2295;WIN;None;3;19;"199,39";"0,1595";"0,05";7;1;1;2
2296;WIN;None;3;55;"229,92";"0,1593";"0,15";14;10;5;10
2297;WIN;None;3;78;"210,21";"0,1592";"0,13";14;13;7;14
2298;WIN;None;3;130;"332,22";"0,1591";"0,1";11;11;17;36
2299;DEATH;KilledByTarget;3;23;"-85,74";"0,1589";"0,09";10;4;3;7
2300;DEATH;KilledByTarget;3;43;"-83,14";"0,1588";"0,09";9;7;4;9
2301;DEATH;KilledByTarget;3;32;"-73,27";"0,1587";"0,06";10;7;4;8
2302;WIN;None;3;167;"183,88";"0,1586";"0,19";17;16;16;32
2303;WIN;None;3;142;"202,93";"0,1584";"0,14";13;11;8;17
2304;DEATH;KilledByTarget;3;58;"-86,19";"0,1583";"0,1";12;5;4;10
2305;DEATH;KilledByTarget;3;110;"-80,03";"0,1582";"0,15";11;10;14;30
2306;WIN;None;3;107;"238,98";"0,1581";"0,13";10;9;12;24
2307;WIN;None;3;165;"224,77";"0,1579";"0,12";15;15;13;28
2308;WIN;None;3;17;"223,23";"0,1578";"0,18";10;2;2;4
2309;WIN;None;3;210;"209,32";"0,1577";"0,11";15;15;22;45
2310;WIN;None;3;223;"159,71";"0,1576";"0,11";12;11;22;44
2311;WIN;None;3;125;"228,77";"0,1574";"0,15";14;14;13;26
2312;WIN;None;3;35;"223,82";"0,1573";"0,14";15;8;5;10
2313;WIN;None;3;103;"266,76";"0,1572";"0,12";11;9;12;24
2314;WIN;None;3;61;"252,95";"0,1571";"0,16";10;8;9;18
2315;WIN;None;3;59;"239,59";"0,1569";"0,2";10;6;4;9
2316;WIN;None;3;79;"240,84";"0,1568";"0,19";12;11;7;14
2317;WIN;None;3;133;"228,11";"0,1567";"0,13";15;14;13;27
2318;WIN;None;3;51;"233,1";"0,1566";"0,06";15;9;6;12
2319;WIN;None;3;75;"241,02";"0,1564";"0,12";8;6;6;12
2320;WIN;None;3;122;"142,78";"0,1563";"0,12";14;12;8;16
2321;WIN;None;3;117;"223,63";"0,1562";"0,16";11;7;8;16
2322;WIN;None;3;51;"231,4";"0,1561";"0,14";11;7;6;14
2323;DEATH;KilledByTarget;3;164;"-113,51";"0,1559";"0,12";10;10;11;23
2324;WIN;None;3;98;"207,61";"0,1558";"0,1";9;8;9;18
2325;WIN;None;3;115;"189,77";"0,1557";"0,15";10;7;6;13
2326;WIN;None;3;139;"213,34";"0,1556";"0,09";16;13;8;16
2327;WIN;None;3;115;"217,12";"0,1554";"0,12";11;8;7;12
2328;DEATH;KilledByTarget;3;161;"-40,5";"0,1553";"0,15";14;10;14;30
2329;WIN;None;3;52;"215,63";"0,1552";"0,15";9;7;6;12
2330;WIN;None;3;63;"197,16";"0,1551";"0,21";9;7;10;18
2331;WIN;None;3;138;"180,71";"0,1549";"0,17";14;11;6;12
2332;WIN;None;3;95;"213,52";"0,1548";"0,15";12;10;7;14
2333;WIN;None;3;110;"249,52";"0,1547";"0,13";11;9;13;29
2334;WIN;None;3;106;"207,9";"0,1546";"0,13";12;10;8;16
2335;DEATH;KilledByTarget;3;38;"-89,34";"0,1544";"0,11";11;7;4;10
2336;DEATH;Suicide;3;4;"-304,51";"0,1543";"0,25";9;0;1;2
2337;WIN;None;3;43;"213,61";"0,1542";"0,14";10;7;3;6
2338;WIN;None;3;42;"240,73";"0,1541";"0,12";12;8;5;10
2339;WIN;None;3;255;"50,52";"0,1539";"0,16";14;14;18;35
2340;WIN;None;3;103;"214,26";"0,1538";"0,15";13;7;8;16
2341;WIN;None;3;40;"225,22";"0,1537";"0,1";16;7;4;8
2342;WIN;None;3;34;"231,24";"0,1536";"0,09";12;4;5;8
2343;DEATH;KilledByTarget;3;118;"-120,59";"0,1534";"0,12";12;9;8;16
2344;WIN;None;3;280;"218,52";"0,1533";"0,14";10;10;16;34
2345;WIN;None;3;61;"221,25";"0,1532";"0,11";8;7;4;8
2346;WIN;None;3;51;"214,75";"0,1531";"0,04";11;8;5;10
2347;WIN;None;3;128;"193,41";"0,153";"0,09";12;10;7;18
2348;WIN;None;3;41;"240,75";"0,1528";"0,07";12;8;6;12
2349;WIN;None;3;29;"204,64";"0,1527";"0,14";12;5;4;8
2350;WIN;None;3;68;"222,41";"0,1526";"0,09";11;6;5;10
2351;WIN;None;3;121;"215,85";"0,1525";"0,22";14;10;8;16
2352;WIN;None;3;200;"138,97";"0,1523";"0,1";11;11;14;29
2353;WIN;None;3;130;"176,32";"0,1522";"0,12";11;8;4;8
2354;DEATH;KilledByTarget;3;137;"-156,02";"0,1521";"0,11";12;10;4;11
2355;WIN;None;3;81;"195,95";"0,152";"0,2";13;8;4;8
2356;WIN;None;3;173;"180,81";"0,1519";"0,14";10;10;12;24
2357;WIN;None;3;109;"289,69";"0,1517";"0,11";13;13;14;32
2358;DEATH;KilledByTarget;3;93;"-62,54";"0,1516";"0,13";13;8;6;13
2359;WIN;None;3;74;"220,54";"0,1515";"0,15";11;9;6;13
2360;DEATH;KilledByTarget;3;84;"-184,11";"0,1514";"0,07";10;6;6;11
2361;WIN;None;3;72;"246,98";"0,1513";"0,14";16;8;6;12
2362;WIN;None;3;341;"153,4";"0,1511";"0,13";7;7;19;39
2363;DEATH;KilledByTarget;3;78;"-92,34";"0,151";"0,13";14;10;5;11
2364;WIN;None;3;158;"187,56";"0,1509";"0,16";11;11;10;21
2365;WIN;None;3;122;"59,28";"0,1508";"0,12";11;9;4;8
2366;DEATH;KilledByTarget;3;85;"-104,43";"0,1507";"0,14";13;10;7;13
2367;WIN;None;3;83;"200,56";"0,1505";"0,16";11;8;5;10
2368;WIN;None;3;53;"191,01";"0,1504";"0,04";12;7;4;8
2369;DEATH;KilledByTarget;3;166;"-195,3";"0,1503";"0,12";11;11;7;15
2370;WIN;None;3;89;"168,49";"0,1502";"0,1";12;8;7;14
2371;DEATH;KilledByTarget;3;175;"-125,33";"0,15";"0,16";8;7;6;14
2372;DEATH;KilledByTarget;3;63;"-126,99";"0,1499";"0,21";10;5;3;6
2373;WIN;None;3;110;"209,47";"0,1498";"0,13";10;7;8;19
2374;DEATH;KilledByTarget;3;78;"-108,64";"0,1497";"0,1";8;6;5;11
2375;DEATH;KilledByTarget;3;114;"-175,26";"0,1496";"0,11";12;10;6;14
2376;WIN;None;3;232;"191,48";"0,1495";"0,15";15;14;17;34
2377;WIN;None;3;186;"153,1";"0,1493";"0,11";13;13;9;23
2378;WIN;None;3;563;"-94,34";"0,1492";"0,12";12;12;29;62
2379;WIN;None;3;70;"205,62";"0,1491";"0,03";15;9;9;21
2380;WIN;None;3;153;"164,91";"0,149";"0,17";15;11;8;17
2381;DEATH;KilledByTarget;3;42;"-153,37";"0,1489";"0,1";12;4;1;4
2382;WIN;None;3;193;"212,61";"0,1487";"0,12";13;12;9;17
2383;WIN;None;3;50;"222,07";"0,1486";"0,1";14;5;5;14
2384;DEATH;KilledByTarget;3;49;"-113,31";"0,1485";"0,1";6;0;2;6
2385;DEATH;KilledByTarget;3;82;"-126,17";"0,1484";"0,15";18;9;1;3
2386;WIN;None;3;27;"221,83";"0,1483";"0,22";11;2;3;6
2387;WIN;None;3;51;"179,25";"0,1481";"0,08";8;4;4;8
2388;WIN;None;3;84;"142,89";"0,148";"0,08";12;10;5;11
2389;WIN;None;3;147;"140,73";"0,1479";"0,14";13;11;7;14
2390;WIN;None;3;320;"167,32";"0,1478";"0,15";12;12;22;45
2391;WIN;None;3;121;"229,2";"0,1477";"0,13";13;11;6;13
2392;WIN;None;3;174;"88,74";"0,1475";"0,1";15;14;10;18
2393;WIN;None;3;41;"209,1";"0,1474";"0,17";8;5;4;8
2394;DEATH;KilledByTarget;3;48;"-108,14";"0,1473";"0,08";12;6;1;4
2395;WIN;None;3;196;"212,35";"0,1472";"0,16";13;11;16;33
2396;WIN;None;3;97;"185,38";"0,1471";"0,12";7;6;6;12
2397;WIN;None;3;89;"216,79";"0,147";"0,11";9;9;10;19
2398;DEATH;Suicide;3;4;"-304,51";"0,1468";"0,25";17;0;1;2
2399;WIN;None;3;118;"172,21";"0,1467";"0,08";12;8;10;20
2400;WIN;None;3;108;"246,16";"0,1466";"0,11";10;8;9;19
2401;WIN;None;3;67;"230,23";"0,1465";"0,06";12;8;11;24
2402;WIN;None;3;84;"242,09";"0,1464";"0,1";14;10;8;14
2403;WIN;None;3;94;"234,94";"0,1463";"0,15";8;8;13;26
2404;WIN;None;3;61;"203,5";"0,1461";"0,15";13;9;6;12
2405;DEATH;KilledByTarget;3;97;"-58,47";"0,146";"0,14";14;10;8;14
2406;WIN;None;3;127;"228,83";"0,1459";"0,12";13;13;13;26
2407;WIN;None;3;19;"225,14";"0,1458";0;9;2;4;8
2408;WIN;None;3;69;"217,34";"0,1457";"0,09";13;7;5;10
2409;WIN;None;3;80;"228,72";"0,1456";"0,18";13;9;8;18
2410;WIN;None;3;61;"198,6";"0,1454";"0,1";10;7;5;10
2411;WIN;None;3;125;"174,27";"0,1453";"0,14";13;8;10;21
2412;WIN;None;3;46;"223,75";"0,1452";"0,13";7;7;3;6
2413;DEATH;KilledByTarget;3;88;"-103,69";"0,1451";"0,1";10;8;4;8
2414;WIN;None;3;99;"183,74";"0,145";"0,1";16;12;7;14
2415;WIN;None;3;76;"175,25";"0,1449";"0,18";11;7;3;6
2416;WIN;None;3;119;"186,74";"0,1447";"0,15";9;9;6;12
2417;WIN;None;3;111;"219,8";"0,1446";"0,14";11;10;12;22
2418;WIN;None;3;104;"157,89";"0,1445";"0,12";13;13;7;14
2419;WIN;None;3;113;"232,11";"0,1444";"0,11";10;9;11;20
2420;DEATH;KilledByTarget;3;106;"-75,8";"0,1443";"0,14";14;11;9;19
2421;WIN;None;3;126;"152,9";"0,1442";"0,11";13;11;4;8
2422;WIN;None;3;47;"199,93";"0,144";"0,06";7;3;5;10
2423;DEATH;Suicide;3;6;"-304,85";"0,1439";"0,17";13;0;1;2
2424;WIN;None;3;94;"181,49";"0,1438";"0,12";10;10;8;17
2425;WIN;None;3;103;"231,76";"0,1437";"0,12";14;6;12;26
2426;WIN;None;3;140;"138,62";"0,1436";"0,06";10;8;14;29
2427;WIN;None;3;139;"231,54";"0,1435";"0,07";12;9;14;28
2428;WIN;None;3;152;"228,48";"0,1434";"0,1";12;10;7;14
2429;WIN;None;3;126;"239,7";"0,1432";"0,18";14;11;12;24
2430;WIN;None;3;71;"220,05";"0,1431";"0,18";11;8;7;14
2431;WIN;None;3;102;"211,98";"0,143";"0,12";12;10;9;19
2432;WIN;None;3;154;"209,14";"0,1429";"0,12";10;10;16;35
2433;WIN;None;3;94;"205,74";"0,1428";"0,1";7;5;6;10
2434;WIN;None;3;267;"159,93";"0,1427";"0,13";10;10;12;25
2435;WIN;None;3;38;"234,11";"0,1426";"0,03";11;6;4;8
2436;WIN;None;3;167;"169,93";"0,1424";"0,1";12;10;11;22
2437;WIN;None;3;66;"218,1";"0,1423";"0,12";8;6;3;7
2438;WIN;None;3;68;"210,91";"0,1422";"0,1";11;8;7;14
2439;WIN;None;3;42;"242,58";"0,1421";"0,12";13;7;5;10
2440;DEATH;KilledByTarget;3;168;"-134,59";"0,142";"0,14";15;14;14;27
2441;WIN;None;3;114;"175,24";"0,1419";"0,11";11;8;7;14
2442;WIN;None;3;205;"231,02";"0,1418";"0,12";13;12;14;28
2443;WIN;None;3;60;"221,02";"0,1416";"0,08";9;7;5;10
2444;DEATH;KilledByTarget;3;75;"-125,38";"0,1415";"0,04";14;8;4;9
2445;WIN;None;3;81;"242,5";"0,1414";"0,06";13;10;6;12
2446;DEATH;KilledByTarget;3;101;"-110,15";"0,1413";"0,08";8;5;11;21
2447;DEATH;KilledByTarget;3;85;"-40,93";"0,1412";"0,15";7;4;8;17
2448;WIN;None;3;96;"225,3";"0,1411";"0,13";11;9;8;16
2449;DEATH;KilledByTarget;3;47;"-93,72";"0,141";"0,13";12;7;4;9
2450;WIN;None;3;74;"255,44";"0,1409";"0,08";14;12;8;17
2451;WIN;None;3;93;"211,81";"0,1407";"0,08";11;5;9;16
2452;WIN;None;3;110;"235,02";"0,1406";"0,12";8;6;9;16
2453;WIN;None;3;71;"194,65";"0,1405";"0,11";9;5;10;18
2454;WIN;None;3;35;"240,37";"0,1404";"0,09";11;7;6;12
2455;WIN;None;3;154;"213,99";"0,1403";"0,12";10;10;14;28
2456;WIN;None;3;147;"241,63";"0,1402";"0,12";10;10;16;32
2457;WIN;None;3;112;"214,63";"0,1401";"0,06";10;8;8;16
2458;WIN;None;3;161;"220,9";"0,14";"0,12";11;11;14;26
2459;WIN;None;3;18;"208,76";"0,1398";0;7;3;3;6
2460;WIN;None;3;103;"206,31";"0,1397";"0,12";12;9;10;18
2461;DEATH;KilledByTarget;3;143;"-74,89";"0,1396";"0,15";10;10;13;28
2462;WIN;None;3;62;"208,68";"0,1395";"0,08";13;9;6;12
2463;WIN;None;3;150;"179,27";"0,1394";"0,13";12;12;11;22
2464;WIN;None;3;191;"220,5";"0,1393";"0,14";14;13;14;30
2465;DEATH;KilledByTarget;3;79;"-70,41";"0,1392";"0,18";13;8;8;14
2466;WIN;None;3;219;"265,24";"0,1391";"0,1";14;14;17;35
2467;WIN;None;3;109;"255,14";"0,139";"0,12";14;10;9;20
2468;WIN;None;3;66;"231,1";"0,1388";"0,18";10;9;11;20
2469;WIN;None;3;76;"231,25";"0,1387";"0,09";11;8;9;19
2470;WIN;None;3;73;"262,01";"0,1386";"0,08";11;9;11;22
2471;WIN;None;3;54;"244,99";"0,1385";"0,15";9;7;5;10
2472;WIN;None;3;137;"268,63";"0,1384";"0,18";12;11;17;34
2473;WIN;None;3;49;"231,89";"0,1383";"0,1";12;6;6;12
2474;WIN;None;3;40;"227,72";"0,1382";"0,1";11;8;6;12
2475;DEATH;KilledByTarget;3;178;"-57,64";"0,1381";"0,09";12;12;16;32
2476;WIN;None;3;27;"217,73";"0,138";"0,04";11;2;3;6
2477;WIN;None;3;364;"196,89";"0,1378";"0,13";13;13;34;70
2478;WIN;None;3;81;"227,65";"0,1377";"0,07";11;8;11;20
2479;WIN;None;3;67;"243,73";"0,1376";"0,1";12;10;7;14
2480;WIN;None;3;57;"219,93";"0,1375";"0,09";12;8;5;10
2481;WIN;None;3;84;"250,69";"0,1374";"0,12";11;8;10;20
2482;WIN;None;3;123;"223,96";"0,1373";"0,08";14;9;7;14
2483;DEATH;KilledByTarget;3;80;"-53,78";"0,1372";"0,14";12;11;11;23
2484;WIN;None;3;82;"218,23";"0,1371";"0,09";13;7;6;12
2485;DEATH;KilledByTarget;3;125;"-32,68";"0,137";"0,11";10;9;10;20
2486;DEATH;KilledByTarget;3;75;"-94,78";"0,1369";"0,13";11;6;4;9
2487;WIN;None;3;47;"235,83";"0,1367";"0,11";9;7;5;10
2488;WIN;None;3;23;"221,56";"0,1366";"0,09";7;3;2;4
2489;WIN;None;3;125;"259,52";"0,1365";"0,14";9;9;12;24
2490;WIN;None;3;115;"249,77";"0,1364";"0,08";12;11;10;21
2491;WIN;None;3;30;"213,02";"0,1363";"0,17";10;6;2;4
2492;WIN;None;3;101;"223,2";"0,1362";"0,12";9;8;8;16
2493;WIN;None;3;117;"213,33";"0,1361";"0,09";12;12;14;29
2494;WIN;None;3;32;"202,58";"0,136";"0,13";8;2;5;8
2495;WIN;None;3;124;"244,44";"0,1359";"0,12";12;11;14;27
2496;WIN;None;3;84;"203,79";"0,1358";"0,14";13;10;7;14
2497;WIN;None;3;47;"220,18";"0,1357";"0,06";5;3;6;12
2498;WIN;None;3;63;"252,21";"0,1355";"0,06";10;7;9;18
2499;WIN;None;3;104;"83,59";"0,1354";"0,07";13;10;6;12
2500;WIN;None;3;92;"223,38";"0,1353";"0,09";8;8;7;14
2501;WIN;None;3;48;"202,76";"0,1352";"0,13";15;7;6;12
2502;WIN;None;3;326;"212,55";"0,1351";"0,13";15;15;22;47
2503;WIN;None;3;34;"231,59";"0,135";"0,09";11;8;4;8
2504;WIN;None;3;96;"236,25";"0,1349";"0,15";12;10;9;19
2505;WIN;None;3;81;"239,5";"0,1348";"0,12";15;11;9;16
2506;WIN;None;3;174;"204,19";"0,1347";"0,19";14;12;15;32
2507;WIN;None;3;183;"-34,24";"0,1346";"0,13";12;12;10;20
2508;WIN;None;3;259;"204,09";"0,1345";"0,12";9;9;14;32
2509;DEATH;KilledByTarget;3;228;"-154,69";"0,1344";"0,15";15;14;10;22
2510;WIN;None;3;80;"234,72";"0,1343";"0,14";10;9;7;14
2511;WIN;None;3;206;"193,55";"0,1341";"0,08";10;10;11;25
2512;WIN;None;3;91;"189,7";"0,134";"0,12";8;8;6;12
2513;WIN;None;3;127;"202,83";"0,1339";"0,11";9;9;7;14
2514;WIN;None;3;122;"215,23";"0,1338";"0,05";12;9;7;14
2515;WIN;None;3;64;"222,24";"0,1337";"0,11";9;7;6;13
2516;WIN;None;3;164;"275,24";"0,1336";"0,1";14;14;16;35
2517;DEATH;KilledByTarget;3;102;"-111,77";"0,1335";"0,08";15;13;8;20
2518;DEATH;KilledByTarget;3;96;"-72,45";"0,1334";"0,14";11;10;8;18
2519;WIN;None;3;151;"244,75";"0,1333";"0,09";14;14;16;32
2520;WIN;None;3;40;"229,02";"0,1332";"0,18";10;10;6;12
2521;DEATH;KilledByTarget;3;82;"-79,97";"0,1331";"0,07";12;11;8;17
2522;WIN;None;3;59;"248,44";"0,133";"0,07";10;8;10;20
2523;WIN;None;3;106;"206,6";"0,1329";"0,16";8;7;8;18
2524;WIN;None;3;77;"216,83";"0,1328";"0,08";10;10;6;10
2525;WIN;None;3;30;"243,22";"0,1326";"0,03";14;7;3;6
2526;WIN;None;3;171;"141,95";"0,1325";"0,11";15;14;12;25
2527;WIN;None;3;153;"258,51";"0,1324";"0,1";10;10;11;24
2528;DEATH;KilledByTarget;3;245;"-78,43";"0,1323";"0,09";11;11;17;34
2529;WIN;None;3;119;"246,84";"0,1322";"0,13";12;10;11;23
2530;WIN;None;3;85;"207,87";"0,1321";"0,07";11;9;12;22
2531;WIN;None;3;114;"254,04";"0,132";"0,1";7;7;13;27
2532;WIN;None;3;61;"247,15";"0,1319";"0,03";8;5;5;10
2533;WIN;None;3;190;"156,02";"0,1318";"0,13";11;11;13;24
2534;WIN;None;3;38;"229,81";"0,1317";"0,08";10;7;6;12
2535;WIN;None;3;109;"221,64";"0,1316";"0,12";11;9;9;18
2536;WIN;None;3;156;"213,2";"0,1315";"0,1";13;11;8;17
2537;WIN;None;3;152;"209,88";"0,1314";"0,13";12;12;10;22
2538;WIN;None;3;53;"218,26";"0,1313";"0,15";10;7;5;10
2539;DEATH;Suicide;3;4;"-304,51";"0,1312";"0,25";14;0;1;2
2540;WIN;None;3;161;"315,95";"0,1311";"0,09";14;14;18;36
2541;WIN;None;3;64;"231,14";"0,131";"0,16";8;5;6;12
2542;WIN;None;3;43;"220,26";"0,1309";"0,05";11;4;3;6
2543;WIN;None;3;82;"197,88";"0,1308";"0,13";10;6;9;18
2544;WIN;None;3;61;"251,85";"0,1306";"0,16";11;8;7;15
2545;WIN;None;3;82;"246,58";"0,1305";"0,11";14;11;8;16
2546;WIN;None;3;18;"203,16";"0,1304";"0,11";11;3;1;2
2547;WIN;None;3;98;"240,96";"0,1303";"0,13";17;15;11;23
2548;WIN;None;3;86;"228,9";"0,1302";"0,1";9;8;8;14
2549;WIN;None;3;30;"227,27";"0,1301";"0,13";11;6;4;8
2550;WIN;None;3;134;"230,74";"0,13";"0,1";14;14;12;24
2551;WIN;None;3;18;"211,26";"0,1299";"0,11";8;4;4;8
2552;WIN;None;3;55;"240,47";"0,1298";"0,2";13;6;4;8
2553;WIN;None;3;36;"226,85";"0,1297";"0,14";11;5;4;8
2554;WIN;None;3;132;"217,33";"0,1296";"0,14";13;13;8;16
2555;WIN;None;3;118;"212,81";"0,1295";"0,19";14;12;7;14
2556;WIN;None;3;73;"209,86";"0,1294";"0,12";9;6;6;13
2557;WIN;None;3;46;"237,6";"0,1293";"0,09";14;9;4;8
2558;WIN;None;3;112;"194,93";"0,1292";"0,16";7;6;9;18
2559;WIN;None;3;118;"212,26";"0,1291";"0,09";15;14;12;24
2560;WIN;None;3;60;"265,82";"0,129";"0,05";12;8;6;12
2561;WIN;None;3;165;"221,27";"0,1289";"0,15";11;11;18;34
2562;WIN;None;3;69;"215,39";"0,1288";"0,14";10;6;6;12
2563;WIN;None;3;58;"251,76";"0,1287";"0,07";12;7;6;12
2564;WIN;None;3;148;"198,66";"0,1286";"0,1";16;13;9;18
2565;WIN;None;3;148;"218,31";"0,1285";"0,13";12;10;16;33
2566;WIN;None;3;50;"228,57";"0,1284";"0,14";11;5;4;8
2567;WIN;None;3;82;"225,23";"0,1283";"0,09";14;10;7;14
2568;WIN;None;3;54;"232,79";"0,1282";"0,11";13;9;4;9
2569;WIN;None;3;91;"241,85";"0,1281";"0,09";11;10;8;15
2570;WIN;None;3;90;"196,27";"0,128";"0,16";14;9;7;12
2571;WIN;None;3;24;"220,24";"0,1279";0;12;8;4;7
2572;WIN;None;3;38;"223,16";"0,1278";"0,11";12;7;5;10
2573;WIN;None;3;75;"215,47";"0,1277";"0,09";12;12;8;16
2574;WIN;None;3;76;"188,05";"0,1275";"0,11";14;9;6;10
2575;WIN;None;3;66;"240,95";"0,1274";"0,17";11;6;4;9
2576;WIN;None;3;51;"239,25";"0,1273";"0,12";12;8;8;16
2577;WIN;None;3;52;"245,48";"0,1272";"0,17";13;9;7;15
2578;WIN;None;3;43;"242,36";"0,1271";"0,07";11;9;5;10
2579;WIN;None;3;110;"200,22";"0,127";"0,11";10;10;10;19
2580;WIN;None;3;91;"220,5";"0,1269";"0,1";9;8;11;22
2581;WIN;None;3;66;"237,35";"0,1268";"0,05";15;9;6;12
2582;WIN;None;3;47;"226,43";"0,1267";"0,13";13;8;5;10
2583;WIN;None;3;56;"237,45";"0,1266";"0,11";9;6;5;10
2584;WIN;None;3;39;"233,64";"0,1265";"0,13";10;8;6;12
2585;DEATH;KilledByTarget;3;78;"-73,09";"0,1264";"0,08";13;11;7;15
2586;WIN;None;3;138;"263,91";"0,1263";"0,09";14;13;13;26
2587;WIN;None;3;139;"292,59";"0,1262";"0,08";9;8;15;30
2588;WIN;None;3;75;"224,92";"0,1261";"0,08";16;12;8;16
2589;WIN;None;3;181;"236,05";"0,126";"0,1";10;10;15;30
2590;WIN;None;3;35;"243,72";"0,1259";"0,06";10;6;4;8
2591;WIN;None;3;72;"232,98";"0,1258";"0,14";13;10;11;22
2592;WIN;None;3;79;"253,69";"0,1257";"0,05";13;12;11;22
2593;WIN;None;3;102;"207,63";"0,1256";"0,1";11;11;14;27
2594;DEATH;KilledByTarget;3;38;"-76,24";"0,1255";"0,05";13;7;5;11
2595;WIN;None;3;119;"219,64";"0,1254";"0,12";10;10;10;20
2596;WIN;None;3;55;"248,07";"0,1253";"0,16";12;8;7;14
2597;WIN;None;3;104;"295,79";"0,1252";"0,08";13;10;10;20
2598;WIN;None;3;73;"293,81";"0,1251";"0,1";18;14;9;18
2599;WIN;None;3;166;"200,1";"0,125";"0,12";9;7;7;14
2600;WIN;None;3;134;"238,29";"0,1249";"0,1";13;11;12;26
2601;WIN;None;3;154;"239,84";"0,1248";"0,1";10;10;21;45
2602;WIN;None;3;62;"251,88";"0,1247";"0,1";12;9;7;14
2603;WIN;None;3;126;"282,5";"0,1246";"0,08";12;11;13;26
2604;WIN;None;3;109;"255,94";"0,1245";"0,06";14;10;10;20
2605;WIN;None;3;21;"201,8";"0,1244";"0,05";6;2;2;4
2606;WIN;None;3;64;"174,44";"0,1243";"0,13";13;6;3;6
2607;WIN;None;3;47;"227,98";"0,1242";"0,09";12;9;7;12
2608;WIN;None;3;75;"235,22";"0,1241";"0,08";11;7;11;22
2609;WIN;None;3;64;"251,64";"0,124";"0,14";12;9;6;12
2610;WIN;None;3;80;"248,77";"0,1239";"0,13";16;11;10;22
2611;WIN;None;3;84;"250,79";"0,1238";"0,1";13;11;8;16
2612;WIN;None;3;115;"238,57";"0,1237";"0,12";13;7;7;14
2613;WIN;None;3;99;"236,74";"0,1236";"0,07";12;11;9;18
2614;WIN;None;3;90;"243,02";"0,1235";"0,09";9;9;7;15
2615;WIN;None;3;47;"228,98";"0,1234";"0,11";11;6;4;8
2616;WIN;None;3;150;"204,37";"0,1233";"0,12";14;14;18;36
2617;WIN;None;3;152;"225,18";"0,1232";"0,11";13;13;13;27
2618;WIN;None;3;85;"218,67";"0,1231";"0,12";10;7;8;16
2619;WIN;None;3;109;"234,54";"0,123";"0,11";9;8;8;16
2620;WIN;None;3;82;"245,53";"0,1229";"0,07";13;10;7;14
2621;DEATH;KilledByTarget;3;146;"-79,25";"0,1228";"0,11";14;14;9;21
2622;WIN;None;3;117;"175,03";"0,1227";"0,09";14;8;4;8
2623;WIN;None;3;56;"232,25";"0,1226";"0,09";12;7;5;12
2624;DEATH;KilledByTarget;3;66;"-108,5";"0,1225";"0,09";11;6;2;4
2625;DEATH;KilledByTarget;3;31;"-87,55";"0,1224";"0,06";9;5;4;7
2626;DEATH;KilledByTarget;3;103;"-82,49";"0,1223";"0,17";10;7;8;19
2627;WIN;None;3;120;"207,82";"0,1223";"0,13";13;11;12;23
2628;WIN;None;3;141;"219,55";"0,1222";"0,07";16;14;11;23
2629;DEATH;KilledByTarget;3;112;"-98,22";"0,1221";"0,11";7;7;9;20
2630;WIN;None;3;349;"218,49";"0,122";"0,1";12;12;21;55
2631;WIN;None;3;63;"239,51";"0,1219";"0,1";10;10;7;12
2632;WIN;None;3;149;"219,59";"0,1218";"0,11";12;9;11;23
2633;WIN;None;3;271;"195,45";"0,1217";"0,1";15;15;19;44
2634;WIN;None;3;134;"253,04";"0,1216";"0,11";16;16;13;28
2635;WIN;None;3;63;"247,66";"0,1215";"0,16";13;9;8;16
2636;WIN;None;3;63;"185,76";"0,1214";"0,11";8;8;5;10
2637;WIN;None;3;28;"226,66";"0,1213";"0,04";10;4;3;6
2638;WIN;None;3;64;"214,19";"0,1212";"0,09";11;6;3;8
2639;WIN;None;3;64;"205,29";"0,1211";"0,17";11;10;7;14
2640;WIN;None;3;119;"231,34";"0,121";"0,13";14;13;12;26
2641;WIN;None;3;76;"257,5";"0,1209";"0,09";15;14;7;15
2642;WIN;None;3;39;"228,04";"0,1208";"0,1";11;9;6;12
2643;DEATH;KilledByTarget;3;107;"-76,07";"0,1207";"0,1";13;10;12;25
2644;DEATH;Suicide;3;4;"-304,51";"0,1206";"0,25";12;0;1;2
2645;WIN;None;3;78;"237,76";"0,1205";"0,06";17;11;6;13
2646;WIN;None;3;50;"212,97";"0,1204";"0,06";12;6;3;6
2647;WIN;None;3;184;"297,19";"0,1203";"0,08";13;13;15;33
2648;WIN;None;3;175;"234,22";"0,1202";"0,14";14;13;19;36
2649;WIN;None;3;137;"267,03";"0,1201";"0,11";14;14;14;31
2650;WIN;None;3;57;"231,03";"0,12";"0,14";13;9;8;16
2651;WIN;None;3;218;"259,91";"0,1199";"0,1";14;14;17;35
2652;WIN;None;3;280;"223,07";"0,1198";"0,1";10;10;20;44
2653;WIN;None;3;69;"183,84";"0,1197";"0,06";12;8;4;8
2654;WIN;None;3;33;"214,16";"0,1196";"0,03";12;6;6;12
2655;WIN;None;3;77;"180,78";"0,1195";"0,13";10;6;10;20
2656;DEATH;Suicide;3;72;"-292,02";"0,1194";"0,07";11;9;5;10
2657;WIN;None;3;62;"214,78";"0,1194";"0,15";10;9;6;13
2658;WIN;None;3;102;"209,88";"0,1193";"0,09";14;9;8;16
2659;WIN;None;3;67;"225,98";"0,1192";"0,12";15;10;7;14
2660;WIN;None;3;85;"249,82";"0,1191";"0,07";15;14;11;23
2661;WIN;None;3;187;"231,28";"0,119";"0,09";14;10;22;45
2662;WIN;None;3;174;"224,59";"0,1189";"0,13";9;9;11;23
2663;WIN;None;3;91;"198,6";"0,1188";"0,08";8;8;10;18
2664;WIN;None;3;136;"298,35";"0,1187";"0,09";12;12;13;24
2665;WIN;None;3;148;"264,26";"0,1186";"0,08";9;9;21;42
2666;WIN;None;3;88;"330,81";"0,1185";"0,09";16;14;11;22
2667;WIN;None;3;58;"218,01";"0,1184";"0,09";4;4;6;12
2668;WIN;None;3;109;"218,89";"0,1183";"0,14";12;12;11;22
2669;DEATH;KilledByTarget;3;60;"-128,58";"0,1182";"0,08";10;6;5;10
2670;WIN;None;3;138;"243,46";"0,1181";"0,11";11;8;15;32
2671;WIN;None;3;134;"193,34";"0,118";"0,1";11;10;8;16
2672;DEATH;KilledByTarget;3;41;"-97,1";"0,1179";"0,07";12;4;4;9
2673;WIN;None;3;114;"204,54";"0,1178";"0,06";12;9;5;12
2674;WIN;None;3;128;"198,46";"0,1177";"0,11";14;14;17;34
2675;WIN;None;3;141;"307,45";"0,1176";"0,1";11;11;23;47
2676;WIN;None;3;35;"230,52";"0,1175";"0,09";10;5;5;8
2677;WIN;None;3;92;"197,23";"0,1175";"0,08";14;6;3;6
2678;WIN;None;3;118;"196,96";"0,1174";"0,16";14;12;8;16
2679;WIN;None;3;69;"250,34";"0,1173";"0,06";11;11;7;14
2680;WIN;None;3;105;"190,17";"0,1172";"0,08";12;10;14;28
2681;WIN;None;3;263;"223,41";"0,1171";"0,13";8;7;30;60
2682;WIN;None;3;77;"193,48";"0,117";"0,08";12;11;7;14
2683;DEATH;KilledByTarget;3;69;"-121,41";"0,1169";"0,04";12;8;5;8
2684;DEATH;Suicide;3;31;"-309,45";"0,1168";"0,16";14;2;1;2
2685;WIN;None;3;47;"206,48";"0,1167";"0,02";12;7;5;10
2686;WIN;None;3;56;"228,65";"0,1166";"0,07";7;5;7;14
2687;WIN;None;3;71;"223,85";"0,1165";"0,13";10;7;10;20
2688;DEATH;KilledByTarget;3;143;"-90,14";"0,1164";"0,12";13;10;18;36
2689;DEATH;KilledByTarget;3;147;"-111,97";"0,1163";"0,16";13;9;10;20
2690;WIN;None;3;61;"237,25";"0,1162";"0,13";15;10;6;12
2691;WIN;None;3;95;"249,77";"0,1161";"0,11";10;10;9;18
2692;WIN;None;3;76;"200,5";"0,1161";"0,09";6;5;5;10
2693;WIN;None;3;253;"164,91";"0,116";"0,11";6;6;21;45
2694;WIN;None;3;30;"231,32";"0,1159";"0,03";11;4;4;8
2695;WIN;None;3;93;"220,96";"0,1158";"0,09";9;8;7;16
2696;WIN;None;3;70;"255,52";"0,1157";"0,07";12;8;11;22
2697;DEATH;KilledByTarget;3;59;"-70,46";"0,1156";"0,1";16;11;6;12
2698;DEATH;KilledByTarget;3;200;"-20,98";"0,1155";"0,06";15;14;21;40
2699;WIN;None;3;58;"224,11";"0,1154";"0,09";13;9;7;14
2700;WIN;None;3;145;"232,32";"0,1153";"0,1";9;8;10;22
2701;WIN;None;3;69;"178,34";"0,1152";"0,09";10;8;5;10
2702;WIN;None;3;123;"250,96";"0,1151";"0,08";15;15;14;28
2703;WIN;None;3;103;"223,86";"0,115";"0,08";13;12;8;17
2704;WIN;None;3;131;"252,45";"0,1149";"0,08";15;15;12;28
2705;WIN;None;3;81;"201,25";"0,1149";"0,1";7;6;9;19
2706;DEATH;KilledByTarget;3;94;"-79,76";"0,1148";"0,11";7;6;11;23
2707;WIN;None;3;141;"167,2";"0,1147";"0,09";13;12;9;18
2708;WIN;None;3;25;"223,32";"0,1146";"0,08";10;2;3;4
2709;WIN;None;3;45;"216,62";"0,1145";"0,02";8;7;5;10
2710;WIN;None;3;162;"230,43";"0,1144";"0,1";11;8;10;20
2711;DEATH;KilledByTarget;3;226;"-92,65";"0,1143";"0,1";10;10;20;40
2712;WIN;None;3;72;"205,13";"0,1142";"0,07";12;7;6;10
2713;WIN;None;3;201;"148,65";"0,1141";"0,07";14;13;13;26
2714;WIN;None;3;67;"201,58";"0,114";"0,15";9;8;5;10
2715;DEATH;KilledByTarget;3;82;"-64,12";"0,1139";"0,06";12;8;10;21
2716;WIN;None;3;104;"159,79";"0,1138";"0,08";14;11;8;14
2717;WIN;None;3;70;"175,02";"0,1138";"0,04";13;7;5;10
2718;WIN;None;3;117;"228,13";"0,1137";"0,09";10;7;8;16
2719;DEATH;KilledByTarget;3;47;"-53,72";"0,1136";"0,06";15;11;7;16
2720;WIN;None;3;126;"240,25";"0,1135";"0,11";8;8;12;26
2721;WIN;None;3;79;"211,49";"0,1134";"0,11";10;6;6;13
2722;WIN;None;3;301;"285,65";"0,1133";"0,12";14;13;35;70
2723;WIN;None;3;90;"208,62";"0,1132";"0,06";10;10;7;14
2724;WIN;None;3;332;"226,38";"0,1131";"0,12";12;9;40;80
2725;WIN;None;3;109;"222,69";"0,113";"0,09";15;13;9;18
2726;WIN;None;3;116;"227,8";"0,1129";"0,09";10;10;12;24
2727;WIN;None;3;62;"214,13";"0,1128";"0,11";8;4;8;17
2728;WIN;None;3;76;"249,1";"0,1128";"0,08";13;11;8;17
2729;WIN;None;3;100;"222,32";"0,1127";"0,18";15;14;9;19
2730;WIN;None;3;85;"185,22";"0,1126";"0,09";12;8;4;8
2731;WIN;None;3;157;"169,68";"0,1125";"0,07";11;10;15;28
2732;DEATH;KilledByTarget;3;103;"-88,44";"0,1124";"0,09";13;12;8;16
2733;WIN;None;3;61;"233,8";"0,1123";"0,11";12;7;4;8
2734;WIN;None;3;117;"215,83";"0,1122";"0,11";9;9;9;18
2735;WIN;None;3;124;"271,54";"0,1121";"0,06";11;9;12;25
2736;WIN;None;3;117;"135,23";"0,112";"0,09";13;9;4;8
2737;WIN;None;3;42;"223,13";"0,1119";"0,1";12;3;4;8
2738;WIN;None;3;219;"74,74";"0,1119";"0,06";14;12;18;39
2739;WIN;None;3;116;242;"0,1118";"0,03";11;8;11;22
2740;WIN;None;3;61;"206,5";"0,1117";"0,08";13;10;5;10
2741;WIN;None;3;98;"188,61";"0,1116";"0,07";9;6;8;16
2742;WIN;None;3;68;"240,21";"0,1115";"0,06";11;6;8;16
2743;WIN;None;3;74;"227,64";"0,1114";"0,08";12;9;8;16
2744;DEATH;KilledByTarget;3;44;"-83,81";"0,1113";"0,07";13;9;5;11
2745;WIN;None;3;159;"181,94";"0,1112";"0,06";11;10;13;28
2746;WIN;None;3;53;"221,86";"0,1111";"0,06";7;6;4;8
2747;WIN;None;3;117;"227,23";"0,1111";"0,09";13;13;14;26
2748;WIN;None;3;158;"257,61";"0,111";"0,1";13;13;21;43
2749;WIN;None;3;51;"221,2";"0,1109";"0,12";9;7;8;14
2750;DEATH;KilledByTarget;3;108;"-102,39";"0,1108";"0,06";14;12;9;19
2751;WIN;None;3;40;"233,87";"0,1107";"0,05";12;6;5;10
2752;WIN;None;3;101;"208,2";"0,1106";"0,1";11;8;4;8
2753;WIN;None;3;88;"273,16";"0,1105";"0,11";12;10;10;20
2754;WIN;None;3;93;"209,91";"0,1104";"0,06";15;12;11;20
2755;WIN;None;3;99;"219,19";"0,1103";"0,07";12;8;10;20
2756;WIN;None;3;82;"249,08";"0,1103";"0,09";12;9;9;18
2757;WIN;None;3;312;"205,13";"0,1102";"0,1";12;11;23;47
2758;WIN;None;3;67;"231,98";"0,1101";"0,12";9;7;8;14
2759;WIN;None;3;68;"217,41";"0,11";"0,04";6;4;6;10
2760;WIN;None;3;421;"255,2";"0,1099";"0,09";13;12;32;65
2761;WIN;None;3;139;"277,74";"0,1098";"0,09";11;9;16;32
2762;WIN;None;3;68;"175,86";"0,1097";"0,13";9;7;5;10
2763;DEATH;Suicide;3;28;"-325,59";"0,1096";"0,11";16;2;1;2
2764;WIN;None;3;148;"240,26";"0,1096";"0,09";14;13;14;28
2765;WIN;None;3;195;"159,77";"0,1095";"0,08";10;9;8;16
2766;WIN;None;3;190;"115,47";"0,1094";"0,08";13;13;9;20
2767;WIN;None;3;192;"179,68";"0,1093";"0,1";9;9;10;18
2768;WIN;None;3;100;"226,37";"0,1092";"0,09";8;8;6;12
2769;WIN;None;3;96;"230,25";"0,1091";"0,07";13;10;10;20
2770;WIN;None;3;72;"246,08";"0,109";"0,07";12;11;8;16
2771;WIN;None;3;113;"178,21";"0,1089";"0,09";10;6;5;10
2772;DEATH;KilledByTarget;3;138;"-131,24";"0,1089";"0,09";11;11;11;23
2773;DEATH;KilledByTarget;3;92;"-70,07";"0,1088";"0,12";12;9;8;17
2774;WIN;None;3;108;"244,21";"0,1087";"0,1";10;9;10;20
2775;WIN;None;3;127;"195,83";"0,1086";"0,1";10;9;10;20
2776;WIN;None;3;143;"197,11";"0,1085";"0,09";10;8;8;16
2777;WIN;None;3;121;"138,65";"0,1084";"0,07";11;8;4;8
2778;WIN;None;3;173;"219,96";"0,1083";"0,09";11;10;13;26
2779;WIN;None;3;199;"208,09";"0,1082";"0,1";12;12;13;30
2780;WIN;None;3;84;"264,39";"0,1082";"0,07";15;9;9;18
2781;WIN;None;3;116;"261,65";"0,1081";"0,09";10;6;9;22
2782;DEATH;KilledByTarget;3;85;"-81,23";"0,108";"0,11";7;7;6;14
2783;WIN;None;3;22;"221,28";"0,1079";"0,09";9;2;2;4
2784;WIN;None;3;104;"178,59";"0,1078";"0,08";10;7;6;10
2785;WIN;None;3;331;176;"0,1077";"0,08";12;12;19;40
2786;WIN;None;3;88;"226,61";"0,1076";"0,11";10;9;8;16
2787;WIN;None;3;77;"250,53";"0,1076";"0,08";11;9;7;15
2788;WIN;None;3;138;"204,06";"0,1075";"0,09";12;11;16;32
2789;WIN;None;3;36;"237,65";"0,1074";"0,08";9;5;4;8
2790;WIN;None;3;155;"213,72";"0,1073";"0,07";15;11;9;18
2791;WIN;None;3;63;"216,86";"0,1072";"0,13";11;6;6;12
2792;WIN;None;3;208;"220,41";"0,1071";"0,13";9;8;18;34
2793;WIN;None;3;60;"205,17";"0,107";"0,08";10;7;7;14
2794;WIN;None;3;79;"223,79";"0,107";"0,1";9;9;9;18
2795;WIN;None;3;134;"257,34";"0,1069";"0,07";12;11;16;34
2796;WIN;None;3;420;"169,42";"0,1068";"0,06";9;9;27;56
2797;WIN;None;3;213;"198,66";"0,1067";"0,15";15;13;17;34
2798;WIN;None;3;175;"183,62";"0,1066";"0,08";9;4;7;12
2799;DEATH;KilledByTarget;3;183;"-118,34";"0,1065";"0,07";8;8;17;35
2800;DEATH;Suicide;3;11;"-307,55";"0,1064";"0,09";11;0;1;2
2801;WIN;None;3;380;"50,52";"0,1064";"0,09";12;12;20;42
2802;WIN;None;3;81;"215,05";"0,1063";"0,1";10;7;11;20
2803;WIN;None;3;79;"225,14";"0,1062";"0,1";11;7;7;14
2804;WIN;None;3;106;"208,15";"0,1061";"0,08";13;8;7;15
2805;WIN;None;3;107;"215,13";"0,106";"0,15";12;11;6;13
2806;DEATH;KilledByTarget;3;80;"-41,73";"0,1059";"0,08";6;5;7;14
2807;WIN;None;3;241;209;"0,1058";"0,1";13;12;18;38
2808;WIN;None;3;192;"159,83";"0,1058";"0,1";15;13;11;22
2809;WIN;None;3;52;"206,03";"0,1057";"0,04";6;3;2;4
2810;WIN;None;3;230;"228,42";"0,1056";"0,08";16;15;14;28
2811;WIN;None;3;341;"199,7";"0,1055";"0,11";15;15;24;49
2812;WIN;None;3;224;"165,04";"0,1054";"0,11";9;9;9;16
2813;WIN;None;3;140;"230,82";"0,1053";"0,09";13;9;7;14
2814;WIN;None;3;337;"208,63";"0,1053";"0,09";14;14;23;52
2815;WIN;None;3;272;"215,53";"0,1052";"0,07";14;13;18;36
2816;WIN;None;3;70;"204,42";"0,1051";"0,09";10;8;7;14
2817;WIN;None;3;80;"205,97";"0,105";"0,05";14;13;6;12
2818;WIN;None;3;93;"242,41";"0,1049";"0,09";10;6;7;12
2819;WIN;None;3;118;"237,31";"0,1048";"0,08";9;8;10;20
2820;WIN;None;3;42;"205,08";"0,1048";"0,24";10;2;3;6
2821;WIN;None;3;56;"229,55";"0,1047";"0,05";13;8;6;12
2822;WIN;None;3;149;"208,34";"0,1046";"0,05";13;10;9;17
2823;WIN;None;3;99;"222,84";"0,1045";"0,13";9;5;3;6
2824;DEATH;KilledByTarget;3;403;"-181,54";"0,1044";"0,09";14;14;12;27
2825;WIN;None;3;140;"189,82";"0,1043";"0,06";10;9;4;8
2826;DEATH;KilledByTarget;3;119;"-93,81";"0,1043";"0,15";10;10;7;14
2827;WIN;None;3;99;"199,34";"0,1042";"0,12";12;9;7;14
2828;WIN;None;3;166;"192,85";"0,1041";"0,13";16;11;7;14
2829;WIN;None;3;154;"238,84";"0,104";"0,06";10;10;11;22
2830;WIN;None;3;98;"210,51";"0,1039";"0,05";13;12;15;29
2831;WIN;None;3;237;"162,88";"0,1038";"0,08";16;15;13;26
2832;WIN;None;3;36;"222,4";"0,1038";"0,03";6;3;4;6
2833;WIN;None;3;147;"201,93";"0,1037";"0,14";7;7;8;16
2834;WIN;None;3;123;"183,01";"0,1036";"0,07";13;6;3;6
2835;WIN;None;3;82;"206,23";"0,1035";"0,13";13;10;7;15
2836;WIN;None;3;43;"246,31";"0,1034";"0,05";14;8;7;14
2837;WIN;None;3;154;"139,59";"0,1033";"0,12";12;11;10;18
2838;WIN;None;3;164;"137,79";"0,1033";"0,09";13;11;11;23
2839;WIN;None;3;117;"213,23";"0,1032";"0,13";13;11;8;14
2840;WIN;None;3;135;"208,52";"0,1031";"0,08";16;13;14;28
2841;WIN;None;3;73;"211,06";"0,103";"0,14";11;9;6;12
2842;WIN;None;3;185;"252,22";"0,1029";"0,06";9;9;12;24
2843;WIN;None;3;103;"248,06";"0,1028";"0,06";9;8;9;18
2844;WIN;None;3;116;"216,6";"0,1028";"0,07";8;8;8;14
2845;WIN;None;3;28;"233,56";"0,1027";0;12;4;5;10
2846;WIN;None;3;49;"227,54";"0,1026";"0,12";14;9;5;10
2847;WIN;None;3;96;228;"0,1025";"0,05";11;8;5;11
2848;DEATH;KilledByTarget;3;128;"-103,94";"0,1024";"0,1";11;11;3;6
2849;WIN;None;3;108;"236,66";"0,1024";"0,11";17;16;9;18
2850;WIN;None;3;117;"152,88";"0,1023";"0,09";5;5;9;16
2851;WIN;None;3;97;"209,08";"0,1022";"0,11";13;11;12;24
2852;DEATH;KilledByTarget;3;39;"-76,36";"0,1021";0;11;6;7;13
2853;DEATH;KilledByTarget;3;134;"-67,01";"0,102";"0,06";9;9;11;22
2854;WIN;None;3;29;"202,64";"0,1019";"0,03";10;4;4;8
2855;WIN;None;3;91;248;"0,1019";"0,03";12;11;13;24
2856;WIN;None;3;116;"284,2";"0,1018";"0,08";13;11;14;28
2857;WIN;None;3;21;"228,7";"0,1017";0;10;4;4;8
2858;WIN;None;3;59;"231,69";"0,1016";"0,14";13;9;7;14
2859;WIN;None;3;78;"230,01";"0,1015";"0,12";9;8;10;18
2860;DEATH;KilledByTarget;3;46;"-73,5";"0,1015";"0,07";12;8;5;11
2861;WIN;None;3;96;"209,75";"0,1014";"0,1";10;9;8;14
2862;WIN;None;3;71;"214,15";"0,1013";"0,14";9;5;8;14
2863;WIN;None;3;45;"229,57";"0,1012";"0,11";9;5;7;14
2864;WIN;None;3;196;"218,1";"0,1011";"0,09";11;9;16;34
2865;WIN;None;3;129;"246,64";"0,101";"0,09";16;16;12;24
2866;WIN;None;3;258;"246,01";"0,101";"0,1";13;13;20;42
2867;WIN;None;3;211;"227,1";"0,1009";"0,07";7;7;16;34
2868;DEATH;KilledByTarget;3;119;"-75,66";"0,1008";"0,04";11;11;13;27
2869;WIN;None;3;72;"205,18";"0,1007";"0,13";13;8;5;10
2870;WIN;None;3;158;"207,01";"0,1006";"0,1";11;8;8;15
2871;WIN;None;3;123;"258,41";"0,1006";"0,08";13;13;9;18
2872;WIN;None;3;134;"237,09";"0,1005";"0,11";13;11;11;20
2873;WIN;None;3;196;"211,85";"0,1004";"0,07";12;12;9;20
2874;WIN;None;3;226;"232,6";"0,1003";"0,06";15;15;18;36
2875;WIN;None;3;225;"224,07";"0,1002";"0,12";12;12;14;29
2876;WIN;None;3;168;"239,16";"0,1002";"0,08";10;10;12;24
2877;WIN;None;3;292;"187,23";"0,1001";"0,08";10;10;19;41
2878;WIN;None;3;184;"258,59";"0,1";"0,06";6;6;16;33
2879;WIN;None;3;54;"201,04";"0,0999";"0,15";7;6;5;8
2880;WIN;None;3;421;"120,1";"0,0998";"0,08";16;16;18;39
2881;WIN;None;3;100;"264,62";"0,0998";"0,04";11;10;12;24
2882;WIN;None;3;58;"223,81";"0,0997";"0,09";9;5;5;10
2883;WIN;None;3;130;"240,57";"0,0996";"0,09";10;9;12;24
2884;WIN;None;3;60;"214,32";"0,0995";"0,13";11;8;7;12
2885;DEATH;KilledByTarget;3;108;"-66,34";"0,0994";"0,08";10;8;11;21
2886;WIN;None;3;288;"249,81";"0,0994";"0,05";13;13;17;33
2887;WIN;None;3;42;"214,23";"0,0993";"0,07";9;6;3;6
2888;WIN;None;3;83;"227,26";"0,0992";"0,06";11;8;7;14
2889;WIN;None;3;31;"208,55";"0,0991";"0,06";6;6;5;10
2890;WIN;None;3;236;"182,45";"0,099";"0,07";11;11;11;23
2891;WIN;None;3;140;"126,32";"0,099";"0,04";13;13;8;16
2892;WIN;None;3;109;"193,39";"0,0989";"0,1";15;14;11;22
2893;WIN;None;3;100;"257,47";"0,0988";"0,03";11;11;8;16
2894;WIN;None;3;98;"148,91";"0,0987";"0,07";13;11;6;12
2895;DEATH;KilledByTarget;3;82;"-23,62";"0,0987";"0,05";8;7;8;19
2896;WIN;None;3;46;"251,95";"0,0986";"0,07";16;12;8;16
2897;WIN;None;3;131;"246,6";"0,0985";"0,08";9;9;12;22
2898;WIN;None;3;62;"238,53";"0,0984";"0,08";7;6;7;14
2899;WIN;None;3;265;"204,42";"0,0983";"0,08";10;10;15;34
2900;WIN;None;3;51;243;"0,0983";"0,06";13;9;7;14
2901;WIN;None;3;148;"253,31";"0,0982";"0,05";11;11;15;30
2902;WIN;None;3;114;"199,84";"0,0981";"0,06";12;10;6;10
2903;DEATH;KilledByTarget;3;250;"-174,73";"0,098";"0,09";10;10;10;21
2904;DEATH;KilledByTarget;3;139;"-61,96";"0,0979";"0,05";8;8;8;15
2905;WIN;None;3;72;"249,13";"0,0979";"0,07";14;12;8;16
2906;DEATH;KilledByTarget;3;49;"-88,26";"0,0978";"0,08";11;6;6;12
2907;WIN;None;3;119;"207,14";"0,0977";"0,07";11;7;7;14
2908;WIN;None;3;9;"210,74";"0,0976";0;9;2;2;4
2909;WIN;None;3;226;"193,85";"0,0976";"0,11";16;16;14;28
2910;WIN;None;3;218;"227,61";"0,0975";"0,09";11;11;12;28
2911;WIN;None;3;137;"246,23";"0,0974";"0,04";10;10;9;20
2912;DEATH;Suicide;3;4;"-304,51";"0,0973";"0,25";12;0;1;2
2913;WIN;None;3;66;"221,1";"0,0972";"0,03";9;8;5;10
2914;DEATH;KilledByTarget;3;21;"-91,4";"0,0972";"0,05";10;3;2;5
2915;WIN;None;3;96;"267,2";"0,0971";"0,06";16;13;14;26
2916;WIN;None;3;251;"219,2";"0,097";"0,08";12;12;18;34
2917;WIN;None;3;97;"219,23";"0,0969";"0,01";12;11;8;16
2918;WIN;None;3;85;"251,77";"0,0969";"0,05";11;9;8;16
2919;WIN;None;3;258;"238,01";"0,0968";"0,1";9;9;22;51
2920;WIN;None;3;89;"234,69";"0,0967";"0,1";14;12;9;20
2921;WIN;None;3;114;"240,29";"0,0966";"0,11";12;11;10;21
2922;DEATH;KilledByTarget;3;168;"-139,94";"0,0965";"0,07";12;8;5;14
2923;WIN;None;3;241;"201,4";"0,0965";"0,09";12;12;12;26
2924;WIN;None;3;18;"208,81";"0,0964";"0,17";8;3;3;4
2925;WIN;None;3;203;"274,56";"0,0963";"0,07";13;13;15;33
2926;DEATH;KilledByTarget;3;25;"-67,98";"0,0962";"0,04";16;10;5;8
2927;WIN;None;3;45;"224,17";"0,0962";"0,11";13;9;7;14
2928;WIN;None;3;360;"246,37";"0,0961";"0,08";12;12;28;62
2929;WIN;None;3;93;"275,31";"0,096";"0,08";11;10;8;20
2930;WIN;None;3;172;"237,03";"0,0959";"0,08";12;11;8;16
2931;WIN;None;3;105;"233,52";"0,0958";"0,05";13;12;7;15
2932;WIN;None;3;191;"238,6";"0,0958";"0,04";15;14;13;27
2933;DEATH;KilledByTarget;3;129;"-192,56";"0,0957";"0,04";15;12;9;19
2934;WIN;None;3;81;"244,4";"0,0956";"0,09";10;9;9;18
2935;WIN;None;3;112;"139,18";"0,0955";"0,09";12;12;6;13
2936;DEATH;KilledByTarget;3;39;"-78,26";"0,0955";"0,05";10;7;5;10
2937;DEATH;KilledByTarget;3;36;"-95,55";"0,0954";"0,22";13;5;2;5
2938;WIN;None;3;132;"240,73";"0,0953";"0,09";12;12;13;27
2939;WIN;None;3;87;"237,48";"0,0952";"0,07";13;10;8;16
2940;WIN;None;3;39;"237,49";"0,0952";"0,05";8;6;5;10
2941;WIN;None;3;44;"218,69";"0,0951";"0,02";10;4;3;6
2942;WIN;None;3;141;"215,15";"0,095";"0,1";12;12;14;28
2943;WIN;None;3;69;"235,64";"0,0949";"0,04";12;12;9;18
2944;DEATH;KilledByTarget;3;44;"-77,76";"0,0949";"0,05";9;7;6;13
2945;WIN;None;3;32;"232,78";"0,0948";"0,06";8;4;5;10
2946;WIN;None;3;36;"224,15";"0,0947";"0,03";16;9;7;12
2947;WIN;None;3;88;"186,46";"0,0946";"0,15";14;12;9;18
2948;WIN;None;3;116;"212,6";"0,0946";"0,09";8;8;11;20
2949;WIN;None;3;99;"279,49";"0,0945";"0,05";12;9;11;22
2950;WIN;None;3;161;254;"0,0944";"0,07";9;9;10;20
2951;WIN;None;3;76;"243,25";"0,0943";"0,11";12;11;11;22
2952;WIN;None;3;132;"193,28";"0,0943";"0,09";11;10;7;16
2953;WIN;None;3;30;"235,32";"0,0942";"0,07";9;6;5;10
2954;WIN;None;3;157;"240,68";"0,0941";"0,09";10;10;13;26
2955;DEATH;KilledByTarget;3;46;"-93,25";"0,094";"0,09";8;7;3;9
2956;DEATH;KilledByTarget;3;34;"-83,46";"0,094";"0,06";11;4;4;9
2957;WIN;None;3;121;"156,55";"0,0939";"0,04";8;8;5;12
2958;WIN;None;3;332;"-14,97";"0,0938";"0,06";11;11;12;29
2959;WIN;None;3;146;"244,75";"0,0937";"0,12";11;11;12;22
2960;DEATH;KilledByTarget;3;201;"-79,6";"0,0937";"0,07";13;12;7;16
2961;WIN;None;3;268;"230,51";"0,0936";"0,08";12;12;15;30
2962;WIN;None;3;153;"261,66";"0,0935";"0,1";11;11;15;31
2963;WIN;None;3;118;"247,36";"0,0934";"0,06";10;8;6;16
2964;WIN;None;3;53;"242,96";"0,0934";"0,09";11;9;6;14
2965;DEATH;KilledByTarget;3;71;"-80,2";"0,0933";"0,07";11;10;6;12
2966;DEATH;KilledByTarget;3;202;"-70,17";"0,0932";"0,07";10;10;9;19
2967;WIN;None;3;148;"226,81";"0,0931";"0,09";13;13;6;13
2968;WIN;None;3;233;"235,66";"0,0931";"0,07";11;11;10;21
2969;WIN;None;3;276;205;"0,093";"0,08";13;13;10;19
2970;WIN;None;3;276;"210,2";"0,0929";"0,08";9;9;10;22
2971;WIN;None;3;97;"84,33";"0,0928";"0,06";10;7;3;8
2972;WIN;None;3;309;"224,94";"0,0928";"0,09";11;11;13;28
2973;WIN;None;3;105;"197,52";"0,0927";"0,08";9;9;7;14
2974;WIN;None;3;170;"219,97";"0,0926";"0,1";10;10;12;29
2975;WIN;None;3;107;"200,63";"0,0925";"0,08";13;10;10;21
2976;WIN;None;3;281;"65,4";"0,0925";"0,08";12;12;12;24
2977;WIN;None;3;58;"259,91";"0,0924";"0,05";12;7;8;16
2978;DEATH;KilledByTarget;3;162;"-79,37";"0,0923";"0,07";18;18;11;23
2979;DEATH;KilledByTarget;3;25;"-98,13";"0,0922";"0,04";7;2;1;3
2980;WIN;None;3;243;"177,96";"0,0922";"0,05";10;9;14;26
2981;WIN;None;3;22;"219,93";"0,0921";"0,05";17;6;5;8
2982;WIN;None;3;141;"213,45";"0,092";"0,05";8;4;8;14
2983;WIN;None;3;27;"233,73";"0,0919";"0,07";11;5;4;9
2984;WIN;None;3;137;"219,03";"0,0919";"0,09";9;9;8;14
2985;WIN;None;3;38;"217,26";"0,0918";"0,03";8;5;6;12
2986;WIN;None;3;122;"278,23";"0,0917";"0,07";14;14;15;30
2987;WIN;None;3;97;"285,73";"0,0916";"0,07";14;9;13;26
2988;WIN;None;3;107;"249,98";"0,0916";"0,05";12;12;8;16
2989;DEATH;KilledByTarget;3;46;"-91,65";"0,0915";"0,09";6;6;7;16
2990;WIN;None;3;178;"236,41";"0,0914";"0,12";18;18;8;18
2991;DEATH;KilledByTarget;3;45;"-63,78";"0,0914";"0,02";13;9;8;17
2992;DEATH;KilledByTarget;3;128;"-74,74";"0,0913";"0,06";12;12;10;22
2993;WIN;None;3;22;"234,48";"0,0912";0;14;5;5;8
2994;WIN;None;3;38;"255,96";"0,0911";"0,05";13;11;7;14
2995;DEATH;KilledByTarget;3;35;"-61,78";"0,0911";"0,11";10;7;5;9
2996;WIN;None;3;36;206;"0,091";"0,08";6;3;2;5
2997;WIN;None;3;30;"238,77";"0,0909";"0,03";13;8;4;9
2998;WIN;None;3;214;"240,89";"0,0908";"0,11";13;11;12;24
2999;WIN;None;3;74;"221,14";"0,0908";"0,04";6;4;4;10
3000;WIN;None;3;128;"214,21";"0,0907";"0,05";11;10;8;16
3001;WIN;None;3;92;"197,58";"0,0906";"0,09";11;8;7;14
3002;WIN;None;3;194;"195,79";"0,0906";"0,08";13;13;19;36
3003;WIN;None;3;25;"233,97";"0,0905";"0,12";14;7;3;7
3004;DEATH;KilledByTarget;3;119;"-71,36";"0,0904";"0,04";10;9;10;23
3005;WIN;None;3;84;"219,19";"0,0903";"0,12";10;7;6;13
3006;DEATH;KilledByTarget;3;95;"-55,88";"0,0903";"0,07";16;15;7;14
3007;DEATH;KilledByTarget;3;46;"-75,7";"0,0902";"0,11";12;6;3;4
3008;WIN;None;3;159;"216,54";"0,0901";"0,11";10;10;13;27
3009;DEATH;KilledByTarget;3;124;"-91,76";"0,09";"0,08";13;13;9;19
3010;DEATH;KilledByTarget;3;94;"-55,66";"0,09";"0,07";12;8;9;18
3011;WIN;None;3;276;"192,8";"0,0899";"0,09";8;8;17;36
3012;DEATH;KilledByTarget;3;100;"-73,08";"0,0898";"0,07";15;12;8;18
3013;WIN;None;3;152;"236,08";"0,0898";"0,08";12;12;10;20
3014;WIN;None;3;254;"148,19";"0,0897";"0,11";10;10;17;32
3015;DEATH;KilledByTarget;3;168;"-72,69";"0,0896";"0,08";5;5;7;16
3016;WIN;None;3;145;"212,62";"0,0895";"0,06";11;9;15;28
3017;WIN;None;3;57;"195,83";"0,0895";"0,04";13;3;4;10
3018;DEATH;KilledByTarget;3;214;"-13,26";"0,0894";"0,08";13;12;16;33
3019;WIN;None;3;227;"165,28";"0,0893";"0,06";7;5;17;35
3020;DEATH;KilledByTarget;3;52;"-108,72";"0,0893";"0,12";8;3;2;4
3021;DEATH;KilledByTarget;3;50;"-66,23";"0,0892";"0,08";11;8;7;17
3022;WIN;None;3;298;"90,26";"0,0891";"0,07";14;13;21;42
3023;WIN;None;3;88;"227,41";"0,089";"0,08";11;8;5;10
3024;DEATH;KilledByTarget;3;137;"-108,57";"0,089";"0,06";14;10;10;21
3025;DEATH;KilledByTarget;3;77;"-94,97";"0,0889";"0,1";13;8;4;10
3026;WIN;None;3;109;"207,99";"0,0888";"0,06";14;14;14;26
3027;WIN;None;3;89;"171,14";"0,0888";"0,07";13;9;7;14
3028;WIN;None;3;76;"244,65";"0,0887";"0,03";10;7;15;30
3029;DEATH;KilledByTarget;3;185;"-91,23";"0,0886";"0,05";14;11;24;49
3030;DEATH;KilledByTarget;3;95;"-143,58";"0,0885";"0,06";9;6;7;15
3031;WIN;None;3;224;"160,04";"0,0885";"0,06";9;9;17;34
3032;WIN;None;3;261;"166,65";"0,0884";"0,06";13;13;20;41
3033;WIN;None;3;73;"211,06";"0,0883";"0,08";10;8;4;8
3034;WIN;None;3;62;"218,38";"0,0883";"0,08";11;5;3;6
3035;WIN;None;3;70;"199,12";"0,0882";"0,11";12;4;4;8
3036;WIN;None;3;134;"209,24";"0,0881";"0,08";7;7;13;26
3037;WIN;None;3;457;"-5,07";"0,0881";"0,07";16;16;20;40
3038;WIN;None;3;122;"217,23";"0,088";"0,08";15;13;8;16
3039;DEATH;KilledByTarget;3;104;"-134,76";"0,0879";"0,05";9;7;5;11
3040;WIN;None;3;248;"203,26";"0,0878";"0,08";17;11;12;24
3041;WIN;None;3;94;"206,39";"0,0878";"0,03";10;6;3;6
3042;WIN;None;3;41;"205,1";"0,0877";"0,02";10;4;4;6
3043;WIN;None;3;545;"69,32";"0,0876";"0,07";9;9;33;74
3044;DEATH;KilledByTarget;3;134;"-167,06";"0,0876";"0,08";12;9;4;8
3045;DEATH;KilledByTarget;3;116;"-145,95";"0,0875";"0,1";11;7;2;6
3046;WIN;None;3;128;"201,91";"0,0874";"0,08";12;11;7;14
3047;WIN;None;3;217;"77,83";"0,0874";"0,06";14;12;6;12
3048;WIN;None;3;104;"213,69";"0,0873";"0,11";11;6;6;14
3049;DEATH;Suicide;3;33;"-309,49";"0,0872";"0,09";14;3;1;2
3050;DEATH;Suicide;3;26;"-308,25";"0,0871";"0,08";11;1;1;2
3051;WIN;None;3;195;"31,12";"0,0871";"0,08";9;8;5;10
3052;WIN;None;3;87;"140,23";"0,087";"0,07";14;6;3;4
3053;DEATH;KilledByTarget;3;174;"-155,86";"0,0869";"0,1";15;8;3;10
3054;WIN;None;3;104;"150,24";"0,0869";"0,09";11;6;7;16
3055;WIN;None;3;111;"186,2";"0,0868";"0,06";13;6;3;6
3056;DEATH;Suicide;3;13;"-306,54";"0,0867";"0,15";14;2;1;2
3057;WIN;None;3;76;"201,4";"0,0867";"0,04";11;7;4;8
3058;WIN;None;3;74;"180,89";"0,0866";"0,09";9;5;6;12
3059;DEATH;KilledByTarget;3;137;"-150,22";"0,0865";"0,07";10;5;4;14
3060;WIN;None;3;438;"-152,84";"0,0864";"0,08";15;14;9;28
3061;DEATH;KilledByTarget;3;278;"-286,44";"0,0864";"0,06";10;10;4;11
3062;WIN;None;3;112;"203,53";"0,0863";"0,12";14;11;3;10
3063;WIN;None;3;113;"195,96";"0,0862";"0,04";12;8;4;8
3064;WIN;None;3;352;"107,83";"0,0862";"0,08";7;7;12;33
3065;WIN;None;3;82;"216,98";"0,0861";"0,07";9;6;7;18
3066;WIN;None;3;132;"43,28";"0,086";"0,08";10;8;6;14
3067;WIN;None;3;160;"181,92";"0,086";"0,11";14;8;6;13
3068;WIN;None;3;202;"209,78";"0,0859";"0,08";12;12;10;23
3069;WIN;None;3;129;"173,34";"0,0858";"0,05";11;9;5;11
3070;DEATH;KilledByTarget;3;322;"-225,87";"0,0858";"0,1";12;10;7;35
3071;WIN;None;3;88;"209,06";"0,0857";"0,09";8;4;5;10
3072;DEATH;KilledByTarget;3;274;"-156,76";"0,0856";"0,08";10;9;9;20
3073;DEATH;KilledByTarget;3;61;"-109,75";"0,0856";"0,13";11;3;4;8
3074;DEATH;KilledByTarget;3;263;"-222,84";"0,0855";"0,11";10;10;12;27
3075;WIN;None;3;210;"113,17";"0,0854";"0,09";11;10;7;14
3076;DEATH;Suicide;3;18;"-317,49";"0,0853";"0,06";10;1;1;2
3077;WIN;None;3;130;"168,57";"0,0853";"0,08";12;10;6;12
3078;DEATH;KilledByTarget;3;118;"-108,59";"0,0852";"0,08";11;8;7;19
3079;WIN;None;3;136;"130,85";"0,0851";"0,07";13;7;6;10
3080;WIN;None;3;85;"175,97";"0,0851";"0,13";12;8;4;9
3081;WIN;None;3;106;"190,9";"0,085";"0,07";9;4;4;8
3082;WIN;None;3;170;"271,37";"0,0849";"0,05";11;10;11;24
3083;WIN;None;3;228;"140,86";"0,0849";"0,07";14;13;7;19
3084;WIN;None;3;365;"114,92";"0,0848";"0,08";12;12;14;32
3085;WIN;None;3;159;"144,14";"0,0847";"0,09";8;8;9;18
3086;WIN;None;3;81;186;"0,0847";"0,07";9;3;4;10
3087;WIN;None;3;335;"75,92";"0,0846";"0,09";10;10;14;30
3088;DEATH;KilledByTarget;3;144;"-174,16";"0,0845";"0,08";10;7;5;10
3089;DEATH;KilledByTarget;3;87;"-165,92";"0,0845";"0,08";13;4;2;5
3090;WIN;None;3;173;"172,46";"0,0844";"0,12";8;8;13;27
3091;WIN;None;3;207;"122,53";"0,0843";"0,09";10;8;8;18
3092;WIN;None;3;169;"167,44";"0,0843";"0,07";13;13;9;23
3093;DEATH;KilledByTarget;3;91;"-131,8";"0,0842";"0,12";13;10;4;6
3094;DEATH;KilledByTarget;3;110;"-106,68";"0,0841";"0,1";12;6;3;4
3095;WIN;None;3;143;"180,16";"0,0841";"0,06";16;8;4;8
3096;WIN;None;3;150;"94,17";"0,084";"0,08";10;6;3;8
3097;WIN;None;3;287;"104,68";"0,0839";"0,09";9;9;4;11
3098;WIN;None;3;48;"217,31";"0,0839";"0,1";9;3;3;6
3099;WIN;None;3;223;"173,96";"0,0838";"0,08";13;13;11;23
3100;WIN;None;3;125;"212,17";"0,0837";"0,07";12;10;11;22
3101;WIN;None;3;92;"224,48";"0,0837";"0,14";13;9;6;12
3102;WIN;None;3;252;"131,98";"0,0836";"0,04";9;8;10;22
3103;WIN;None;3;283;"135,71";"0,0835";"0,04";13;8;11;25
3104;WIN;None;3;124;"110,89";"0,0835";"0,07";11;7;5;12
3105;DEATH;Suicide;3;40;"-311,03";"0,0834";"0,05";8;1;1;2
3106;WIN;None;3;47;"212,23";"0,0833";"0,09";9;2;2;4
3107;WIN;None;3;79;"230,19";"0,0833";"0,09";10;5;6;14
3108;WIN;None;3;200;"203,27";"0,0832";"0,07";14;14;16;33
3109;DEATH;KilledByTarget;3;207;"-174,32";"0,0831";"0,09";12;11;11;22
3110;DEATH;KilledByTarget;3;246;"-149,85";"0,0831";"0,07";13;13;13;34
3111;DEATH;KilledByTarget;3;175;"-166,43";"0,083";"0,09";6;2;1;8
3112;WIN;None;3;73;"206,96";"0,0829";"0,15";9;8;8;16
3113;WIN;None;3;125;"161,72";"0,0829";"0,06";13;10;7;14
3114;WIN;None;3;66;"260,15";"0,0828";"0,02";11;6;9;18
3115;WIN;None;3;74;"156,04";"0,0827";"0,07";10;5;2;2
3116;DEATH;KilledByTarget;3;158;"-126,54";"0,0827";"0,07";8;8;6;16
3117;WIN;None;3;48;"195,06";"0,0826";"0,06";11;5;3;6
3118;WIN;None;3;252;"203,23";"0,0825";"0,05";9;9;19;44
3119;WIN;None;3;104;"226,99";"0,0825";"0,12";10;7;7;12
3120;WIN;None;3;208;"246,36";"0,0824";"0,06";8;5;12;29
3121;WIN;None;3;88;"161,66";"0,0823";"0,1";9;6;3;7
3122;WIN;None;3;70;"272,12";"0,0823";"0,09";14;11;8;16
3123;WIN;None;3;154;"216,24";"0,0822";"0,05";14;12;7;17
3124;DEATH;KilledByTarget;3;178;"-121,59";"0,0821";"0,07";10;8;12;26
3125;DEATH;KilledByTarget;3;116;"-125,5";"0,0821";"0,06";12;7;1;2
3126;WIN;None;3;85;"209,27";"0,082";"0,06";10;6;4;11
3127;WIN;None;3;290;"115,77";"0,0819";"0,06";10;10;10;22
3128;DEATH;KilledByTarget;3;178;"-155,64";"0,0819";"0,09";9;7;3;12
3129;WIN;None;3;38;"213,86";"0,0818";"0,05";13;8;3;6
3130;WIN;None;3;217;"192,33";"0,0817";"0,06";11;10;16;33
3131;WIN;None;3;126;"199,5";"0,0817";"0,06";10;6;14;26
3132;WIN;None;3;106;"218,3";"0,0816";"0,08";10;9;7;14
3133;DEATH;KilledByTarget;3;187;"-148,82";"0,0815";"0,1";14;14;14;27
3134;DEATH;KilledByTarget;3;94;"-102,31";"0,0815";"0,05";5;5;3;9
3135;WIN;None;3;42;"218,48";"0,0814";"0,1";8;4;6;12
3136;WIN;None;3;119;"212,64";"0,0813";"0,08";9;9;7;14
3137;WIN;None;3;375;"153,52";"0,0813";"0,05";10;10;39;81
3138;DEATH;KilledByTarget;3;104;"-92,41";"0,0812";"0,05";11;9;8;17
3139;DEATH;KilledByTarget;3;112;"-99,72";"0,0812";"0,05";14;9;3;7
3140;DEATH;KilledByTarget;3;51;"-84,65";"0,0811";"0,04";13;7;3;7
3141;DEATH;KilledByTarget;3;31;"-99,55";"0,081";"0,06";7;2;3;8
3142;DEATH;Suicide;3;4;"-304,51";"0,081";"0,25";10;0;1;2
3143;DEATH;KilledByTarget;3;72;"-61,07";"0,0809";"0,03";8;7;9;19
3144;DEATH;KilledByTarget;3;116;"-112,5";"0,0808";"0,09";7;6;4;9
3145;WIN;None;3;67;"216,68";"0,0808";"0,03";14;11;11;20
3146;DEATH;KilledByTarget;3;66;"-158,95";"0,0807";"0,02";8;5;3;5
3147;DEATH;KilledByTarget;3;36;"-69,85";"0,0806";0;15;7;5;11
3148;WIN;None;3;140;"291,92";"0,0806";"0,05";14;12;19;39
3149;DEATH;KilledByTarget;3;140;"-40,88";"0,0805";"0,06";13;12;11;22
3150;WIN;None;3;45;"183,07";"0,0804";"0,02";12;3;2;4
3151;WIN;None;3;111;"227,25";"0,0804";"0,07";13;12;9;19
3152;WIN;None;3;92;"224,38";"0,0803";"0,09";10;9;6;15
3153;WIN;None;3;58;"249,06";"0,0802";"0,07";12;7;6;12
3154;DEATH;KilledByTarget;3;175;"-120,73";"0,0802";"0,07";13;11;15;34
3155;WIN;None;3;27;"215,23";"0,0801";"0,07";11;5;7;12
3156;DEATH;KilledByTarget;3;118;"-122,54";"0,0801";"0,08";6;5;3;7
3157;WIN;None;3;155;"229,67";"0,08";"0,06";17;13;8;18
3158;DEATH;KilledByTarget;3;93;"-72,94";"0,0799";"0,03";12;11;12;28
3159;WIN;None;3;140;"258,17";"0,0799";"0,07";13;12;16;35
3160;DEATH;KilledByTarget;3;44;"-77,46";"0,0798";"0,09";11;8;6;13
3161;WIN;None;3;49;"241,94";"0,0797";"0,04";12;8;6;16
3162;WIN;None;3;96;"236,5";"0,0797";"0,05";11;11;8;16
3163;DEATH;KilledByTarget;3;71;"-98,6";"0,0796";"0,08";8;6;4;9
3164;WIN;None;3;66;"248,25";"0,0795";"0,06";14;10;7;12
3165;DEATH;KilledByTarget;3;112;"-63,32";"0,0795";"0,08";9;9;9;19
3166;DEATH;KilledByTarget;3;48;"-90,14";"0,0794";"0,08";13;8;4;8
3167;WIN;None;3;65;"238,02";"0,0794";"0,06";12;9;8;16
3168;WIN;None;3;93;"226,81";"0,0793";"0,11";9;7;10;23
3169;WIN;None;3;185;"253,37";"0,0792";"0,07";13;13;11;24
3170;DEATH;KilledByTarget;3;70;"-47,13";"0,0792";"0,06";16;12;8;16
3171;DEATH;KilledByTarget;3;101;"-59,15";"0,0791";"0,06";11;10;14;31
3172;WIN;None;3;70;"235,77";"0,079";"0,07";15;9;5;12
3173;WIN;None;3;27;"245,83";"0,079";0;14;6;5;10
3174;DEATH;KilledByTarget;3;196;"-57,6";"0,0789";"0,07";13;12;18;38
3175;DEATH;KilledByTarget;3;38;"-88,49";"0,0788";"0,05";11;7;2;5
3176;WIN;None;3;44;"252,89";"0,0788";"0,09";9;6;7;14
3177;DEATH;KilledByTarget;3;63;"-62,39";"0,0787";"0,05";13;12;7;16
3178;WIN;None;3;121;"199,1";"0,0787";"0,08";9;8;4;8
3179;WIN;None;3;15;"223,62";"0,0786";0;8;2;2;4
3180;DEATH;KilledByTarget;3;56;"-63,55";"0,0785";"0,09";14;9;7;18
3181;DEATH;KilledByTarget;3;110;"-314,28";"0,0785";"0,07";8;7;3;9
3182;DEATH;KilledByTarget;3;157;"-84,42";"0,0784";"0,03";10;10;7;19
3183;WIN;None;3;233;"106,66";"0,0783";"0,07";14;13;6;12
3184;DEATH;KilledByTarget;3;484;"-335,91";"0,0783";"0,07";12;12;15;32
3185;DEATH;KilledByTarget;3;40;"-95,38";"0,0782";"0,05";7;3;1;3
3186;DEATH;Suicide;3;8;"-305,19";"0,0782";"0,13";14;0;1;2
3187;WIN;None;3;112;"197,68";"0,0781";"0,07";11;10;8;14
3188;WIN;None;3;214;"161,04";"0,078";"0,07";11;7;13;27
3189;DEATH;KilledByTarget;3;75;"-95,28";"0,078";"0,08";11;6;3;7
3190;WIN;None;3;204;"94,99";"0,0779";"0,08";13;10;7;14
3191;DEATH;KilledByTarget;3;101;"-139,75";"0,0778";"0,02";13;7;2;6
3192;WIN;None;3;103;"170,66";"0,0778";"0,13";8;6;7;14
3193;WIN;None;3;60;"215,82";"0,0777";"0,13";9;3;2;5
3194;DEATH;KilledByTarget;3;60;"-143,88";"0,0777";"0,07";8;4;3;8
3195;WIN;None;3;151;"193,2";"0,0776";"0,11";13;10;7;16
3196;DEATH;KilledByTarget;3;227;"-255,42";"0,0775";"0,06";14;12;5;12
3197;WIN;None;3;209;"139,94";"0,0775";"0,11";11;8;10;20
3198;WIN;None;3;46;"186,9";"0,0774";"0,09";7;2;2;4
3199;DEATH;Suicide;3;25;"-314,13";"0,0773";"0,08";13;1;1;2
3200;WIN;None;3;183;"217,76";"0,0773";"0,08";12;11;14;27
3201;WIN;None;3;60;"170,77";"0,0772";"0,07";14;5;2;4
3202;DEATH;KilledByTarget;3;137;"-120,87";"0,0772";"0,09";14;11;8;18
3203;DEATH;KilledByTarget;3;349;"-83,31";"0,0771";"0,08";8;8;13;31
3204;WIN;None;3;244;"180,49";"0,077";"0,07";14;11;8;19
3205;WIN;None;3;178;"232,11";"0,077";"0,04";10;9;9;26
3206;WIN;None;3;88;"194,51";"0,0769";"0,11";10;7;6;12
3207;DEATH;KilledByTarget;3;229;"-183,61";"0,0769";"0,07";9;9;6;14
3208;DEATH;Suicide;3;76;"-320,85";"0,0768";"0,05";11;3;1;2
3209;DEATH;KilledByTarget;3;251;"-213,65";"0,0767";"0,09";12;11;10;22
3210;DEATH;KilledByTarget;3;90;"-176,63";"0,0767";"0,11";14;7;4;9
3211;DEATH;KilledByTarget;3;82;"-137,82";"0,0766";"0,05";14;5;5;13
3212;WIN;None;3;185;"119,27";"0,0765";"0,1";10;9;7;14
3213;DEATH;KilledByTarget;3;177;"-201,52";"0,0765";"0,08";11;9;2;6
3214;WIN;None;3;85;"208,12";"0,0764";"0,07";15;9;5;10
3215;WIN;None;3;139;"192,19";"0,0764";"0,09";10;7;8;15
3216;WIN;None;3;135;"181,02";"0,0763";"0,06";14;13;4;8
3217;WIN;None;3;206;"111,45";"0,0762";"0,04";14;12;10;20
3218;WIN;None;3;139;"222,24";"0,0762";"0,04";15;11;9;18
3219;DEATH;KilledByTarget;3;274;"-186,26";"0,0761";"0,08";9;9;11;22
3220;WIN;None;3;249;"148,24";"0,0761";"0,06";12;12;8;16
3221;WIN;None;3;110;"196,57";"0,076";"0,12";7;4;4;10
3222;WIN;None;3;229;"139,49";"0,0759";"0,06";13;12;7;14
3223;WIN;None;3;195;"126,07";"0,0759";"0,1";11;9;6;12
3224;WIN;None;3;78;"214,46";"0,0758";0;10;8;5;10
3225;WIN;None;3;255;"107,17";"0,0758";"0,11";12;11;7;15
3226;WIN;None;3;114;"260,29";"0,0757";"0,07";13;10;8;17
3227;WIN;None;3;153;"99,46";"0,0756";"0,07";10;10;7;14
3228;WIN;None;3;58;"195,06";"0,0756";"0,07";10;5;3;6
3229;WIN;None;3;183;"73,26";"0,0755";"0,09";16;15;13;26
3230;WIN;None;3;210;"201,52";"0,0755";"0,07";8;8;13;26
3231;WIN;None;3;232;"201,08";"0,0754";"0,07";12;10;11;23
3232;WIN;None;3;219;"163,14";"0,0753";"0,07";12;11;8;17
3233;DEATH;KilledByTarget;3;67;"-126,82";"0,0753";"0,04";7;3;2;5
3234;WIN;None;3;311;"200,5";"0,0752";"0,08";8;8;15;30
3235;WIN;None;3;130;"192,57";"0,0751";"0,05";11;9;5;10
3236;DEATH;KilledByTarget;3;52;"-101,22";"0,0751";"0,04";14;6;3;5
3237;WIN;None;3;47;"215,88";"0,075";"0,06";6;3;4;8
3238;DEATH;KilledByTarget;3;66;"-117,4";"0,075";"0,06";8;2;1;4
3239;WIN;None;3;91;"241,55";"0,0749";"0,04";12;11;8;16
3240;WIN;None;3;188;"156,71";"0,0748";"0,09";13;13;8;17
3241;WIN;None;3;498;"63,51";"0,0748";"0,1";9;9;18;36
3242;WIN;None;3;213;"149,71";"0,0747";"0,05";14;10;5;10
3243;DEATH;KilledByTarget;3;50;"-106,73";"0,0747";"0,1";13;7;2;4
3244;WIN;None;3;225;"154,82";"0,0746";"0,05";10;8;4;8
3245;WIN;None;3;596;21;"0,0746";"0,05";12;12;19;36
3246;WIN;None;3;79;"219,94";"0,0745";"0,08";12;8;4;8
3247;WIN;None;3;309;"104,59";"0,0744";"0,06";10;10;9;18
3248;WIN;None;3;313;"86,56";"0,0744";"0,07";13;12;16;30
3249;WIN;None;3;216;"79,35";"0,0743";"0,06";13;9;8;16
3250;WIN;None;3;320;"83,77";"0,0743";"0,09";9;9;12;26
3251;DEATH;Suicide;3;4;"-304,51";"0,0742";"0,25";14;0;1;2
3252;WIN;None;3;325;"214,67";"0,0741";"0,06";14;14;16;38
3253;DEATH;KilledByTarget;3;239;"-152,96";"0,0741";"0,08";16;11;10;20
3254;WIN;None;3;268;"176,46";"0,074";"0,06";8;8;13;26
3255;DEATH;Suicide;3;10;"-306,73";"0,074";"0,1";17;1;1;2
3256;DEATH;KilledByTarget;3;263;"-132,89";"0,0739";"0,06";10;9;15;31
3257;WIN;None;3;180;"161,62";"0,0738";"0,07";15;10;4;10
3258;WIN;None;3;412;"110,28";"0,0738";"0,08";10;10;16;35
3259;WIN;None;3;194;"179,24";"0,0737";"0,08";12;10;8;17
3260;WIN;None;3;132;"167,28";"0,0737";"0,07";13;7;6;12
3261;WIN;None;3;137;"127,63";"0,0736";"0,05";14;10;5;10
3262;DEATH;KilledByTarget;3;83;"-97,24";"0,0735";"0,08";12;9;5;11
3263;DEATH;KilledByTarget;3;212;"-113,42";"0,0735";"0,1";13;12;21;44
3264;WIN;None;3;90;"234,32";"0,0734";"0,09";14;9;8;19
3265;DEATH;KilledByTarget;3;20;"-107,43";"0,0734";"0,15";10;3;3;5
3266;WIN;None;3;95;"197,07";"0,0733";"0,06";12;8;5;10
3267;WIN;None;3;38;"243,91";"0,0732";"0,08";8;5;5;10
3268;WIN;None;3;138;"164,96";"0,0732";"0,04";6;5;10;18
3269;DEATH;KilledByTarget;3;412;"-466,37";"0,0731";"0,07";13;12;12;31
3270;WIN;None;3;277;"177,78";"0,0731";"0,05";10;9;6;12
3271;WIN;None;3;308;"80,41";"0,073";"0,05";12;11;8;22
3272;WIN;None;3;294;"124,19";"0,073";"0,07";14;12;14;30
3273;DEATH;KilledByTarget;3;249;"-161,71";"0,0729";"0,05";14;9;4;12
3274;WIN;None;3;146;"92,2";"0,0728";"0,07";10;7;6;11
3275;DEATH;KilledByTarget;3;250;"-223,58";"0,0728";"0,06";11;11;7;15
3276;DEATH;KilledByTarget;3;141;-193;"0,0727";"0,07";16;9;2;6
3277;DEATH;KilledByTarget;3;107;"-165,02";"0,0727";"0,07";12;5;5;12
3278;DEATH;KilledByTarget;3;140;"-271,48";"0,0726";"0,06";10;5;3;9
3279;WIN;None;3;79;"151,84";"0,0725";"0,04";7;4;4;9
3280;WIN;None;3;217;"84,98";"0,0725";"0,04";17;14;9;22
3281;WIN;None;3;197;"121,68";"0,0724";"0,09";10;8;12;26
3282;WIN;None;3;210;"246,32";"0,0724";"0,04";12;10;13;34
3283;WIN;None;3;118;"150,06";"0,0723";"0,07";10;8;7;17
3284;DEATH;KilledByTarget;3;102;"-127,67";"0,0723";"0,08";12;6;6;13
3285;WIN;None;3;101;"186,25";"0,0722";"0,06";14;9;6;12
3286;DEATH;KilledByTarget;3;142;"-142,62";"0,0721";"0,09";13;9;6;14
3287;WIN;None;3;126;"143,8";"0,0721";"0,06";10;8;3;6
3288;WIN;None;3;159;"122,84";"0,072";"0,06";10;7;3;6
3289;DEATH;KilledByTarget;3;94;"-351,66";"0,072";"0,03";15;8;0;2
3290;WIN;None;3;69;"200,14";"0,0719";"0,12";9;3;4;8
3291;WIN;None;3;374;"128,69";"0,0719";"0,08";10;9;16;41
3292;WIN;None;3;86;"60,55";"0,0718";"0,08";10;6;2;4
3293;DEATH;KilledByTarget;3;28;"-129,94";"0,0717";"0,07";8;1;1;2
3294;DEATH;KilledByTarget;3;303;"-321,54";"0,0717";"0,06";10;10;5;16
3295;DEATH;Suicide;3;17;"-306,77";"0,0716";"0,06";15;1;1;2
3296;DEATH;KilledByTarget;3;171;"-276,85";"0,0716";"0,05";12;11;6;16
3297;WIN;None;3;171;"163,85";"0,0715";"0,06";13;10;9;22
3298;DEATH;KilledByTarget;3;263;"-162,29";"0,0715";"0,06";12;10;4;12
3299;WIN;None;3;123;"176,31";"0,0714";"0,1";11;7;5;10
3300;WIN;None;3;124;"204,84";"0,0713";"0,07";5;5;2;4
3301;WIN;None;3;54;"210,24";"0,0713";"0,02";9;5;6;12
3302;WIN;None;3;75;"224,22";"0,0712";"0,07";10;8;9;18
3303;WIN;None;3;145;"204,42";"0,0712";"0,03";13;12;5;12
3304;DEATH;KilledByTarget;3;198;"-183,24";"0,0711";"0,07";13;11;6;14
3305;DEATH;KilledByTarget;3;151;"-167,8";"0,0711";"0,02";12;9;3;11
3306;WIN;None;3;189;"28,34";"0,071";"0,08";10;9;8;18
3307;WIN;None;3;161;"139,7";"0,0709";"0,06";7;6;4;10
3308;WIN;None;3;122;"181,78";"0,0709";"0,04";15;9;5;12
3309;WIN;None;3;229;"100,74";"0,0708";"0,03";10;10;8;16
3310;DEATH;KilledByTarget;3;281;-189;"0,0708";"0,08";12;12;8;19
3311;WIN;None;3;166;"161,45";"0,0707";"0,05";16;9;5;9
3312;DEATH;KilledByTarget;3;196;"-195,75";"0,0707";"0,07";10;8;5;11
3313;DEATH;KilledByTarget;3;119;"-159,01";"0,0706";"0,07";10;6;0;5
3314;WIN;None;3;90;"189,77";"0,0705";"0,08";14;7;5;10
3315;DEATH;KilledByTarget;3;151;"-112,9";"0,0705";"0,05";11;10;6;17
3316;WIN;None;3;182;"154,48";"0,0704";"0,07";12;11;8;18
3317;WIN;None;3;73;"236,46";"0,0704";"0,07";13;10;7;12
3318;WIN;None;3;43;"211,46";"0,0703";"0,02";10;4;3;4
3319;DEATH;KilledByTarget;3;236;"-160,75";"0,0703";"0,09";14;12;6;13
3320;WIN;None;3;122;"150,03";"0,0702";"0,06";10;7;3;6
3321;WIN;None;3;110;"133,27";"0,0702";"0,1";10;6;4;8
3322;WIN;None;3;82;"47,13";"0,0701";"0,05";12;3;1;4
3323;WIN;None;3;337;"185,28";"0,07";"0,06";14;13;17;34
3324;WIN;None;3;178;"140,71";"0,07";"0,1";14;13;10;20
3325;WIN;None;3;260;"143,97";"0,0699";"0,06";11;11;10;21
3326;DEATH;KilledByTarget;3;88;"-154,94";"0,0699";"0,07";10;5;2;4
3327;WIN;None;3;161;"115,05";"0,0698";"0,09";15;8;4;8
3328;WIN;None;3;75;"105,17";"0,0698";"0,01";11;5;2;4
3329;WIN;None;3;171;"137,75";"0,0697";"0,05";13;11;5;10
3330;WIN;None;3;127;"122,83";"0,0696";"0,05";7;5;2;6
3331;DEATH;KilledByTarget;3;201;"-286,4";"0,0696";"0,06";12;12;6;14
3332;WIN;None;3;109;"193,74";"0,0695";"0,07";13;10;4;8
3333;WIN;None;3;262;"158,08";"0,0695";"0,06";13;13;11;22
3334;WIN;None;3;221;"185,45";"0,0694";"0,06";13;11;7;14
3335;WIN;None;3;122;"184,73";"0,0694";"0,08";10;9;6;12
3336;DEATH;KilledByTarget;3;87;"-154,37";"0,0693";"0,05";12;5;2;4
3337;WIN;None;3;156;"65,3";"0,0693";"0,08";14;11;5;11
3338;DEATH;KilledByTarget;3;127;"-118,97";"0,0692";"0,04";11;4;4;10
3339;WIN;None;3;128;"140,61";"0,0691";"0,11";10;7;5;11
3340;DEATH;KilledByTarget;3;160;"-126,78";"0,0691";"0,05";14;8;5;12
3341;WIN;None;3;101;226;"0,069";"0,07";8;5;4;8
3342;WIN;None;3;212;"221,83";"0,069";"0,08";10;6;8;14
3343;WIN;None;3;144;"176,89";"0,0689";"0,06";8;6;8;16
3344;WIN;None;3;480;"178,72";"0,0689";"0,06";11;11;18;38
3345;WIN;None;3;325;"48,87";"0,0688";"0,06";13;13;15;30
3346;WIN;None;3;111;"192,05";"0,0688";"0,05";7;7;5;10
3347;WIN;None;3;140;"112,97";"0,0687";"0,09";16;8;6;12
3348;WIN;None;3;290;"148,82";"0,0687";"0,07";14;13;11;23
3349;WIN;None;3;57;"129,63";"0,0686";"0,04";5;4;1;2
3350;WIN;None;3;75;"121,92";"0,0685";"0,05";10;6;2;4
3351;WIN;None;3;208;"-26,64";"0,0685";"0,07";15;10;5;12
3352;WIN;None;3;581;"11,8";"0,0684";"0,07";13;13;23;55
3353;WIN;None;3;115;"41,37";"0,0684";"0,04";16;7;2;4
3354;WIN;None;3;224;"-10,66";"0,0683";"0,05";12;12;4;8
3355;DEATH;KilledByTarget;3;129;"-258,51";"0,0683";"0,06";10;6;5;12
3356;WIN;None;3;204;"68,89";"0,0682";"0,07";13;13;9;21
3357;DEATH;KilledByTarget;3;262;"-95,97";"0,0682";"0,07";11;10;18;38
3358;WIN;None;3;130;"112,17";"0,0681";"0,06";11;10;4;8
3359;WIN;None;3;93;"171,86";"0,068";"0,05";13;6;3;6
3360;DEATH;Suicide;3;38;"-357,34";"0,068";"0,05";13;3;1;2
3361;WIN;None;3;251;"61,55";"0,0679";"0,06";15;14;10;18
3362;WIN;None;3;159;"98,89";"0,0679";"0,11";13;12;7;14
3363;WIN;None;3;129;"126,14";"0,0678";"0,05";11;7;5;10
3364;WIN;None;3;106;"157,85";"0,0678";"0,06";15;6;1;2
3365;WIN;None;3;248;"59,01";"0,0677";"0,08";9;8;9;18
3366;DEATH;Suicide;3;24;"-316,46";"0,0677";"0,08";8;1;1;2
3367;WIN;None;3;199;"6,99";"0,0676";"0,05";12;10;1;4
3368;DEATH;KilledByTarget;3;181;"-218,95";"0,0676";"0,06";7;7;1;4
3369;WIN;None;3;148;"125,76";"0,0675";"0,07";13;9;8;16
3370;DEATH;KilledByTarget;3;70;"-208,78";"0,0675";"0,07";11;5;0;0
3371;WIN;None;3;87;"162,63";"0,0674";"0,1";11;8;3;7
3372;WIN;None;3;77;"181,03";"0,0673";"0,04";13;7;5;10
3373;WIN;None;3;111;"91,95";"0,0673";"0,07";15;10;3;6
3374;WIN;None;3;120;"190,57";"0,0672";"0,09";10;6;5;10
3375;WIN;None;3;56;"150,65";"0,0672";"0,09";13;3;2;4
3376;DEATH;Suicide;3;11;"-307,55";"0,0671";"0,09";10;0;1;2
3377;WIN;None;3;95;"79,52";"0,0671";"0,05";14;9;6;10
3378;WIN;None;3;282;"54,13";"0,067";"0,07";14;13;10;20
3379;WIN;None;3;267;"-102,82";"0,067";"0,06";10;7;6;14
3380;WIN;None;3;199;"-14,66";"0,0669";"0,05";8;6;7;19
3381;WIN;None;3;69;"83,54";"0,0669";"0,03";12;6;4;8
3382;WIN;None;3;50;"206,67";"0,0668";"0,08";9;4;4;10
3383;WIN;None;3;374;"-5,76";"0,0668";"0,07";12;12;14;32
3384;WIN;None;3;111;14;"0,0667";"0,1";5;3;4;8
3385;WIN;None;3;199;"215,34";"0,0666";"0,08";12;9;14;31
3386;WIN;None;3;71;"170,7";"0,0666";"0,04";6;4;3;9
3387;WIN;None;3;126;"131,35";"0,0665";"0,04";10;5;4;8
3388;WIN;None;3;121;"132,6";"0,0665";"0,07";15;10;4;9
3389;DEATH;KilledByTarget;3;79;"-188,91";"0,0664";"0,04";12;6;2;4
3390;WIN;None;3;400;"-241,88";"0,0664";"0,05";11;11;10;22
3391;WIN;None;3;134;"152,14";"0,0663";"0,08";10;8;6;12
3392;WIN;None;3;180;"86,77";"0,0663";"0,08";12;6;4;10
3393;DEATH;KilledByTarget;3;173;"-165,29";"0,0662";"0,08";14;7;6;18
3394;WIN;None;3;259;"156,44";"0,0662";"0,06";13;13;15;30
3395;WIN;None;3;135;"168,97";"0,0661";"0,06";12;10;9;18
3396;WIN;None;3;101;"114,05";"0,0661";"0,06";9;5;1;3
3397;WIN;None;3;91;"203,3";"0,066";"0,08";11;6;6;12
3398;DEATH;Suicide;3;79;"-370,26";"0,066";"0,04";14;9;1;2
3399;WIN;None;3;227;"-8,42";"0,0659";"0,06";10;8;5;10
3400;WIN;None;3;43;"166,61";"0,0659";"0,07";10;1;5;8
3401;WIN;None;3;176;"-86,95";"0,0658";"0,03";14;14;6;14
3402;WIN;None;3;127;"138,23";"0,0657";"0,04";9;8;6;12
3403;WIN;None;3;243;"79,86";"0,0657";"0,06";13;10;4;8
3404;DEATH;Suicide;3;64;"-327,01";"0,0656";"0,09";14;3;1;2
3405;WIN;None;3;282;"54,98";"0,0656";"0,07";10;10;10;21
3406;WIN;None;3;188;"89,81";"0,0655";"0,04";7;7;7;14
3407;WIN;None;3;389;"31,99";"0,0655";"0,06";12;12;13;29
3408;WIN;None;3;147;"98,88";"0,0654";"0,06";11;9;4;8
3409;WIN;None;3;315;"-8,88";"0,0654";"0,07";11;11;11;22
3410;WIN;None;3;103;"-1,34";"0,0653";"0,05";8;6;4;6
3411;WIN;None;3;166;"155,55";"0,0653";"0,07";14;8;10;18
3412;WIN;None;3;47;"198,33";"0,0652";"0,04";7;3;2;4
3413;WIN;None;3;285;"93,57";"0,0652";"0,05";14;12;8;19
3414;DEATH;KilledByTarget;3;296;"-337,15";"0,0651";"0,05";14;9;10;19
3415;WIN;None;3;140;"220,67";"0,0651";"0,03";11;11;15;31
3416;WIN;None;3;171;"159,5";"0,065";"0,07";12;9;4;8
3417;WIN;None;3;79;"118,74";"0,065";"0,05";9;3;1;2
3418;WIN;None;3;316;"123,85";"0,0649";"0,05";11;8;10;20
3419;DEATH;KilledByTarget;3;237;"-248,87";"0,0649";"0,05";9;9;6;14
3420;WIN;None;3;137;"227,73";"0,0648";"0,09";12;10;10;18
3421;WIN;None;3;176;"143,8";"0,0648";"0,05";9;9;14;26
3422;WIN;None;3;193;"183,76";"0,0647";"0,06";14;9;7;14
3423;DEATH;Suicide;3;96;"-343,3";"0,0647";"0,08";13;5;1;2
3424;DEATH;KilledByTarget;3;245;"-195,08";"0,0646";"0,07";10;10;8;17
3425;WIN;None;3;111;"106,45";"0,0645";"0,04";10;7;6;12
3426;WIN;None;3;118;"200,06";"0,0645";"0,03";12;9;7;12
3427;WIN;None;3;310;"108,32";"0,0644";"0,05";13;12;6;10
3428;WIN;None;3;23;"202,21";"0,0644";"0,13";11;2;1;2
3429;WIN;None;3;117;"175,13";"0,0643";"0,08";10;4;5;11
3430;WIN;None;3;123;"91,76";"0,0643";"0,04";9;8;7;14
3431;WIN;None;3;192;"119,73";"0,0642";"0,08";10;8;7;14
3432;DEATH;Suicide;3;6;"-304,95";"0,0642";"0,17";12;0;1;2
3433;WIN;None;3;133;"4,71";"0,0641";"0,03";14;8;2;2
3434;WIN;None;3;159;"180,14";"0,0641";"0,04";13;8;8;16
3435;WIN;None;3;41;"233,25";"0,064";0;8;3;2;4
3436;WIN;None;3;196;"180,15";"0,064";"0,06";12;11;11;22
3437;WIN;None;3;205;"251,72";"0,0639";"0,06";8;7;20;40
3438;WIN;None;3;124;"191,99";"0,0639";"0,06";16;9;6;12
3439;WIN;None;3;66;"214,85";"0,0638";"0,05";10;4;2;4
3440;DEATH;KilledByTarget;3;272;"-146,57";"0,0638";"0,06";9;7;3;7
3441;WIN;None;3;94;"245,44";"0,0637";"0,03";10;6;5;13
3442;WIN;None;3;153;"203,11";"0,0637";"0,06";8;7;6;12
3443;DEATH;KilledByTarget;3;385;"-169,03";"0,0636";"0,06";10;10;14;28
3444;WIN;None;3;113;"165,81";"0,0636";"0,05";9;7;3;6
3445;WIN;None;3;127;"192,63";"0,0635";"0,04";8;7;9;18
3446;WIN;None;3;59;"232,09";"0,0635";"0,03";12;6;6;10
3447;DEATH;Suicide;3;4;"-304,51";"0,0634";"0,25";13;0;1;2
3448;WIN;None;3;80;"212,72";"0,0634";"0,06";13;9;8;16
3449;DEATH;KilledByTarget;3;283;"-149,04";"0,0633";"0,06";14;14;8;17
3450;WIN;None;3;74;"213,09";"0,0633";"0,04";10;8;11;22
3451;WIN;None;3;73;"231,71";"0,0632";"0,07";14;8;4;8
3452;WIN;None;3;245;"165,42";"0,0632";"0,04";9;9;12;26
3453;DEATH;Suicide;3;4;"-304,51";"0,0631";"0,25";12;0;1;2
3454;WIN;None;3;81;"208,4";"0,0631";"0,06";16;8;8;14
3455;DEATH;KilledByTarget;3;188;"-171,94";"0,063";"0,06";11;11;9;19
3456;WIN;None;3;100;"181,22";"0,063";"0,04";10;7;8;16
3457;WIN;None;3;248;"189,01";"0,0629";"0,04";14;13;11;22
3458;WIN;None;3;66;"210,1";"0,0629";"0,12";14;8;3;7
3459;WIN;None;3;84;"212,44";"0,0628";"0,05";14;8;4;8
3460;WIN;None;3;48;"244,11";"0,0628";"0,06";10;7;8;16
3461;WIN;None;3;72;"239,78";"0,0627";"0,07";10;7;5;10
3462;WIN;None;3;133;"211,31";"0,0627";"0,05";12;11;11;20
3463;WIN;None;3;232;"211,23";"0,0626";"0,03";11;11;18;36
3464;WIN;None;3;199;"162,24";"0,0626";"0,08";10;10;12;22
3465;WIN;None;3;283;"145,51";"0,0625";"0,07";8;8;14;28
3466;WIN;None;3;120;"223,77";"0,0625";"0,02";14;14;9;18
3467;DEATH;KilledByTarget;3;171;"-111,15";"0,0624";"0,04";16;13;10;21
3468;WIN;None;3;144;"166,99";"0,0624";"0,05";12;11;4;6
3469;WIN;None;3;83;"208,11";"0,0623";"0,05";17;10;12;24
3470;WIN;None;3;122;"223,68";"0,0623";"0,07";13;9;6;10
3471;WIN;None;3;100;"230,52";"0,0622";"0,04";10;9;8;17
3472;WIN;None;3;91;"256,05";"0,0622";"0,11";14;10;11;22
3473;WIN;None;3;257;"217,18";"0,0621";"0,05";13;13;23;48
3474;WIN;None;3;90;"216,72";"0,0621";"0,04";12;10;7;14
3475;WIN;None;3;57;"222,18";"0,062";"0,11";10;5;4;8
3476;WIN;None;3;67;"251,38";"0,062";"0,01";8;5;8;15
3477;WIN;None;3;61;"217,45";"0,0619";"0,07";5;3;7;12
3478;WIN;None;3;58;"197,16";"0,0619";"0,05";12;6;3;6
3479;WIN;None;3;369;"239,29";"0,0618";"0,05";10;10;38;78
3480;WIN;None;3;226;"223,65";"0,0618";"0,05";11;9;15;33
3481;WIN;None;3;57;"202,03";"0,0617";"0,05";11;6;4;6
3482;WIN;None;3;113;"214,61";"0,0617";"0,04";10;8;8;16
3483;WIN;None;3;52;"224,03";"0,0616";"0,02";16;12;8;16
3484;WIN;None;3;73;"229,36";"0,0616";"0,05";12;11;8;14
3485;WIN;None;3;171;"254,65";"0,0615";"0,02";14;11;17;34
3486;DEATH;KilledByTarget;3;94;"-72,26";"0,0615";"0,05";10;9;7;14
3487;WIN;None;3;215;"171,67";"0,0614";"0,03";14;7;13;24
3488;DEATH;KilledByTarget;3;117;"-110,07";"0,0614";"0,09";10;6;4;10
3489;WIN;None;3;27;"233,73";"0,0613";"0,04";13;4;3;6
3490;WIN;None;3;86;"223,55";"0,0613";0;16;7;4;8
3491;WIN;None;3;106;"228,5";"0,0612";"0,03";7;5;8;16
3492;WIN;None;3;40;"210,97";"0,0612";0;11;6;5;8
3493;WIN;None;3;392;"252,53";"0,0611";"0,05";14;14;22;47
3494;WIN;None;3;20;"214,92";"0,0611";"0,1";8;4;3;6
3495;DEATH;KilledByTarget;3;318;"-135,69";"0,061";"0,03";15;13;4;11
3496;WIN;None;3;84;"172,24";"0,061";"0,06";10;3;3;6
3497;WIN;None;3;197;"171,08";"0,0609";"0,04";14;14;7;16
3498;WIN;None;3;186;"147,5";"0,0609";"0,08";10;9;9;21
3499;WIN;None;3;157;"184,03";"0,0608";"0,07";8;6;3;6
3500;WIN;None;3;95;"260,57";"0,0608";"0,04";12;7;7;14
3501;WIN;None;3;184;"137,24";"0,0607";"0,09";11;11;15;31
3502;DEATH;KilledByTarget;3;52;"-101,87";"0,0607";"0,06";11;7;5;10
3503;WIN;None;3;51;"260,95";"0,0606";"0,04";12;9;7;14
3504;WIN;None;3;78;"246,61";"0,0606";"0,03";16;14;9;18
3505;WIN;None;3;84;"216,49";"0,0605";"0,06";9;6;10;21
3506;WIN;None;3;88;"201,01";"0,0605";"0,06";6;5;2;4
3507;WIN;None;3;52;"187,03";"0,0604";"0,08";12;4;7;14
3508;WIN;None;3;137;"243,18";"0,0604";"0,06";16;16;11;22
3509;WIN;None;3;71;"238,25";"0,0604";"0,04";13;8;5;10
3510;WIN;None;3;85;"219,22";"0,0603";"0,07";8;6;16;34
3511;DEATH;KilledByTarget;3;29;"-93,26";"0,0603";0;8;3;3;7
3512;WIN;None;3;87;"222,53";"0,0602";"0,03";11;8;8;16
3513;WIN;None;3;73;"239,41";"0,0602";"0,03";8;7;10;20
3514;WIN;None;3;48;"212,71";"0,0601";"0,04";12;7;12;22
3515;WIN;None;3;183;"270,66";"0,0601";"0,04";12;12;14;30
3516;WIN;None;3;59;"236,39";"0,06";"0,1";11;9;6;12
3517;DEATH;KilledByTarget;3;36;"-100,1";"0,06";"0,06";5;3;2;6
3518;DEATH;KilledByTarget;3;122;"-89,97";"0,0599";"0,07";12;10;10;20
3519;WIN;None;3;95;"252,47";"0,0599";"0,06";13;11;10;20
3520;WIN;None;3;308;"178,31";"0,0598";"0,04";12;11;19;36
3521;WIN;None;3;101;"226,25";"0,0598";"0,02";12;11;12;23
3522;WIN;None;3;182;"216,18";"0,0597";"0,04";14;13;18;34
3523;WIN;None;3;96;"199,55";"0,0597";"0,06";10;9;7;12
3524;WIN;None;3;118;"255,31";"0,0596";"0,05";13;9;11;22
3525;WIN;None;3;169;"224,89";"0,0596";"0,06";14;11;8;17
3526;WIN;None;3;321;"175,35";"0,0595";"0,06";16;15;8;18
3527;WIN;None;3;116;"213,1";"0,0595";"0,03";15;10;5;10
3528;DEATH;KilledByTarget;3;16;"-96,7";"0,0594";0;10;1;1;3
3529;WIN;None;3;216;"205,75";"0,0594";"0,03";13;11;8;17
3530;WIN;None;3;398;"249,61";"0,0593";"0,04";9;9;15;30
3531;WIN;None;3;297;"87,68";"0,0593";"0,04";9;9;3;7
3532;WIN;None;3;149;"185,04";"0,0593";"0,09";11;10;7;14
3533;DEATH;KilledByTarget;3;225;"-108,98";"0,0592";"0,04";11;10;6;15
3534;DEATH;KilledByTarget;3;316;"-131,9";"0,0592";"0,05";12;11;5;11
3535;DEATH;KilledByTarget;3;64;"-96,76";"0,0591";"0,08";15;8;3;7
3536;WIN;None;3;178;"187,11";"0,0591";"0,07";8;4;5;10
3537;WIN;None;3;196;"176,25";"0,059";"0,06";8;7;7;16
3538;WIN;None;3;233;"185,61";"0,059";"0,06";12;12;4;8
3539;WIN;None;3;268;"172,76";"0,0589";"0,06";16;16;9;16
3540;WIN;None;3;270;"153,92";"0,0589";"0,04";10;10;7;14
3541;WIN;None;3;177;"182,83";"0,0588";"0,04";14;10;5;10
3542;DEATH;KilledByTarget;3;140;"-141,33";"0,0588";"0,04";12;8;3;7
3543;WIN;None;3;117;"207,58";"0,0587";"0,03";8;8;8;14
3544;WIN;None;3;127;"234,43";"0,0587";"0,04";13;13;16;30
3545;WIN;None;3;62;"253,93";"0,0586";"0,05";13;11;10;20
3546;DEATH;KilledByTarget;3;139;"-103,06";"0,0586";"0,06";13;9;17;32
3547;WIN;None;3;265;"249,22";"0,0585";"0,02";16;16;39;76
3548;WIN;None;3;55;"218,72";"0,0585";"0,05";10;8;9;16
3549;WIN;None;3;24;"213,69";"0,0584";0;9;3;5;8
3550;WIN;None;3;110;"223,02";"0,0584";"0,05";14;13;13;24
3551;WIN;None;3;246;"201,9";"0,0584";"0,06";12;11;32;62
3552;WIN;None;3;63;"231,96";"0,0583";"0,03";12;8;10;18
3553;WIN;None;3;176;"231,65";"0,0583";"0,06";13;13;27;52
3554;WIN;None;3;105;"251,97";"0,0582";"0,04";15;14;10;18
3555;WIN;None;3;53;"205,36";"0,0582";"0,02";13;6;6;12
3556;WIN;None;3;88;"228,71";"0,0581";"0,02";12;10;6;12
3557;WIN;None;3;221;"191,35";"0,0581";"0,06";10;10;7;14
3558;WIN;None;3;260;"138,42";"0,058";"0,03";14;13;16;32
3559;WIN;None;3;170;"131,07";"0,058";"0,05";13;13;5;11
3560;WIN;None;3;109;"144,94";"0,0579";"0,05";15;11;5;10
3561;WIN;None;3;90;"210,87";"0,0579";"0,09";14;8;2;4
3562;TIMEOUT;None;3;600;"-61,85";"0,0578";"0,07";10;10;19;42
3563;DEATH;KilledByTarget;3;70;"-59,68";"0,0578";0;13;11;9;18
3564;WIN;None;3;177;"221,63";"0,0578";"0,02";13;13;19;38
3565;WIN;None;3;36;"222,75";"0,0577";0;16;8;5;10
3566;WIN;None;3;149;"205,04";"0,0577";"0,05";10;9;19;38
3567;WIN;None;3;173;"67,21";"0,0576";"0,03";14;13;22;43
3568;WIN;None;3;64;"219,39";"0,0576";"0,03";8;4;4;6
3569;WIN;None;3;91;"128,6";"0,0575";"0,04";12;7;5;8
3570;WIN;None;3;264;"223,29";"0,0575";"0,05";12;10;18;37
3571;WIN;None;3;164;"252,84";"0,0574";"0,05";11;10;9;18
3572;DEATH;Suicide;3;14;"-306,21";"0,0574";"0,07";13;0;1;2
3573;DEATH;KilledByTarget;3;153;"-85,89";"0,0573";"0,11";16;10;6;14
3574;WIN;None;3;132;"204,28";"0,0573";"0,06";13;6;10;21
3575;WIN;None;3;75;"247,67";"0,0572";"0,07";13;13;9;18
3576;WIN;None;3;68;"207,71";"0,0572";"0,07";10;8;7;15
3577;WIN;None;3;69;"222,59";"0,0572";"0,04";6;6;5;10
3578;WIN;None;3;109;"227,49";"0,0571";"0,05";11;10;7;12
3579;WIN;None;3;191;"169,65";"0,0571";"0,06";15;14;8;16
3580;WIN;None;3;66;"232,65";"0,057";"0,05";16;10;5;10
3581;WIN;None;3;120;"198,77";"0,057";"0,05";12;7;5;8
3582;WIN;None;3;260;"181,22";"0,0569";"0,03";16;15;9;18
3583;DEATH;KilledByTarget;3;319;"-142,16";"0,0569";"0,04";12;10;9;19
3584;WIN;None;3;53;"222,46";"0,0568";"0,09";12;8;3;6
3585;WIN;None;3;185;"150,02";"0,0568";"0,03";12;9;5;10
3586;WIN;None;3;180;"136,52";"0,0567";"0,07";7;6;7;14
3587;WIN;None;3;107;"224,48";"0,0567";"0,08";11;6;3;9
3588;WIN;None;3;125;"204,37";"0,0567";"0,06";10;3;2;4
3589;DEATH;KilledByTarget;3;224;"-155,66";"0,0566";"0,07";13;13;8;17
3590;DEATH;Suicide;3;14;"-306,21";"0,0566";"0,07";14;0;1;2
3591;WIN;None;3;163;"178,01";"0,0565";"0,05";13;13;10;21
3592;WIN;None;3;357;"89,48";"0,0565";"0,06";9;7;11;22
3593;WIN;None;3;156;"206,6";"0,0564";"0,05";13;11;7;12
3594;WIN;None;3;126;"253,3";"0,0564";"0,03";12;9;17;35
3595;WIN;None;3;31;"218,1";"0,0563";0;14;8;5;8
3596;WIN;None;3;92;"208,88";"0,0563";"0,05";11;8;7;14
3597;WIN;None;3;74;"201,29";"0,0562";"0,05";12;6;7;12
3598;WIN;None;3;178;"192,16";"0,0562";"0,05";10;10;19;38
3599;WIN;None;3;189;"185,64";"0,0562";"0,06";14;13;21;40
3600;WIN;None;3;31;251;"0,0561";"0,03";12;8;5;10
3601;DEATH;KilledByTarget;3;42;"-96,87";"0,0561";"0,02";10;6;5;9
3602;WIN;None;3;67;"219,68";"0,056";"0,09";13;12;9;16
3603;WIN;None;3;42;"227,23";"0,056";"0,05";14;7;6;12
3604;WIN;None;3;56;"203,45";"0,0559";"0,04";9;6;6;12
3605;WIN;None;3;37;"240,08";"0,0559";"0,05";15;7;7;12
3606;WIN;None;3;149;"203,64";"0,0558";"0,03";15;14;7;12
3607;WIN;None;3;328;"145,11";"0,0558";"0,05";9;9;14;28
3608;WIN;None;3;257;"243,43";"0,0558";"0,05";9;7;15;31
3609;WIN;None;3;194;"213,29";"0,0557";"0,05";11;10;8;16
3610;WIN;None;3;32;"218,08";"0,0557";0;14;7;4;8
3611;WIN;None;3;102;"239,88";"0,0556";"0,07";11;11;7;15
3612;WIN;None;3;50;"229,72";"0,0556";"0,04";14;6;4;8
3613;WIN;None;3;150;"222,97";"0,0555";"0,06";8;8;11;22
3614;WIN;None;3;136;"201,35";"0,0555";"0,06";8;7;7;14
3615;DEATH;KilledByTarget;3;206;"-88,95";"0,0554";"0,05";8;8;16;33
3616;WIN;None;3;293;"189,36";"0,0554";"0,06";9;9;12;24
3617;DEATH;KilledByTarget;3;246;"-163,15";"0,0554";"0,04";10;10;3;7
3618;WIN;None;3;33;"220,51";"0,0553";"0,06";11;4;2;5
3619;WIN;None;3;381;"117,4";"0,0553";"0,06";10;10;12;24
3620;WIN;None;3;522;"154,03";"0,0552";"0,05";15;15;19;40
3621;WIN;None;3;206;"225,75";"0,0552";"0,06";10;10;5;10
3622;WIN;None;3;262;"145,93";"0,0551";"0,06";12;12;7;17
3623;WIN;None;3;211;"190,65";"0,0551";"0,06";15;13;6;12
3624;WIN;None;3;325;"192,72";"0,055";"0,06";15;15;11;23
3625;DEATH;KilledByTarget;3;191;"-130,55";"0,055";"0,03";15;13;4;10
3626;WIN;None;3;458;"178,01";"0,055";"0,05";14;14;14;35
3627;WIN;None;3;422;"93,98";"0,0549";"0,04";12;10;5;11
3628;DEATH;KilledByTarget;3;180;"-147,63";"0,0549";"0,06";13;12;4;11
3629;DEATH;KilledByTarget;3;112;"-147,37";"0,0548";"0,06";10;8;2;7
3630;DEATH;KilledByTarget;3;326;"-164,25";"0,0548";"0,05";12;12;7;25
3631;WIN;None;3;103;"207,21";"0,0547";"0,06";12;10;4;8
3632;DEATH;KilledByTarget;3;102;"-117,42";"0,0547";"0,07";12;6;3;6
3633;WIN;None;3;535;"116,57";"0,0546";"0,05";12;12;12;29
3634;DEATH;KilledByTarget;3;167;"-142,27";"0,0546";"0,08";11;8;4;8
3635;DEATH;KilledByTarget;3;177;"-132,97";"0,0546";"0,02";8;8;3;8
3636;WIN;None;3;229;"193,49";"0,0545";"0,05";15;15;5;10
3637;WIN;None;3;232;"145,53";"0,0545";"0,06";15;13;9;18
3638;WIN;None;3;360;"221,12";"0,0544";"0,06";8;7;14;26
3639;WIN;None;3;182;"224,48";"0,0544";"0,05";11;10;8;16
3640;WIN;None;3;138;"151,01";"0,0543";"0,07";10;7;7;14
3641;WIN;None;3;95;"219,87";"0,0543";"0,04";12;10;3;6
3642;WIN;None;3;66;"220,65";"0,0543";"0,05";7;5;4;10
3643;WIN;None;3;132;"211,18";"0,0542";"0,08";10;8;4;9
3644;WIN;None;3;349;"-47,41";"0,0542";"0,06";6;6;6;12
3645;WIN;None;3;285;"195,97";"0,0541";"0,07";13;11;7;16
3646;WIN;None;3;183;"171,66";"0,0541";"0,02";14;6;3;6
3647;WIN;None;3;150;"229,82";"0,054";"0,07";11;10;7;14
3648;WIN;None;3;538;"134,61";"0,054";"0,06";8;8;7;12
3649;WIN;None;3;225;"208,27";"0,054";"0,05";11;10;9;21
3650;DEATH;Suicide;3;28;"-308,69";"0,0539";"0,07";11;1;1;2
3651;WIN;None;3;285;"150,57";"0,0539";"0,06";13;12;9;16
3652;DEATH;Suicide;3;5;"-304,73";"0,0538";"0,2";15;0;1;2
3653;WIN;None;3;313;"163,36";"0,0538";"0,05";11;11;4;9
3654;DEATH;KilledByTarget;3;331;"-170,4";"0,0537";"0,05";11;11;2;5
3655;DEATH;KilledByTarget;3;171;"-113,6";"0,0537";"0,06";14;11;7;14
3656;WIN;None;3;83;"171,51";"0,0537";"0,04";13;7;2;4
3657;TIMEOUT;None;3;600;"-123,8";"0,0536";"0,04";11;11;12;30
3658;WIN;None;3;163;"185,96";"0,0536";"0,06";9;8;4;8
3659;WIN;None;3;313;"150,16";"0,0535";"0,06";9;9;8;17
3660;WIN;None;3;122;"187,83";"0,0535";"0,04";8;6;3;6
3661;WIN;None;3;300;"189,57";"0,0534";"0,04";11;11;10;24
3662;WIN;None;3;95;"208,22";"0,0534";"0,01";9;6;3;10
3663;WIN;None;3;100;"196,17";"0,0534";"0,03";9;4;4;8
3664;WIN;None;3;390;"155,37";"0,0533";"0,06";12;12;5;10
3665;DEATH;Suicide;3;21;"-307,45";"0,0533";"0,1";11;1;1;2
3666;DEATH;KilledByTarget;3;188;"-118,49";"0,0532";"0,04";13;11;3;6
3667;WIN;None;3;266;"138,9";"0,0532";"0,05";13;11;9;20
3668;WIN;None;3;411;"156,55";"0,0531";"0,04";12;10;4;10
3669;DEATH;Suicide;3;43;"-346,94";"0,0531";"0,05";16;1;1;2
3670;DEATH;KilledByTarget;3;322;"-185,67";"0,0531";"0,05";13;13;10;22
3671;WIN;None;3;103;"197,96";"0,053";"0,03";9;7;5;9
3672;DEATH;KilledByTarget;3;91;"-83,55";"0,053";"0,03";11;9;3;9
3673;DEATH;KilledByTarget;3;70;"-115,78";"0,0529";"0,01";11;6;1;4
3674;DEATH;Suicide;3;16;"-306,55";"0,0529";"0,13";14;1;1;2
3675;WIN;None;3;251;"214,15";"0,0528";"0,05";10;10;11;22
3676;WIN;None;3;238;"128,71";"0,0528";"0,06";10;7;8;16
3677;WIN;None;3;243;"54,46";"0,0528";"0,04";14;12;7;14
3678;WIN;None;3;23;"214,36";"0,0527";0;11;5;3;6
3679;TIMEOUT;None;3;600;"-134,5";"0,0527";"0,04";10;10;10;23
3680;WIN;None;3;229;"133,84";"0,0526";"0,07";11;8;7;14
3681;WIN;None;3;306;"103,25";"0,0526";"0,04";15;14;6;12
3682;WIN;None;3;84;"203,09";"0,0525";"0,02";9;3;2;4
3683;DEATH;KilledByTarget;3;134;"-97,56";"0,0525";"0,05";7;6;2;6
3684;DEATH;KilledByTarget;3;133;"-151,29";"0,0525";"0,04";15;11;3;8
3685;WIN;None;3;561;"144,8";"0,0524";"0,05";11;11;13;28
3686;DEATH;KilledByTarget;3;162;"-106,37";"0,0524";"0,06";12;9;3;8
3687;WIN;None;3;137;"215,68";"0,0523";"0,04";12;11;6;12
3688;WIN;None;3;158;"149,06";"0,0523";"0,08";9;7;3;6
3689;WIN;None;3;406;"120,7";"0,0523";"0,05";9;9;4;8
3690;DEATH;Suicide;3;18;"-311,69";"0,0522";"0,11";11;1;2;2
3691;WIN;None;3;92;"216,73";"0,0522";"0,05";15;7;5;11
3692;WIN;None;3;268;"151,81";"0,0521";"0,07";12;8;6;10
3693;DEATH;KilledByTarget;3;92;"-121,67";"0,0521";"0,02";5;2;1;7
3694;WIN;None;3;94;"179,14";"0,052";"0,02";8;7;3;6
3695;TIMEOUT;None;3;600;"-181,9";"0,052";"0,06";9;9;16;38
3696;WIN;None;3;150;"200,02";"0,052";"0,06";11;11;9;18
3697;WIN;None;3;412;"90,68";"0,0519";"0,05";17;16;9;21
3698;WIN;None;3;212;"137,43";"0,0519";"0,06";13;10;5;10
3699;WIN;None;3;84;"210,79";"0,0518";"0,07";10;7;6;10
3700;WIN;None;3;90;"226,62";"0,0518";"0,02";10;8;4;8
3701;WIN;None;3;185;"165,22";"0,0518";"0,03";9;9;7;19
3702;DEATH;KilledByTarget;3;255;"-347,48";"0,0517";"0,05";12;11;5;11
3703;WIN;None;3;150;"202,82";"0,0517";"0,03";16;12;6;12
3704;WIN;None;3;235;"161,12";"0,0516";"0,03";13;9;5;10
3705;DEATH;KilledByTarget;3;259;"-98,01";"0,0516";"0,04";11;10;13;29
3706;WIN;None;3;246;"133,05";"0,0515";"0,02";14;10;11;20
3707;WIN;None;3;31;"245,1";"0,0515";0;14;7;4;8
3708;WIN;None;3;74;"219,89";"0,0515";"0,03";8;3;4;10
3709;DEATH;Suicide;3;40;"-310,63";"0,0514";"0,03";12;3;1;2
3710;DEATH;KilledByTarget;3;57;"-85,47";"0,0514";"0,05";13;6;3;7
3711;WIN;None;3;47;"216,18";"0,0513";"0,04";15;6;4;8
3712;WIN;None;3;66;"244,3";"0,0513";"0,02";17;10;8;18
3713;DEATH;KilledByTarget;3;30;"-81,03";"0,0513";"0,07";13;5;3;8
3714;DEATH;KilledByTarget;3;98;"-101,04";"0,0512";"0,06";10;9;7;17
3715;WIN;None;3;52;"232,38";"0,0512";"0,02";16;11;8;16
3716;WIN;None;3;23;"228,36";"0,0511";"0,04";10;2;3;6
3717;WIN;None;3;150;"222,67";"0,0511";"0,05";18;16;25;48
3718;WIN;None;3;162;"219,38";"0,0511";"0,04";15;14;16;32
3719;WIN;None;3;164;"156,34";"0,051";"0,04";9;9;12;29
3720;WIN;None;3;130;"227,87";"0,051";"0,02";11;6;9;17
3721;WIN;None;3;131;"224,5";"0,0509";"0,03";13;10;17;33
3722;WIN;None;3;30;"230,72";"0,0509";"0,07";14;7;5;10
3723;WIN;None;3;45;"232,12";"0,0509";"0,04";15;8;4;8
3724;WIN;None;3;187;"252,38";"0,0508";"0,05";13;12;10;28
3725;WIN;None;3;564;"-94,51";"0,0508";"0,04";8;8;30;64
3726;WIN;None;3;81;"256,35";"0,0507";"0,07";12;10;7;16
3727;WIN;None;3;31;"239,1";"0,0507";"0,1";10;4;4;8
3728;DEATH;KilledByTarget;3;120;"-123,18";"0,0506";"0,08";13;9;3;7
3729;WIN;None;3;106;"178,45";"0,0506";"0,04";7;7;4;8
3730;DEATH;KilledByTarget;3;40;"-104,78";"0,0506";"0,1";9;4;2;5
3731;WIN;None;3;172;"216,03";"0,0505";"0,03";14;14;21;40
3732;WIN;None;3;51;"269,4";"0,0505";"0,04";14;10;9;18
3733;WIN;None;3;40;"178,37";"0,0504";"0,03";10;4;4;8
3734;DEATH;KilledByTarget;3;18;"-90,89";"0,0504";"0,06";8;3;2;6
3735;DEATH;KilledByTarget;3;70;"-98,83";"0,0504";"0,06";11;7;4;6
3736;WIN;None;3;37;"217,38";"0,0503";"0,03";11;4;4;8
3737;DEATH;KilledByTarget;3;140;"-83,48";"0,0503";"0,06";14;12;11;21
3738;DEATH;KilledByTarget;3;29;"-80,86";"0,0502";"0,1";11;7;3;7
3739;WIN;None;3;19;"223,04";"0,0502";0;5;1;2;4
3740;WIN;None;3;169;"279,24";"0,0502";"0,04";8;8;17;41
3741;WIN;None;3;51;"241,2";"0,0501";"0,02";11;9;9;16
3742;DEATH;KilledByTarget;3;84;"-79,11";"0,0501";"0,06";13;10;5;10
3743;WIN;None;3;36;"240,3";"0,05";"0,03";13;10;6;12
3744;WIN;None;3;50;"235,37";"0,05";0;10;5;7;15
3745;WIN;None;3;67;"244,38";"0,05";"0,01";12;10;8;16
3746;WIN;None;3;132;"199,88";"0,05";"0,04";10;10;6;15
3747;DEATH;KilledByTarget;3;71;"-63,5";"0,05";"0,06";12;6;7;17
3748;WIN;None;3;142;"164,88";"0,05";"0,07";8;8;9;20
3749;WIN;None;3;56;"224,15";"0,05";"0,07";13;8;6;12
3750;WIN;None;3;153;"210,26";"0,05";"0,04";8;8;7;12
3751;WIN;None;3;69;"226,29";"0,05";0;12;7;3;7
3752;WIN;None;3;25;"234,02";"0,05";0;7;5;4;8
3753;WIN;None;3;91;241;"0,05";0;11;6;9;21
3754;WIN;None;3;40;"210,07";"0,05";"0,08";13;7;5;10
3755;WIN;None;3;102;"193,13";"0,05";"0,03";10;6;4;8
3756;WIN;None;3;25;"227,92";"0,05";0;13;6;4;6
3757;WIN;None;3;54;"227,59";"0,05";"0,04";11;6;4;11
3758;WIN;None;3;79;"222,94";"0,05";"0,05";14;11;5;10
3759;WIN;None;3;219;"217,54";"0,05";"0,06";13;13;11;28
3760;DEATH;KilledByTarget;3;109;"-115,91";"0,05";"0,07";11;10;6;14
3761;WIN;None;3;203;"186,71";"0,05";"0,03";13;10;6;17
3762;DEATH;KilledByTarget;3;112;"-69,47";"0,05";"0,04";12;10;6;18
3763;WIN;None;3;42;"240,18";"0,05";"0,07";9;7;6;12
3764;DEATH;KilledByTarget;3;126;"-97,25";"0,05";"0,02";15;13;4;10
3765;DEATH;KilledByTarget;3;133;"-135,24";"0,05";"0,05";16;12;7;17
3766;WIN;None;3;152;"282,03";"0,05";"0,03";16;12;13;31
3767;WIN;None;3;227;"208,38";"0,05";"0,05";10;10;23;46
3768;WIN;None;3;31;"226,85";"0,05";"0,03";11;7;3;6
3769;WIN;None;3;89;"234,04";"0,05";"0,03";12;7;8;20
3770;WIN;None;3;114;"222,59";"0,05";"0,04";12;10;9;18
3771;WIN;None;3;153;"213,01";"0,05";"0,05";9;9;11;25
3772;WIN;None;3;109;"170,54";"0,05";"0,05";11;8;4;10
3773;WIN;None;3;43;"237,06";"0,05";"0,02";12;7;4;8
3774;WIN;None;3;18;"196,56";"0,05";"0,06";9;1;3;4
3775;WIN;None;3;81;"234,45";"0,05";"0,05";13;11;6;14
3776;WIN;None;3;175;"183,22";"0,05";"0,05";12;9;5;10
3777;WIN;None;3;126;"188,95";"0,05";"0,04";15;11;3;7
3778;DEATH;KilledByTarget;3;46;"-83,65";"0,05";"0,04";11;5;5;12
3779;DEATH;KilledByTarget;3;174;"-123,01";"0,05";"0,06";14;13;3;16
3780;DEATH;KilledByTarget;3;156;"-95,2";"0,05";"0,04";11;8;3;6
3781;WIN;None;3;107;"209,03";"0,05";"0,02";11;5;5;8
3782;WIN;None;3;314;"202,34";"0,05";"0,05";17;14;7;15
3783;WIN;None;3;146;"209,8";"0,05";"0,03";9;8;4;8
3784;DEATH;KilledByTarget;3;134;"-103,11";"0,05";"0,02";11;11;8;15
3785;WIN;None;3;89;"221,69";"0,05";"0,06";10;8;4;9
3786;WIN;None;3;292;"31,23";"0,05";"0,05";13;12;5;13
3787;WIN;None;3;155;"121,97";"0,05";"0,05";11;8;9;20
3788;WIN;None;3;72;"257,18";"0,05";"0,01";12;9;9;19
3789;DEATH;KilledByTarget;3;128;"-93,54";"0,05";"0,02";13;13;6;14
3790;DEATH;KilledByTarget;3;78;"-99,44";"0,05";"0,05";8;4;4;11
3791;WIN;None;3;40;"243,47";"0,05";"0,03";11;7;5;10
3792;DEATH;KilledByTarget;3;316;"-169,3";"0,05";"0,01";8;8;20;43
3793;DEATH;KilledByTarget;3;66;"-123,7";"0,05";"0,02";15;9;5;10
3794;DEATH;KilledByTarget;3;82;"-60,22";"0,05";"0,05";18;11;8;17
3795;WIN;None;3;214;"194,09";"0,05";"0,05";11;11;15;30
3796;WIN;None;3;142;"257,68";"0,05";"0,04";10;9;16;32
3797;WIN;None;3;70;"263,17";"0,05";"0,01";10;7;9;18
3798;WIN;None;3;39;"217,64";"0,05";"0,05";16;7;4;6
3799;WIN;None;3;69;"222,64";"0,05";"0,01";8;5;6;12
3800;WIN;None;3;42;"234,83";"0,05";"0,02";12;10;8;16
3801;WIN;None;3;58;"228,26";"0,05";"0,07";8;5;5;10
3802;WIN;None;3;51;227;"0,05";"0,06";14;10;4;8
3803;WIN;None;3;83;"231,61";"0,05";"0,01";9;8;11;23
3804;WIN;None;3;110;"231,32";"0,05";"0,07";11;11;9;18
3805;WIN;None;3;36;"225,5";"0,05";0;8;4;4;6
3806;WIN;None;3;68;"212,41";"0,05";"0,03";12;10;4;8
3807;WIN;None;3;36;"223,65";"0,05";0;10;7;6;12
3808;WIN;None;3;30;"208,67";"0,05";0;11;6;5;10
3809;WIN;None;3;310;"282,47";"0,05";"0,04";15;15;24;53
3810;WIN;None;3;24;"230,24";"0,05";"0,08";11;4;5;10
3811;WIN;None;3;107;"226,38";"0,05";"0,04";7;7;9;19
3812;WIN;None;3;108;"237,61";"0,05";"0,04";12;10;13;27
3813;WIN;None;3;59;"214,74";"0,05";"0,03";10;7;9;16
3814;DEATH;KilledByTarget;3;78;"-127,34";"0,05";"0,08";12;9;5;12
3815;WIN;None;3;119;"226,64";"0,05";"0,03";8;8;17;34
3816;WIN;None;3;170;"238,87";"0,05";"0,05";10;7;21;43
3817;WIN;None;3;168;"122,86";"0,05";"0,04";17;15;10;20
3818;WIN;None;3;62;"145,13";"0,05";"0,05";14;5;7;12
3819;DEATH;KilledByTarget;3;117;"-99,02";"0,05";"0,03";15;11;4;10
3820;DEATH;KilledByTarget;3;13;"-102,29";"0,05";"0,08";8;0;1;1
3821;WIN;None;3;58;"224,66";"0,05";"0,03";6;3;5;10
3822;WIN;None;3;24;"234,24";"0,05";0;12;4;5;8
3823;DEATH;KilledByTarget;3;75;"-121,78";"0,05";"0,04";9;7;5;11
3824;WIN;None;3;39;"237,64";"0,05";"0,08";15;4;5;10
3825;DEATH;KilledByTarget;3;84;"-64,06";"0,05";"0,04";14;12;9;20
3826;WIN;None;3;153;"101,11";"0,05";"0,03";14;14;8;16
3827;WIN;None;3;140;"240,12";"0,05";"0,04";14;14;14;26
3828;WIN;None;3;107;"165,63";"0,05";"0,07";13;13;9;18
3829;WIN;None;3;105;"194,07";"0,05";"0,09";11;6;5;11
3830;WIN;None;3;146;"188,65";"0,05";"0,07";11;11;7;17
3831;WIN;None;3;75;"256,27";"0,05";"0,08";12;10;8;14
3832;WIN;None;3;65;"248,37";"0,05";"0,03";14;12;9;18
3833;WIN;None;3;75;"224,97";"0,05";"0,05";6;5;7;14
3834;WIN;None;3;147;"230,88";"0,05";"0,07";16;12;12;23
3835;WIN;None;3;40;"222,92";"0,05";0;11;7;6;12
3836;WIN;None;3;76;"190,9";"0,05";"0,05";14;12;7;12
3837;WIN;None;3;202;"180,68";"0,05";"0,04";13;13;23;44
3838;WIN;None;3;123;"213,41";"0,05";"0,05";15;13;8;16
3839;WIN;None;3;52;"247,03";"0,05";"0,02";10;7;7;14
3840;WIN;None;3;61;"197,6";"0,05";"0,07";10;8;8;16
3841;WIN;None;3;20;"204,47";"0,05";0;6;2;5;8
3842;WIN;None;3;64;"207,19";"0,05";"0,08";11;7;6;12
3843;WIN;None;3;105;"187,37";"0,05";"0,05";17;10;5;10
3844;WIN;None;3;78;"208,41";"0,05";"0,01";8;8;10;19
3845;WIN;None;3;45;"202,82";"0,05";"0,04";12;7;7;14
3846;WIN;None;3;134;"164,19";"0,05";"0,06";12;9;14;26
3847;WIN;None;3;87;"234,28";"0,05";"0,05";13;10;8;16
3848;WIN;None;3;141;"205,3";"0,05";"0,02";12;11;13;25
3849;WIN;None;3;219;"183,69";"0,05";"0,04";12;11;37;74
3850;WIN;None;3;56;"236,15";"0,05";"0,04";12;8;9;16
3851;WIN;None;3;111;"212,95";"0,05";"0,05";10;8;9;18
3852;WIN;None;3;62;"205,13";"0,05";"0,02";12;8;4;8
3853;WIN;None;3;151;"197,3";"0,05";"0,05";12;11;15;36
3854;WIN;None;3;134;"258,09";"0,05";"0,04";12;11;12;24
3855;WIN;None;3;258;"230,46";"0,05";"0,04";9;9;23;46
3856;WIN;None;3;56;"215,6";"0,05";"0,02";8;3;8;14
3857;WIN;None;3;153;"105,96";"0,05";"0,02";13;12;22;42
3858;WIN;None;3;99;"208,64";"0,05";"0,03";11;10;8;16
3859;WIN;None;3;158;"95,71";"0,05";"0,08";11;11;7;14
3860;WIN;None;3;161;"93,4";"0,05";"0,04";9;9;8;16
3861;WIN;None;3;119;"240,64";"0,05";"0,03";12;8;8;16
3862;WIN;None;3;147;"208,73";"0,05";"0,03";14;12;8;16
3863;WIN;None;3;162;"18,73";"0,05";"0,02";9;6;5;12
3864;WIN;None;3;97;"257,03";"0,05";"0,03";10;10;10;20
3865;WIN;None;3;119;"148,74";"0,05";"0,04";11;9;7;14
3866;WIN;None;3;66;"212,2";"0,05";"0,08";13;9;5;10
3867;WIN;None;3;131;45;"0,05";"0,03";15;11;6;12
3868;WIN;None;3;54;"218,44";"0,05";"0,02";13;8;3;6
3869;WIN;None;3;84;"243,69";"0,05";"0,01";13;11;8;16
3870;WIN;None;3;154;"217,34";"0,05";"0,06";10;10;11;22
3871;WIN;None;3;54;"236,44";"0,05";"0,02";9;3;6;12
3872;WIN;None;3;26;"221,55";"0,05";"0,12";7;1;3;4
3873;WIN;None;3;70;"265,07";"0,05";0;10;9;12;25
3874;DEATH;KilledByTarget;3;210;"-135,03";"0,05";"0,02";17;16;9;18
3875;WIN;None;3;53;"203,21";"0,05";0;14;10;6;10
3876;WIN;None;3;112;"232,63";"0,05";"0,01";12;10;9;20
3877;WIN;None;3;54;"215,79";"0,05";"0,02";10;9;5;10
3878;WIN;None;3;193;"-5,99";"0,05";"0,05";9;6;7;13
3879;WIN;None;3;52;"187,38";"0,05";"0,02";9;4;2;4
3880;WIN;None;3;34;"220,29";"0,05";"0,06";11;3;2;4
3881;DEATH;KilledByTarget;3;356;"-243,95";"0,05";"0,04";14;12;25;52
3882;DEATH;KilledByTarget;3;147;"-85,97";"0,05";"0,04";5;4;19;41
3883;WIN;None;3;175;"215,97";"0,05";"0,03";16;14;16;32
3884;WIN;None;3;94;"141,59";"0,05";"0,02";12;9;3;6
3885;WIN;None;3;89;"215,99";"0,05";"0,04";13;10;7;14
3886;WIN;None;3;65;"258,17";"0,05";"0,06";7;6;8;16
3887;WIN;None;3;109;"136,89";"0,05";"0,05";14;11;6;12
3888;WIN;None;3;106;207;"0,05";"0,08";9;8;13;24
3889;DEATH;KilledByTarget;3;96;"-75,25";"0,05";"0,03";14;10;11;23
3890;DEATH;KilledByTarget;3;80;"-77,48";"0,05";"0,03";12;11;9;20
3891;WIN;None;3;120;"175,97";"0,05";"0,07";13;11;5;10
3892;WIN;None;3;118;"-176,19";"0,05";"0,03";8;8;6;14
3893;WIN;None;3;60;"225,37";"0,05";"0,08";11;10;7;16
3894;WIN;None;3;111;"173,9";"0,05";"0,07";10;9;10;18
3895;DEATH;KilledByTarget;3;120;"-101,18";"0,05";"0,02";13;11;17;35
3896;WIN;None;3;60;"207,77";"0,05";"0,03";11;7;9;18
3897;WIN;None;3;68;"211,21";"0,05";"0,03";8;6;5;8
3898;DEATH;Suicide;3;6;"-304,85";"0,05";"0,33";11;0;1;2
3899;WIN;None;3;60;"238,37";"0,05";"0,02";13;8;7;14
3900;DEATH;KilledByTarget;3;44;"-84,81";"0,05";"0,05";10;5;5;11
3901;WIN;None;3;209;"181,94";"0,05";"0,02";13;9;34;66
3902;WIN;None;3;43;"215,06";"0,05";"0,02";14;6;8;14
3903;WIN;None;3;157;"210,13";"0,05";"0,04";11;11;20;38
3904;WIN;None;3;56;"226,35";"0,05";"0,05";14;9;6;10
3905;WIN;None;3;38;"223,46";"0,05";0;13;7;7;12
3906;WIN;None;3;123;"211,76";"0,05";"0,04";14;11;16;31
3907;WIN;None;3;51;"208,25";"0,05";"0,06";9;7;9;16
3908;WIN;None;3;32;"244,98";"0,05";0;11;6;5;10
3909;DEATH;KilledByTarget;3;75;"-86,38";"0,05";"0,07";14;10;4;9
3910;DEATH;KilledByTarget;3;108;"-106,09";"0,05";"0,07";13;11;9;18
3911;WIN;None;3;83;"218,61";"0,05";"0,07";13;12;9;18
3912;WIN;None;3;173;"180,86";"0,05";"0,03";13;13;16;32
3913;WIN;None;3;88;"201,41";"0,05";"0,13";12;10;5;10
3914;WIN;None;3;63;"277,36";"0,05";"0,08";14;10;8;16
3915;WIN;None;3;63;"243,31";"0,05";"0,03";15;9;5;10
3916;DEATH;KilledByTarget;3;31;-82;"0,05";"0,03";9;3;2;5
3917;DEATH;KilledByTarget;3;118;"-101,74";"0,05";"0,05";13;12;7;15
3918;WIN;None;3;29;"221,54";"0,05";0;11;7;6;12
3919;WIN;None;3;69;"232,39";"0,05";"0,01";11;9;4;9
3920;DEATH;KilledByTarget;3;94;"-100,51";"0,05";0;19;16;8;16
3921;DEATH;Suicide;3;4;"-304,51";"0,05";"0,25";12;0;1;2
3922;WIN;None;3;71;"235,15";"0,05";"0,07";12;11;6;12
3923;WIN;None;3;89;"177,04";"0,05";"0,07";14;11;6;12
3924;WIN;None;3;237;"226,13";"0,05";"0,05";13;13;33;68
3925;WIN;None;3;69;"207,84";"0,05";"0,03";15;9;8;14
3926;DEATH;KilledByTarget;3;53;"-76,99";"0,05";"0,08";13;7;3;7
3927;WIN;None;3;124;"208,19";"0,05";"0,03";9;9;9;23
3928;WIN;None;3;70;"184,57";"0,05";"0,01";13;10;5;10
3929;WIN;None;3;80;"217,37";"0,05";"0,03";12;8;4;6
3930;WIN;None;3;43;"231,06";"0,05";"0,02";9;4;4;8
3931;DEATH;KilledByTarget;3;61;"-86,4";"0,05";"0,08";9;9;4;12
3932;WIN;None;3;34;"217,99";"0,05";"0,06";9;6;4;8
3933;WIN;None;3;64;"234,09";"0,05";"0,06";15;11;7;14
3934;WIN;None;3;51;"240,45";"0,05";"0,04";11;8;5;10
3935;DEATH;KilledByTarget;3;71;"-83,75";"0,05";"0,04";16;12;6;13
3936;WIN;None;3;86;"169,35";"0,05";"0,06";11;6;3;6
3937;WIN;None;3;49;"206,04";"0,05";"0,06";11;6;5;8
3938;WIN;None;3;45;"215,77";"0,05";0;7;4;7;14
3939;WIN;None;3;161;"235,9";"0,05";"0,03";15;12;17;34
3940;WIN;None;3;56;"243,6";"0,05";"0,09";15;11;10;18
3941;DEATH;KilledByTarget;3;54;"-78,71";"0,05";"0,02";9;5;6;13
3942;WIN;None;3;85;"236,92";"0,05";"0,04";9;5;14;28
3943;WIN;None;3;45;"241,97";"0,05";0;11;6;7;14
3944;WIN;None;3;148;"260,91";"0,05";"0,03";10;10;14;28
3945;WIN;None;3;74;"214,64";"0,05";"0,03";8;5;6;13
3946;WIN;None;3;40;"231,42";"0,05";0;13;7;4;6
3947;WIN;None;3;156;"152,65";"0,05";"0,03";10;10;15;28
3948;WIN;None;3;160;"203,47";"0,05";"0,06";13;9;11;22
3949;WIN;None;3;112;"266,38";"0,05";"0,03";17;16;16;30
3950;DEATH;KilledByTarget;3;120;"-53,63";"0,05";"0,04";12;9;15;31
3951;WIN;None;3;99;"223,59";"0,05";"0,04";9;8;6;12
3952;WIN;None;3;52;"212,38";"0,05";0;12;8;8;16
3953;WIN;None;3;134;"114,89";"0,05";"0,01";10;8;7;14
3954;WIN;None;3;71;"75,2";"0,05";"0,04";10;5;3;6
3955;WIN;None;3;101;"237,1";"0,05";"0,02";13;13;6;12
3956;WIN;None;3;50;"209,92";"0,05";"0,1";9;6;7;12
3957;DEATH;KilledByTarget;3;100;"-150,13";"0,05";"0,05";8;3;4;9
3958;WIN;None;3;146;"147,75";"0,05";"0,01";15;13;6;10
3959;WIN;None;3;101;"210,6";"0,05";"0,06";4;4;17;33
3960;WIN;None;3;76;"222,35";"0,05";"0,03";11;10;7;14
3961;WIN;None;3;77;"234,48";"0,05";"0,03";11;9;7;12
3962;WIN;None;3;358;"167,96";"0,05";"0,03";11;10;25;49
3963;WIN;None;3;66;"200,2";"0,05";"0,06";9;7;4;8
3964;WIN;None;3;243;"229,36";"0,05";"0,04";11;10;14;28
3965;WIN;None;3;67;"218,53";"0,05";"0,07";12;8;5;10
3966;WIN;None;3;136;"145,85";"0,05";"0,03";14;10;5;10
3967;WIN;None;3;128;"176,31";"0,05";"0,04";17;9;6;10
3968;WIN;None;3;95;"152,47";"0,05";"0,03";11;7;6;12
3969;WIN;None;3;183;"166,36";"0,05";"0,04";12;9;10;21
3970;WIN;None;3;235;"122,17";"0,05";"0,04";17;16;15;30
3971;WIN;None;3;110;"181,77";"0,05";"0,08";11;10;6;12
3972;WIN;None;3;147;"195,68";"0,05";"0,04";8;7;8;16
3973;WIN;None;3;121;"207,75";"0,05";"0,04";12;10;4;8
3974;WIN;None;3;212;"146,28";"0,05";"0,03";16;13;6;10
3975;WIN;None;3;228;"91,46";"0,05";"0,04";9;8;8;16
3976;WIN;None;3;168;"276,81";"0,05";"0,03";10;7;12;24
3977;WIN;None;3;96;"236,15";"0,05";"0,07";8;6;8;14
3978;WIN;None;3;79;"199,39";"0,05";"0,05";11;5;5;8
3979;WIN;None;3;154;"228,09";"0,05";"0,05";16;10;6;10
3980;WIN;None;3;175;"120,67";"0,05";"0,03";11;11;12;25
3981;WIN;None;3;179;"230,14";"0,05";"0,08";12;9;9;19
3982;WIN;None;3;171;"196,2";"0,05";"0,08";9;9;9;17
3983;WIN;None;3;169;"143,79";"0,05";"0,04";14;10;7;14
3984;WIN;None;3;116;"245,6";"0,05";"0,04";10;7;11;22
3985;DEATH;KilledByTarget;3;29;"-99,51";"0,05";"0,07";10;3;2;3
3986;WIN;None;3;98;"214,81";"0,05";"0,03";16;9;3;6
3987;WIN;None;3;227;"152,33";"0,05";"0,03";10;10;8;16
3988;WIN;None;3;100;"159,87";"0,05";"0,04";5;4;11;22
3989;WIN;None;3;151;"131,75";"0,05";"0,05";10;8;6;16
3990;WIN;None;3;192;"183,98";"0,05";"0,05";18;13;8;26
3991;DEATH;KilledByTarget;3;136;"-175,6";"0,05";"0,04";9;8;2;7
3992;WIN;None;3;77;"209,28";"0,05";"0,05";14;10;6;14
3993;WIN;None;3;112;"180,13";"0,05";"0,04";13;12;5;10
3994;DEATH;KilledByTarget;3;74;"-110,91";"0,05";"0,03";9;7;4;8
3995;WIN;None;3;166;"183,95";"0,05";"0,05";10;4;3;6
3996;DEATH;Suicide;3;34;"-311,21";"0,05";"0,09";16;3;1;2
3997;WIN;None;3;142;"202,93";"0,05";"0,04";12;12;4;9
3998;DEATH;KilledByTarget;3;171;"-160,65";"0,05";"0,06";10;10;5;12
3999;DEATH;Suicide;3;33;"-309,49";"0,05";"0,03";12;3;1;2
4000;WIN;None;3;83;"208,16";"0,05";"0,05";8;7;5;10
