Episode;Steps;TotalReward;Epsilon
1;7;-203,96;1,0000
2;600;-217,75;0,9993
3;4;-202,43;0,9986
4;524;11,87;0,9979
5;600;-249,85;0,9972
6;599;-8,08;0,9965
7;355;132,51;0,9958
8;5;-201,44;0,9951
9;600;-231,20;0,9944
10;600;-221,20;0,9937
11;600;-233,95;0,9930
12;600;-230,50;0,9923
13;600;-245,70;0,9916
14;9;-202,58;0,9909
15;441;81,15;0,9902
16;6;-203,45;0,9896
17;36;223,65;0,9889
18;600;-252,50;0,9882
19;600;-249,25;0,9875
20;8;218,98;0,9868
21;356;116,70;0,9861
22;600;-237,35;0,9854
23;600;-214,55;0,9847
24;600;-215,50;0,9840
25;41;218,80;0,9833
26;600;-243,15;0,9826
27;600;-239,40;0,9820
28;2;-202,11;0,9813
29;22;224,94;0,9806
30;600;-222,60;0,9799
31;600;-238,80;0,9792
32;177;166,14;0,9785
33;600;-245,95;0,9778
34;316;128,80;0,9772
35;600;-211,50;0,9765
36;195;198,51;0,9758
37;136;190,15;0,9751
38;600;-206,45;0,9744
39;2;199,94;0,9737
40;600;-227,35;0,9731
41;9;-203,18;0,9724
42;47;221,49;0,9717
43;4;-202,43;0,9710
44;10;-204,59;0,9703
45;5;-202,94;0,9697
46;95;194,91;0,9690
47;13;217,58;0,9683
48;120;213,41;0,9676
49;207;169,64;0,9669
50;600;-235,25;0,9663
51;600;-222,20;0,9656
52;600;-211,75;0,9649
53;23;212,63;0,9642
54;81;228,50;0,9636
55;4;-202,43;0,9629
56;34;211,97;0,9622
57;600;-204,55;0,9615
58;595;22,36;0,9609
59;109;200,52;0,9602
60;84;204,22;0,9595
61;33;219,13;0,9589
62;32;234,54;0,9582
63;375;109,11;0,9575
64;4;-202,43;0,9568
65;136;187,60;0,9562
66;43;214,63;0,9555
67;21;213,20;0,9548
68;600;-236,35;0,9542
69;268;139,08;0,9535
70;4;-202,43;0,9528
71;74;217,62;0,9522
72;231;159,85;0,9515
73;5;-201,44;0,9508
74;7;-203,06;0,9502
75;207;183,69;0,9495
76;82;216,29;0,9488
77;600;-211,10;0,9482
78;315;132,41;0,9475
79;90;226,51;0,9468
80;600;-222,90;0,9462
81;600;-231,15;0,9455
82;521;53,60;0,9449
83;600;-240,90;0,9442
84;4;-200,93;0,9435
85;9;218,47;0,9429
86;11;224,10;0,9422
87;600;-226,05;0,9416
88;600;-217,85;0,9409
89;4;-200,93;0,9402
90;600;-236,70;0,9396
91;600;-272,50;0,9389
92;600;-210,85;0,9383
93;8;218,53;0,9376
94;29;215,92;0,9370
95;131;201,60;0,9363
96;393;112,83;0,9356
97;285;119,36;0,9350
98;7;218,84;0,9343
99;600;-196,15;0,9337
100;600;-218,80;0,9330
101;600;-211,85;0,9324
102;600;-218,25;0,9317
103;4;-202,43;0,9311
104;102;205,14;0,9304
105;106;213,00;0,9298
106;600;-236,75;0,9291
107;158;183,43;0,9285
108;48;205,83;0,9278
109;600;-233,00;0,9272
110;75;212,46;0,9265
111;600;-219,00;0,9259
112;600;-219,05;0,9252
113;2;199,94;0,9246
114;7;-201,56;0,9239
115;600;-229,90;0,9233
116;600;-224,35;0,9226
117;14;216,47;0,9220
118;600;-225,20;0,9213
119;600;-223,05;0,9207
120;155;186,71;0,9200
121;600;-215,35;0,9194
122;246;130,90;0,9188
123;26;223,15;0,9181
124;600;-242,70;0,9175
125;338;117,63;0,9168
126;42;222,14;0,9162
127;6;-202,55;0,9155
128;554;37,52;0,9149
129;4;-202,43;0,9143
130;5;-202,94;0,9136
131;303;155,48;0,9130
132;20;220,06;0,9123
133;309;115,77;0,9117
134;600;-217,95;0,9111
135;83;216,48;0,9104
136;19;219,67;0,9098
137;17;217,34;0,9092
138;37;225,19;0,9085
139;34;210,52;0,9079
140;488;71,13;0,9073
141;34;224,22;0,9066
142;153;215,43;0,9060
143;4;-202,43;0,9053
144;73;200,73;0,9047
145;600;-201,40;0,9041
146;507;98,64;0,9034
147;600;-190,70;0,9028
148;308;105,88;0,9022
149;40;208,36;0,9016
150;199;190,47;0,9009
151;221;159,50;0,9003
152;600;-204,80;0,8997
153;510;61,46;0,8990
154;400;108,66;0,8984
155;12;-203,81;0,8978
156;600;-176,50;0,8971
157;600;-220,10;0,8965
158;171;171,35;0,8959
159;600;-261,05;0,8953
160;4;-202,43;0,8946
161;600;-203,95;0,8940
162;83;211,43;0,8934
163;600;-185,90;0,8928
164;348;113,43;0,8921
165;4;-202,43;0,8915
166;227;146,29;0,8909
167;25;222,61;0,8903
168;600;-187,55;0,8896
169;600;-209,60;0,8890
170;2;-200,06;0,8884
171;600;-222,85;0,8878
172;600;-202,70;0,8871
173;600;-199,45;0,8865
174;2;-200,06;0,8859
175;205;169,76;0,8853
176;543;59,43;0,8847
177;47;223,74;0,8840
178;278;144,73;0,8834
179;42;218,59;0,8828
180;250;153,06;0,8822
181;275;127,51;0,8816
182;11;-204,20;0,8810
183;153;203,53;0,8803
184;600;-218,50;0,8797
185;205;190,16;0,8791
186;66;224,70;0,8785
187;4;-202,43;0,8779
188;321;138,95;0,8773
189;600;-182,25;0,8767
190;73;197,98;0,8760
191;181;195,70;0,8754
192;600;-192,75;0,8748
193;546;51,05;0,8742
194;160;190,26;0,8736
195;600;-199,80;0,8730
196;257;151,64;0,8724
197;600;-202,45;0,8718
198;600;-196,15;0,8711
199;398;117,68;0,8705
200;540;27,71;0,8699
201;600;-217,05;0,8693
202;600;-169,05;0,8687
203;500;41,31;0,8681
204;4;-202,43;0,8675
205;600;-220,20;0,8669
206;600;-211,35;0,8663
207;2;-200,06;0,8657
208;87;200,04;0,8651
209;417;85,49;0,8645
210;4;-202,43;0,8639
211;73;219,18;0,8632
212;4;-202,43;0,8626
213;13;222,63;0,8620
214;600;-221,35;0,8614
215;219;181,77;0,8608
216;4;-202,43;0,8602
217;600;-194,55;0,8596
218;600;-201,05;0,8590
219;600;-221,40;0,8584
220;96;213,95;0,8578
221;600;-201,25;0,8572
222;600;-208,75;0,8566
223;600;-240,00;0,8560
224;2;-200,06;0,8554
225;77;208,79;0,8548
226;600;-207,10;0,8542
227;85;207,96;0,8536
228;255;168,91;0,8530
229;417;60,64;0,8524
230;600;-204,70;0,8518
231;58;224,33;0,8512
232;304;158,47;0,8506
233;37;223,74;0,8501
234;240;168,56;0,8495
235;69;231,97;0,8489
236;7;218,84;0,8483
237;600;-164,20;0,8477
238;433;105,53;0,8471
239;382;99,24;0,8465
240;65;213,21;0,8459
241;221;176,75;0,8453
242;600;-205,40;0,8447
243;600;-207,10;0,8441
244;600;-195,55;0,8435
245;600;-230,00;0,8429
246;123;193,58;0,8424
247;600;-193,20;0,8418
248;600;-214,85;0,8412
249;53;221,48;0,8406
250;18;214,28;0,8400
251;36;226,65;0,8394
252;152;187,89;0,8388
253;600;-196,65;0,8382
254;600;-208,15;0,8376
255;93;200,98;0,8371
256;103;206,68;0,8365
257;86;211,15;0,8359
258;149;199,87;0,8353
259;600;-199,65;0,8347
260;6;-202,55;0,8341
261;262;164,19;0,8335
262;600;-186,65;0,8330
263;75;220,86;0,8324
264;600;-218,30;0,8318
265;441;109,20;0,8312
266;64;226,62;0,8306
267;600;-190,50;0,8301
268;78;202,48;0,8295
269;600;-196,00;0,8289
270;600;-194,95;0,8283
271;103;220,53;0,8277
272;44;214,17;0,8272
273;5;-202,94;0,8266
274;117;221,19;0,8260
275;452;88,64;0,8254
276;600;-180,85;0,8248
277;355;138,51;0,8243
278;600;-215,90;0,8237
279;234;173,12;0,8231
280;600;-189,90;0,8225
281;600;-190,75;0,8220
282;4;-202,43;0,8214
283;4;-202,43;0,8208
284;200;188,66;0,8202
285;14;216,62;0,8197
286;4;-202,43;0,8191
287;600;-207,50;0,8185
288;2;199,39;0,8179
289;536;41,10;0,8174
290;212;202,19;0,8168
291;22;232,24;0,8162
292;399;148,72;0,8156
293;600;-183,10;0,8151
294;600;-185,15;0,8145
295;6;-202,55;0,8139
296;600;-183,05;0,8134
297;10;218,41;0,8128
298;16;217,40;0,8122
299;102;226,99;0,8117
300;600;-183,50;0,8111
301;600;-111,85;0,8105
302;600;-217,95;0,8100
303;600;-7,90;0,8094
304;600;-100,95;0,8088
305;600;78,90;0,8083
306;600;-11,10;0,8077
307;4;-202,43;0,8071
308;9;-203,18;0,8066
309;6;-202,55;0,8060
310;600;-136,40;0,8054
311;260;176,36;0,8049
312;600;-222,40;0,8043
313;600;-22,00;0,8037
314;4;-202,43;0,8032
315;600;-137,35;0,8026
316;600;-217,30;0,8021
317;600;-25,10;0,8015
318;6;-203,45;0,8009
319;600;62,85;0,8004
320;600;-224,80;0,7998
321;172;211,44;0,7993
322;600;-122,20;0,7987
323;304;126,42;0,7981
324;600;43,35;0,7976
325;600;-130,65;0,7970
326;600;-118,40;0,7965
327;600;4,95;0,7959
328;600;18,25;0,7953
329;210;183,56;0,7948
330;600;42,30;0,7942
331;600;-62,40;0,7937
332;264;167,72;0,7931
333;600;-69,30;0,7926
334;600;-19,30;0,7920
335;600;-72,05;0,7915
336;600;-171,80;0,7909
337;600;-8,95;0,7903
338;600;-145,85;0,7898
339;2;-200,06;0,7892
340;600;81,65;0,7887
341;600;-11,20;0,7881
342;6;-202,55;0,7876
343;600;-49,30;0,7870
344;600;-172,65;0,7865
345;2;-200,06;0,7859
346;600;30,60;0,7854
347;597;170,94;0,7848
348;600;30,75;0,7843
349;600;-134,55;0,7837
350;4;-202,43;0,7832
351;600;-17,40;0,7826
352;4;-202,43;0,7821
353;600;-117,85;0,7815
354;600;-114,70;0,7810
355;600;53,85;0,7804
356;600;-73,80;0,7799
357;600;-82,35;0,7794
358;4;-202,43;0,7788
359;600;110,30;0,7783
360;600;-54,80;0,7777
361;600;-43,60;0,7772
362;4;-202,43;0,7766
363;600;-60,60;0,7761
364;600;-17,20;0,7755
365;600;-221,45;0,7750
366;370;182,66;0,7745
367;600;-2,55;0,7739
368;600;-146,70;0,7734
369;600;-79,35;0,7728
370;103;249,48;0,7723
371;600;-38,65;0,7718
372;600;-209,15;0,7712
373;600;11,65;0,7707
374;600;-19,70;0,7701
375;600;-68,20;0,7696
376;600;-64,45;0,7691
377;394;271,92;0,7685
378;4;-202,43;0,7680
379;600;-31,05;0,7674
380;6;-202,55;0,7669
381;600;-23,05;0,7664
382;600;-45,35;0,7658
383;600;-94,60;0,7653
384;600;-21,25;0,7648
385;188;194,38;0,7642
386;246;167,95;0,7637
387;600;136,90;0,7632
388;2;-200,06;0,7626
389;600;48,00;0,7621
390;600;-50,95;0,7616
391;600;-41,00;0,7610
392;600;-138,10;0,7605
393;600;38,05;0,7600
394;600;-188,55;0,7594
395;600;45,25;0,7589
396;600;-45,05;0,7584
397;600;33,20;0,7578
398;600;50,95;0,7573
399;600;-126,00;0,7568
400;600;-2,75;0,7562
401;317;213,74;0,7557
402;8;-203,57;0,7552
403;600;-74,65;0,7547
404;600;-41,30;0,7541
405;600;-177,60;0,7536
406;600;-170,35;0,7531
407;600;-45,25;0,7525
408;179;170,52;0,7520
409;600;-37,70;0,7515
410;4;-202,43;0,7510
411;4;-202,43;0,7504
412;600;-20,55;0,7499
413;600;-5,85;0,7494
414;600;-210,85;0,7489
415;600;-75,10;0,7483
416;600;-42,90;0,7478
417;600;83,75;0,7473
418;600;-30,50;0,7468
419;600;15,40;0,7462
420;600;-199,50;0,7457
421;600;-137,20;0,7452
422;600;-37,00;0,7447
423;126;214,60;0,7442
424;600;-57,15;0,7436
425;600;121,55;0,7431
426;228;182,53;0,7426
427;600;-72,50;0,7421
428;14;-205,83;0,7416
429;466;145,40;0,7410
430;5;-202,94;0,7405
431;600;62,75;0,7400
432;600;5,55;0,7395
433;600;-50,05;0,7390
434;600;20,05;0,7384
435;4;-202,43;0,7379
436;600;59,40;0,7374
437;600;-7,00;0,7369
438;600;-18,10;0,7364
439;600;-78,65;0,7359
440;2;-200,06;0,7354
441;600;105,45;0,7348
442;600;-171,90;0,7343
443;600;121,95;0,7338
444;252;175,24;0,7333
445;600;-68,90;0,7328
446;148;204,38;0,7323
447;4;-202,43;0,7318
448;171;206,80;0,7312
449;600;47,25;0,7307
450;72;260,79;0,7302
451;222;216,54;0,7297
452;600;-44,20;0,7292
453;2;199,94;0,7287
454;600;-74,45;0,7282
455;600;-73,50;0,7277
456;600;-128,10;0,7272
457;600;-1,75;0,7266
458;600;-60,45;0,7261
459;106;211,90;0,7256
460;600;2,25;0,7251
461;600;32,15;0,7246
462;600;173,70;0,7241
463;600;-91,15;0,7236
464;600;40,00;0,7231
465;600;99,40;0,7226
466;600;14,00;0,7221
467;600;-77,45;0,7216
468;600;79,70;0,7211
469;600;260,70;0,7206
470;600;-186,25;0,7201
471;600;-15,80;0,7196
472;600;11,25;0,7191
473;146;256,60;0,7186
474;600;-23,00;0,7181
475;600;30,25;0,7175
476;212;271,44;0,7170
477;600;10,70;0,7165
478;600;-4,55;0,7160
479;498;267,98;0,7155
480;4;-202,43;0,7150
481;600;45,15;0,7145
482;600;77,00;0,7140
483;7;-203,06;0,7135
484;4;-202,43;0,7130
485;600;-29,95;0,7125
486;600;49,40;0,7120
487;4;-202,43;0,7115
488;600;144,55;0,7110
489;600;-63,75;0,7105
490;600;35,30;0,7101
491;600;-6,25;0,7096
492;5;-202,94;0,7091
493;176;272,95;0,7086
494;204;205,22;0,7081
495;94;231,12;0,7076
496;600;16,40;0,7071
497;600;-65,90;0,7066
498;600;-13,95;0,7061
499;600;-48,95;0,7056
500;600;61,55;0,7051
501;600;150,40;0,7046
502;4;-202,43;0,7041
503;378;187,88;0,7036
504;600;16,75;0,7031
505;600;69,45;0,7026
506;600;14,50;0,7021
507;600;131,40;0,7016
508;78;239,78;0,7012
509;600;103,45;0,7007
510;600;184,65;0,7002
511;600;9,65;0,6997
512;4;-202,43;0,6992
513;600;6,40;0,6987
514;600;110,00;0,6982
515;122;252,44;0,6977
516;164;283,02;0,6972
517;4;-202,43;0,6968
518;600;-31,70;0,6963
519;600;-33,70;0,6958
520;600;15,10;0,6953
521;536;184,50;0,6948
522;600;122,35;0,6943
523;600;141,50;0,6938
524;332;185,64;0,6933
525;600;-27,05;0,6929
526;600;15,25;0,6924
527;600;37,35;0,6919
528;106;286,50;0,6914
529;600;52,50;0,6909
530;4;-202,43;0,6904
531;600;32,10;0,6900
532;600;61,10;0,6895
533;600;-113,20;0,6890
534;600;8,30;0,6885
535;600;49,15;0,6880
536;7;-203,06;0,6875
537;528;113,08;0,6871
538;600;-5,65;0,6866
539;7;-203,06;0,6861
540;600;76,90;0,6856
541;600;-43,50;0,6851
542;600;11,15;0,6847
543;62;216,54;0,6842
544;600;-14,85;0,6837
545;600;39,70;0,6832
546;600;-112,95;0,6827
547;268;229,23;0,6823
548;600;94,90;0,6818
549;4;-202,43;0,6813
550;149;251,92;0,6808
551;600;52,15;0,6804
552;600;-42,05;0,6799
553;600;27,10;0,6794
554;600;45,20;0,6789
555;600;-60,85;0,6785
556;4;-202,43;0,6780
557;600;27,35;0,6775
558;600;33,15;0,6770
559;600;-8,30;0,6766
560;600;44,10;0,6761
561;600;109,50;0,6756
562;600;151,85;0,6751
563;4;-202,43;0,6747
564;600;89,25;0,6742
565;363;120,28;0,6737
566;600;-4,90;0,6733
567;600;-41,10;0,6728
568;600;19,65;0,6723
569;600;69,15;0,6718
570;600;-161,60;0,6714
571;600;-162,55;0,6709
572;600;-12,00;0,6704
573;2;-200,06;0,6700
574;209;250,37;0,6695
575;600;219,10;0,6690
576;600;5,85;0,6686
577;600;-69,90;0,6681
578;74;254,22;0,6676
579;600;-51,85;0,6672
580;600;-78,50;0,6667
581;600;15,10;0,6662
582;5;-202,94;0,6658
583;600;-68,60;0,6653
584;600;51,05;0,6648
585;600;-92,20;0,6644
586;600;-56,45;0,6639
587;600;64,60;0,6634
588;600;295,00;0,6630
589;4;-202,43;0,6625
590;372;330,19;0,6620
591;470;247,86;0,6616
592;104;222,12;0,6611
593;600;-68,10;0,6606
594;600;144,40;0,6602
595;600;124,15;0,6597
596;600;50,10;0,6593
597;600;144,30;0,6588
598;8;-203,57;0,6583
599;600;39,20;0,6579
600;125;252,26;0,6574
601;600;81,40;0,6570
602;600;43,80;0,6565
603;600;114,95;0,6560
604;600;160,30;0,6556
605;600;46,15;0,6551
606;138;200,23;0,6547
607;585;272,66;0,6542
608;140;255,21;0,6537
609;580;149,66;0,6533
610;600;85,50;0,6528
611;600;102,10;0,6524
612;86;233,15;0,6519
613;4;-202,43;0,6515
614;600;61,70;0,6510
615;78;256,93;0,6505
616;600;45,05;0,6501
617;600;95,20;0,6496
618;600;11,15;0,6492
619;600;98,60;0,6487
620;600;79,10;0,6483
621;201;261,30;0,6478
622;60;225,76;0,6474
623;136;266,10;0,6469
624;600;159,25;0,6465
625;4;-202,43;0,6460
626;133;219,78;0,6456
627;600;44,45;0,6451
628;600;16,10;0,6446
629;600;142,70;0,6442
630;600;-68,00;0,6437
631;94;219,42;0,6433
632;6;-202,55;0,6428
633;146;271,10;0,6424
634;4;-202,43;0,6419
635;600;33,75;0,6415
636;2;-200,06;0,6410
637;600;-38,65;0,6406
638;600;236,50;0,6401
639;600;-63,75;0,6397
640;600;33,85;0,6393
641;7;-203,06;0,6388
642;600;17,25;0,6384
643;170;194,86;0,6379
644;600;88,90;0,6375
645;600;72,40;0,6370
646;600;115,70;0,6366
647;600;222,45;0,6361
648;600;-33,75;0,6357
649;600;130,65;0,6352
650;600;-25,20;0,6348
651;529;292,22;0,6343
652;600;10,20;0,6339
653;600;227,25;0,6335
654;600;-19,80;0,6330
655;600;73,95;0,6326
656;600;-11,75;0,6321
657;600;122,80;0,6317
658;7;-203,06;0,6312
659;600;40,95;0,6308
660;2;-200,06;0,6304
661;600;222,80;0,6299
662;171;191,20;0,6295
663;600;46,70;0,6290
664;600;-93,10;0,6286
665;600;132,05;0,6282
666;600;170,70;0,6277
667;600;38,40;0,6273
668;600;91,15;0,6268
669;600;-14,60;0,6264
670;600;37,25;0,6260
671;600;169,50;0,6255
672;600;149,05;0,6251
673;600;61,50;0,6247
674;600;-41,15;0,6242
675;6;-202,55;0,6238
676;600;67,50;0,6233
677;600;152,40;0,6229
678;600;24,65;0,6225
679;600;75,25;0,6220
680;600;122,60;0,6216
681;600;181,10;0,6212
682;600;222,05;0,6207
683;600;153,40;0,6203
684;600;140,75;0,6199
685;600;71,60;0,6194
686;600;54,30;0,6190
687;600;302,65;0,6186
688;4;-202,43;0,6181
689;600;134,80;0,6177
690;600;102,35;0,6173
691;2;-200,06;0,6168
692;600;53,05;0,6164
693;600;19,35;0,6160
694;600;-22,90;0,6155
695;344;339,02;0,6151
696;600;109,85;0,6147
697;600;50,20;0,6142
698;80;231,66;0,6138
699;600;199,75;0,6134
700;600;49,85;0,6130
701;66;217,80;0,6125
702;600;75,15;0,6121
703;600;102,70;0,6117
704;340;343,36;0,6112
705;92;244,14;0,6108
706;600;21,65;0,6104
707;600;87,65;0,6100
708;600;41,40;0,6095
709;600;-59,45;0,6091
710;600;0,70;0,6087
711;84;234,72;0,6082
712;472;291,84;0,6078
713;600;168,95;0,6074
714;600;-1,75;0,6070
715;380;408,76;0,6065
716;83;249,08;0,6061
717;330;339,01;0,6057
718;600;242,35;0,6053
719;600;187,90;0,6049
720;9;-204,08;0,6044
721;600;144,45;0,6040
722;600;167,70;0,6036
723;600;129,40;0,6032
724;600;162,00;0,6027
725;108;246,28;0,6023
726;6;-202,55;0,6019
727;600;140,10;0,6015
728;4;-202,43;0,6011
729;600;199,95;0,6006
730;600;166,35;0,6002
731;600;1,70;0,5998
732;600;-2,75;0,5994
733;2;-200,06;0,5990
734;4;-202,43;0,5985
735;600;-77,90;0,5981
736;8;-202,67;0,5977
737;600;-25,30;0,5973
738;272;222,74;0,5969
739;600;54,90;0,5964
740;2;197,89;0,5960
741;600;-9,05;0,5956
742;600;111,80;0,5952
743;600;-5,80;0,5948
744;600;16,75;0,5944
745;509;198,47;0,5939
746;600;-39,95;0,5935
747;600;122,55;0,5931
748;600;-24,10;0,5927
749;204;210,62;0,5923
750;600;-47,85;0,5919
751;272;160,84;0,5914
752;600;26,85;0,5910
753;600;62,15;0,5906
754;600;87,80;0,5902
755;6;-202,55;0,5898
756;600;133,00;0,5894
757;600;-103,35;0,5890
758;600;-104,40;0,5886
759;244;192,27;0,5881
760;499;288,82;0,5877
761;600;50,35;0,5873
762;600;44,10;0,5869
763;600;40,40;0,5865
764;146;280,60;0,5861
765;600;83,15;0,5857
766;177;208,14;0,5853
767;600;45,75;0,5849
768;600;230,35;0,5844
769;600;90,25;0,5840
770;66;221,60;0,5836
771;600;-44,20;0,5832
772;151;252,90;0,5828
773;600;77,45;0,5824
774;210;274,71;0,5820
775;600;128,65;0,5816
776;600;180,00;0,5812
777;600;92,50;0,5808
778;4;-202,43;0,5804
779;600;54,25;0,5800
780;600;44,80;0,5796
781;600;27,80;0,5792
782;600;142,05;0,5787
783;600;108,50;0,5783
784;600;143,95;0,5779
785;69;239,27;0,5775
786;600;69,95;0,5771
787;600;65,35;0,5767
788;600;-107,85;0,5763
789;2;-200,06;0,5759
790;600;64,55;0,5755
791;207;259,64;0,5751
792;148;253,48;0,5747
793;600;31,40;0,5743
794;600;119,20;0,5739
795;600;138,10;0,5735
796;207;209,74;0,5731
797;600;156,80;0,5727
798;600;-0,45;0,5723
799;600;20,80;0,5719
800;180;174,36;0,5715
801;600;30,15;0,5711
802;74;246,12;0,5707
803;378;250,28;0,5703
804;600;223,05;0,5699
805;132;231,84;0,5695
806;89;249,62;0,5691
807;600;162,30;0,5687
808;94;244,27;0,5683
809;369;384,42;0,5679
810;134;224,82;0,5675
811;600;340,80;0,5671
812;312;331,24;0,5667
813;600;92,90;0,5663
814;275;358,96;0,5659
815;600;197,20;0,5655
816;156;354,30;0,5651
817;580;441,26;0,5647
818;600;150,40;0,5643
819;600;84,80;0,5639
820;600;140,10;0,5636
821;600;70,25;0,5632
822;4;-202,43;0,5628
823;555;313,26;0,5624
824;600;40,30;0,5620
825;600;31,60;0,5616
826;412;308,24;0,5612
827;600;21,10;0,5608
828;600;253,60;0,5604
829;600;100,45;0,5600
830;600;152,45;0,5596
831;4;-202,43;0,5592
832;600;136,20;0,5588
833;352;373,84;0,5584
834;600;161,70;0,5581
835;34;252,07;0,5577
836;600;98,60;0,5573
837;222;297,29;0,5569
838;257;239,84;0,5565
839;128;245,63;0,5561
840;600;29,20;0,5557
841;600;176,20;0,5553
842;600;109,15;0,5549
843;22;218,24;0,5545
844;600;131,80;0,5542
845;600;158,75;0,5538
846;600;180,50;0,5534
847;64;228,82;0,5530
848;600;166,55;0,5526
849;600;243,80;0,5522
850;4;-202,43;0,5518
851;600;278,50;0,5514
852;600;167,20;0,5511
853;30;230,56;0,5507
854;600;69,90;0,5503
855;600;49,70;0,5499
856;600;24,85;0,5495
857;600;93,85;0,5491
858;294;240,12;0,5488
859;600;85,95;0,5484
860;89;267,02;0,5480
861;600;48,50;0,5476
862;600;215,85;0,5472
863;600;88,00;0,5468
864;162;305,14;0,5465
865;168;238,88;0,5461
866;350;305,16;0,5457
867;600;18,45;0,5453
868;600;137,60;0,5449
869;600;198,70;0,5445
870;79;249,12;0,5442
871;600;-18,95;0,5438
872;600;227,05;0,5434
873;600;239,10;0,5430
874;600;175,45;0,5426
875;600;180,40;0,5423
876;600;263,85;0,5419
877;600;297,00;0,5415
878;600;206,30;0,5411
879;96;229,35;0,5407
880;600;203,45;0,5404
881;600;135,65;0,5400
882;4;-204,28;0,5396
883;600;67,25;0,5392
884;600;113,70;0,5389
885;184;214,02;0,5385
886;600;305,60;0,5381
887;600;143,85;0,5377
888;600;112,60;0,5373
889;600;110,30;0,5370
890;600;125,55;0,5366
891;4;-202,43;0,5362
892;4;-202,43;0,5358
893;49;221,82;0,5355
894;267;309,34;0,5351
895;54;244,42;0,5347
896;106;240,10;0,5343
897;600;144,65;0,5340
898;600;18,00;0,5336
899;255;237,06;0,5332
900;600;-15,65;0,5328
901;600;5,25;0,5325
902;407;261,24;0,5321
903;600;0,25;0,5317
904;600;43,20;0,5314
905;600;54,50;0,5310
906;74;236,37;0,5306
907;600;263,85;0,5302
908;600;180,15;0,5299
909;4;-202,43;0,5295
910;120;233,66;0,5291
911;600;138,75;0,5288
912;548;351,28;0,5284
913;600;231,55;0,5280
914;600;62,20;0,5277
915;200;301,31;0,5273
916;600;155,15;0,5269
917;65;234,86;0,5265
918;600;170,60;0,5262
919;600;278,80;0,5258
920;600;103,10;0,5254
921;4;-202,43;0,5251
922;600;115,60;0,5247
923;567;238,04;0,5243
924;360;449,16;0,5240
925;4;-202,43;0,5236
926;600;127,05;0,5232
927;270;338,11;0,5229
928;171;261,00;0,5225
929;600;155,85;0,5221
930;600;277,70;0,5218
931;600;77,60;0,5214
932;600;169,45;0,5210
933;600;42,00;0,5207
934;327;328,24;0,5203
935;600;258,80;0,5199
936;4;-202,43;0,5196
937;600;55,80;0,5192
938;215;313,96;0,5189
939;156;226,00;0,5185
940;600;161,60;0,5181
941;600;159,00;0,5178
942;600;71,05;0,5174
943;600;206,60;0,5170
944;600;193,45;0,5167
945;600;137,90;0,5163
946;600;169,10;0,5160
947;52;228,99;0,5156
948;9;-203,18;0,5152
949;600;153,35;0,5149
950;600;382,45;0,5145
951;600;188,40;0,5142
952;600;159,05;0,5138
953;600;184,45;0,5134
954;600;48,45;0,5131
955;600;192,60;0,5127
956;138;243,83;0,5124
957;356;299,65;0,5120
958;600;100,60;0,5116
959;600;236,30;0,5113
960;600;118,20;0,5109
961;600;-13,15;0,5106
962;174;317,67;0,5102
963;91;220,40;0,5099
964;600;331,75;0,5095
965;600;250,85;0,5091
966;600;119,45;0,5088
967;600;276,45;0,5084
968;2;-200,06;0,5081
969;600;125,75;0,5077
970;600;173,40;0,5074
971;600;324,90;0,5070
972;600;297,20;0,5066
973;110;220,41;0,5063
974;600;184,30;0,5059
975;600;180,75;0,5056
976;116;264,20;0,5052
977;94;221,52;0,5049
978;600;77,90;0,5045
979;2;-200,51;0,5042
980;600;199,30;0,5038
981;600;205,60;0,5035
982;600;100,15;0,5031
983;600;270,40;0,5028
984;600;234,65;0,5024
985;600;128,85;0,5021
986;296;271,60;0,5017
987;600;-2,00;0,5014
988;90;250,16;0,5010
989;600;22,45;0,5007
990;600;118,85;0,5003
991;600;74,00;0,5000
992;600;159,00;0,4996
993;600;161,45;0,4993
994;600;132,15;0,4989
995;600;216,40;0,4986
996;600;263,25;0,4982
997;600;239,55;0,4979
998;600;123,10;0,4975
999;99;263,22;0,4972
1000;600;205,90;0,4968
1001;600;320,90;0,4965
1002;600;115,65;0,4961
1003;450;308,36;0,4958
1004;600;130,00;0,4954
1005;600;27,60;0,4951
1006;8;-203,57;0,4947
1007;600;164,20;0,4944
1008;600;222,10;0,4940
1009;600;159,30;0,4937
1010;72;250,04;0,4933
1011;600;150,45;0,4930
1012;600;143,35;0,4927
1013;600;136,70;0,4923
1014;600;301,40;0,4920
1015;600;51,45;0,4916
1016;600;-1,55;0,4913
1017;206;258,00;0,4909
1018;600;119,35;0,4906
1019;600;156,70;0,4902
1020;5;-202,94;0,4899
1021;600;62,35;0,4896
1022;600;87,15;0,4892
1023;600;168,40;0,4889
1024;600;98,75;0,4885
1025;600;81,10;0,4882
1026;600;183,20;0,4878
1027;600;75,70;0,4875
1028;4;-202,43;0,4872
1029;7;-203,06;0,4868
1030;600;121,30;0,4865
1031;600;117,10;0,4861
1032;44;223,17;0,4858
1033;600;176,85;0,4855
1034;600;11,70;0,4851
1035;324;198,27;0,4848
1036;120;239,56;0,4844
1037;600;103,10;0,4841
1038;384;395,22;0,4838
1039;172;259,34;0,4834
1040;4;-202,43;0,4831
1041;600;209,80;0,4828
1042;54;243,32;0,4824
1043;5;-202,94;0,4821
1044;32;241,04;0,4817
1045;60;234,96;0,4814
1046;600;178,60;0,4811
1047;600;88,30;0,4807
1048;96;224,30;0,4804
1049;600;52,50;0,4801
1050;600;93,85;0,4797
1051;600;88,30;0,4794
1052;134;241,12;0,4790
1053;600;198,75;0,4787
1054;600;74,80;0,4784
1055;600;241,10;0,4780
1056;600;146,95;0,4777
1057;600;46,35;0,4774
1058;600;177,70;0,4770
1059;600;185,75;0,4767
1060;117;279,04;0,4764
1061;600;193,35;0,4760
1062;40;223,51;0,4757
1063;600;281,50;0,4754
1064;46;230,40;0,4750
1065;164;230,47;0,4747
1066;600;79,35;0,4744
1067;600;3,60;0,4740
1068;127;259,74;0,4737
1069;128;206,68;0,4734
1070;600;29,85;0,4730
1071;600;111,15;0,4727
1072;600;71,45;0,4724
1073;600;32,90;0,4721
1074;150;213,46;0,4717
1075;160;323,36;0,4714
1076;574;343,57;0,4711
1077;526;228,20;0,4707
1078;4;-202,43;0,4704
1079;158;224,13;0,4701
1080;600;133,25;0,4697
1081;137;262,44;0,4694
1082;600;54,95;0,4691
1083;600;118,90;0,4688
1084;600;28,55;0,4684
1085;600;8,95;0,4681
1086;390;254,56;0,4678
1087;600;128,15;0,4674
1088;600;58,25;0,4671
1089;178;290,53;0,4668
1090;314;170,67;0,4665
1091;138;208,68;0,4661
1092;123;303,08;0,4658
1093;600;121,45;0,4655
1094;234;282,02;0,4652
1095;600;18,95;0,4648
1096;600;70,35;0,4645
1097;600;136,40;0,4642
1098;138;267,23;0,4639
1099;60;237,66;0,4635
1100;280;225,16;0,4632
1101;600;-55,25;0,4629
1102;4;-202,43;0,4626
1103;600;91,15;0,4622
1104;600;202,55;0,4619
1105;141;227,10;0,4616
1106;600;132,90;0,4613
1107;600;119,70;0,4609
1108;600;105,75;0,4606
1109;222;240,44;0,4603
1110;15;226,26;0,4600
1111;600;255,55;0,4597
1112;600;111,60;0,4593
1113;600;104,60;0,4590
1114;600;140,80;0,4587
1115;600;118,95;0,4584
1116;4;-202,43;0,4581
1117;600;73,35;0,4577
1118;600;71,95;0,4574
1119;48;244,78;0,4571
1120;600;297,00;0,4568
1121;600;253,15;0,4565
1122;346;260,20;0,4561
1123;246;300,60;0,4558
1124;168;222,28;0,4555
1125;600;179,40;0,4552
1126;288;306,18;0,4549
1127;600;196,00;0,4545
1128;600;100,50;0,4542
1129;314;261,32;0,4539
1130;600;243,35;0,4536
1131;600;202,55;0,4533
1132;600;210,65;0,4529
1133;600;117,60;0,4526
1134;600;28,75;0,4523
1135;116;238,00;0,4520
1136;600;168,35;0,4517
1137;370;191,26;0,4514
1138;76;254,70;0,4511
1139;600;208,80;0,4507
1140;600;222,20;0,4504
1141;600;97,60;0,4501
1142;600;216,45;0,4498
1143;462;379,74;0,4495
1144;70;219,86;0,4492
1145;166;273,10;0,4488
1146;600;78,05;0,4485
1147;600;237,85;0,4482
1148;600;163,15;0,4479
1149;162;238,14;0,4476
1150;282;205,24;0,4473
1151;496;168,00;0,4470
1152;600;338,80;0,4467
1153;151;244,40;0,4463
1154;218;250,23;0,4460
1155;246;207,30;0,4457
1156;156;222,60;0,4454
1157;308;282,23;0,4451
1158;600;68,75;0,4448
1159;600;157,05;0,4445
1160;600;278,35;0,4442
1161;600;80,20;0,4438
1162;148;324,48;0,4435
1163;90;226,36;0,4432
1164;571;551,60;0,4429
1165;366;349,00;0,4426
1166;190;367,86;0,4423
1167;148;278,88;0,4420
1168;600;250,50;0,4417
1169;600;261,85;0,4414
1170;600;281,10;0,4411
1171;600;-79,95;0,4407
1172;600;111,75;0,4404
1173;97;270,94;0,4401
1174;600;149,50;0,4398
1175;4;-202,43;0,4395
1176;600;215,75;0,4392
1177;4;-202,43;0,4389
1178;600;184,30;0,4386
1179;600;117,70;0,4383
1180;600;157,75;0,4380
1181;600;-34,45;0,4377
1182;600;53,25;0,4374
1183;600;6,00;0,4371
1184;600;110,10;0,4368
1185;87;232,74;0,4364
1186;600;143,60;0,4361
1187;600;142,25;0,4358
1188;600;159,90;0,4355
1189;600;217,40;0,4352
1190;60;253,11;0,4349
1191;171;331,20;0,4346
1192;168;219,18;0,4343
1193;600;179,25;0,4340
1194;432;293,69;0,4337
1195;600;212,60;0,4334
1196;308;201,08;0,4331
1197;100;238,76;0,4328
1198;210;245,96;0,4325
1199;58;234,28;0,4322
1200;600;231,40;0,4319
1201;292;307,84;0,4316
1202;258;256,08;0,4313
1203;600;285,15;0,4310
1204;600;243,55;0,4307
1205;2;-200,06;0,4304
1206;76;244,80;0,4301
1207;42;234,24;0,4298
1208;314;266,27;0,4295
1209;600;213,15;0,4292
1210;76;237,10;0,4289
1211;74;243,62;0,4286
1212;600;299,45;0,4283
1213;79;232,97;0,4280
1214;600;99,00;0,4277
1215;600;186,15;0,4274
1216;600;213,75;0,4271
1217;5;-202,94;0,4268
1218;600;157,35;0,4265
1219;600;217,35;0,4262
1220;334;281,32;0,4259
1221;61;248,20;0,4256
1222;600;68,00;0,4253
1223;364;314,22;0,4250
1224;600;100,10;0,4247
1225;600;213,35;0,4244
1226;198;274,28;0,4241
1227;362;335,14;0,4238
1228;110;235,16;0,4235
1229;92;236,99;0,4232
1230;600;78,50;0,4229
1231;600;132,55;0,4226
1232;600;129,20;0,4223
1233;138;240,33;0,4220
1234;4;-202,43;0,4217
1235;244;263,22;0,4214
1236;600;224,45;0,4211
1237;600;161,05;0,4208
1238;600;245,90;0,4205
1239;600;216,95;0,4203
1240;600;313,00;0,4200
1241;600;337,95;0,4197
1242;600;344,90;0,4194
1243;102;274,24;0,4191
1244;38;245,38;0,4188
1245;192;244,64;0,4185
1246;600;256,50;0,4182
1247;600;254,75;0,4179
1248;200;359,76;0,4176
1249;600;411,50;0,4173
1250;178;256,88;0,4170
1251;600;287,90;0,4167
1252;600;265,30;0,4164
1253;600;280,25;0,4162
1254;220;362,41;0,4159
1255;600;311,35;0,4156
1256;600;406,15;0,4153
1257;58;265,03;0,4150
1258;600;69,25;0,4147
1259;86;251,10;0,4144
1260;600;237,10;0,4141
1261;99;226,92;0,4138
1262;80;288,31;0,4135
1263;600;309,95;0,4132
1264;250;294,96;0,4130
1265;198;339,53;0,4127
1266;87;294,04;0,4124
1267;116;288,70;0,4121
1268;600;614,05;0,4118
1269;117;282,04;0,4115
1270;600;516,10;0,4112
1271;30;241,01;0,4109
1272;4;-202,43;0,4107
1273;4;-202,43;0,4104
1274;600;174,30;0,4101
1275;600;130,55;0,4098
1276;600;117,90;0,4095
1277;202;317,04;0,4092
1278;234;368,87;0,4089
1279;600;263,40;0,4086
1280;600;62,35;0,4084
1281;600;187,60;0,4081
1282;600;247,60;0,4078
1283;600;217,25;0,4075
1284;600;121,50;0,4072
1285;600;233,35;0,4069
1286;600;328,50;0,4066
1287;96;293,75;0,4064
1288;600;89,25;0,4061
1289;600;90,30;0,4058
1290;600;65,10;0,4055
1291;600;206,15;0,4052
1292;208;315,28;0,4049
1293;4;-202,43;0,4047
1294;276;440,30;0,4044
1295;600;235,35;0,4041
1296;600;295,75;0,4038
1297;600;346,30;0,4035
1298;192;268,24;0,4032
1299;112;284,84;0,4030
1300;27;220,89;0,4027
1301;60;242,31;0,4024
1302;70;-179,24;0,4021
1303;124;-124,83;0,4018
1304;98;-180,27;0,4016
1305;86;224,85;0,4013
1306;50;-190,29;0,4010
1307;57;225,39;0,4007
1308;95;179,41;0,4004
1309;48;-199,87;0,4001
1310;72;179,04;0,3999
1311;62;-207,31;0,3996
1312;25;219,56;0,3993
1313;310;-221,54;0,3990
1314;48;-184,92;0,3988
1315;230;-179,99;0,3985
1316;137;-178,31;0,3982
1317;192;-228,11;0,3979
1318;258;-226,07;0,3976
1319;14;-203,93;0,3974
1320;65;240,41;0,3971
1321;53;-186,12;0,3968
1322;378;-257,92;0,3965
1323;318;-263,37;0,3962
1324;165;-235,59;0,3960
1325;187;194,89;0,3957
1326;140;175,76;0,3954
1327;6;-202,55;0,3951
1328;119;208,17;0,3949
1329;56;238,10;0,3946
1330;143;-184,92;0,3943
1331;248;-194,57;0,3940
1332;75;224,46;0,3938
1333;266;211,10;0,3935
1334;416;-267,75;0,3932
1335;82;224,54;0,3929
1336;111;-205,20;0,3927
1337;184;202,07;0,3924
1338;48;-202,27;0,3921
1339;92;-187,66;0,3918
1340;34;206,47;0,3916
1341;73;197,13;0,3913
1342;590;100,66;0,3910
1343;4;-202,43;0,3907
1344;63;-201,67;0,3905
1345;248;146,48;0,3902
1346;160;160,26;0,3899
1347;107;-194,86;0,3896
1348;438;89,88;0,3894
1349;275;-262,04;0,3891
1350;79;220,77;0,3888
1351;175;-241,74;0,3886
1352;519;-358,38;0,3883
1353;92;-206,86;0,3880
1354;600;-119,30;0,3877
1355;208;192,38;0,3875
1356;600;-148,70;0,3872
1357;600;-152,60;0,3869
1358;137;-223,56;0,3867
1359;600;-164,15;0,3864
1360;104;-217,53;0,3861
1361;13;-203,42;0,3858
1362;234;146,52;0,3856
1363;266;162,40;0,3853
1364;151;159,15;0,3850
1365;5;-202,94;0,3848
1366;290;156,06;0,3845
1367;94;-207,58;0,3842
1368;105;196,66;0,3840
1369;101;189,60;0,3837
1370;5;-202,94;0,3834
1371;600;-175,50;0,3831
1372;337;134,19;0,3829
1373;200;-246,59;0,3826
1374;232;157,34;0,3823
1375;234;-226,43;0,3821
1376;4;-202,43;0,3818
1377;256;140,55;0,3815
1378;241;-257,45;0,3813
1379;97;219,99;0,3810
1380;4;-202,43;0,3807
1381;246;199,45;0,3805
1382;208;-215,02;0,3802
1383;216;171,35;0,3799
1384;4;-202,43;0,3797
1385;444;126,82;0,3794
1386;2;-200,06;0,3791
1387;202;-238,56;0,3789
1388;382;154,79;0,3786
1389;80;-191,44;0,3783
1390;59;207,37;0,3781
1391;4;-202,43;0,3778
1392;249;187,12;0,3776
1393;600;-143,65;0,3773
1394;83;233,53;0,3770
1395;89;-192,68;0,3768
1396;165;164,31;0,3765
1397;600;-166,75;0,3762
1398;187;186,99;0,3760
1399;327;118,64;0,3757
1400;257;-255,56;0,3754
1401;116;205,60;0,3752
1402;339;169,97;0,3749
1403;194;-241,93;0,3747
1404;149;233,87;0,3744
1405;600;-181,00;0,3741
1406;132;201,69;0,3739
1407;268;-221,27;0,3736
1408;88;220,03;0,3733
1409;116;-193,00;0,3731
1410;139;-212,78;0,3728
1411;173;-213,37;0,3726
1412;332;-255,81;0,3723
1413;548;-326,42;0,3720
1414;100;192,06;0,3718
1415;28;221,73;0,3715
1416;123;203,23;0,3713
1417;440;-295,09;0,3710
1418;40;213,21;0,3707
1419;43;-205,77;0,3705
1420;152;-198,96;0,3702
1421;487;33,09;0,3700
1422;2;-200,51;0,3697
1423;512;59,24;0,3694
1424;270;-246,24;0,3692
1425;293;-279,97;0,3689
1426;49;-200,53;0,3687
1427;600;-191,60;0,3684
1428;39;-207,68;0,3682
1429;319;180,12;0,3679
1430;173;189,28;0,3676
1431;600;-114,60;0,3674
1432;218;199,28;0,3671
1433;600;-162,95;0,3669
1434;600;-141,05;0,3666
1435;590;-321,69;0,3664
1436;224;-246,18;0,3661
1437;123;-216,67;0,3658
1438;600;-142,90;0,3656
1439;231;162,10;0,3653
1440;193;-247,27;0,3651
1441;600;-130,95;0,3648
1442;600;-142,60;0,3646
1443;134;183,27;0,3643
1444;8;-204,57;0,3641
1445;229;-242,98;0,3638
1446;73;-220,77;0,3635
1447;121;-211,45;0,3633
1448;600;-176,80;0,3630
1449;137;-231,51;0,3628
1450;335;132,71;0,3625
1451;94;206,97;0,3623
1452;192;-214,01;0,3620
1453;321;-261,40;0,3618
1454;111;-205,10;0,3615
1455;325;141,61;0,3613
1456;568;-309,57;0,3610
1457;523;69,43;0,3608
1458;197;206,99;0,3605
1459;242;151,84;0,3603
1460;395;130,61;0,3600
1461;224;168,02;0,3597
1462;228;186,98;0,3595
1463;180;210,71;0,3592
1464;145;-198,59;0,3590
1465;141;-211,50;0,3587
1466;78;-231,77;0,3585
1467;300;-239,54;0,3582
1468;101;-200,90;0,3580
1469;413;-311,62;0,3577
1470;132;-213,46;0,3575
1471;74;221,02;0,3572
1472;289;-244,93;0,3570
1473;513;-282,02;0,3567
1474;369;-272,88;0,3565
1475;121;-215,45;0,3562
1476;598;-338,37;0,3560
1477;336;-274,85;0,3557
1478;140;218,96;0,3555
1479;140;-222,19;0,3552
1480;600;-195,60;0,3550
1481;47;-197,91;0,3547
1482;184;171,52;0,3545
1483;109;-209,08;0,3542
1484;55;-206,69;0,3540
1485;73;-201,12;0,3538
1486;157;198,74;0,3535
1487;319;-252,38;0,3533
1488;333;146,98;0,3530
1489;363;126,23;0,3528
1490;225;-243,29;0,3525
1491;29;-183,83;0,3523
1492;600;-134,50;0,3520
1493;12;-205,91;0,3518
1494;316;-278,95;0,3515
1495;75;-223,09;0,3513
1496;600;-160,30;0,3510
1497;11;-205,10;0,3508
1498;185;-249,54;0,3505
1499;7;-203,06;0,3503
1500;2;199,49;0,3501
1501;98;-199,32;0,3498
1502;146;196,55;0,3496
1503;292;-288,96;0,3493
1504;58;-207,02;0,3491
1505;600;-188,45;0,3488
1506;600;-165,25;0,3486
1507;314;-232,23;0,3483
1508;268;-206,47;0,3481
1509;68;-205,87;0,3479
1510;222;-232,81;0,3476
1511;600;-133,85;0,3474
1512;71;-212,60;0,3471
1513;600;-141,05;0,3469
1514;600;-182,25;0,3466
1515;139;-227,73;0,3464
1516;460;-320,09;0,3462
1517;21;-206,70;0,3459
1518;137;180,64;0,3457
1519;92;-187,61;0,3454
1520;445;-277,49;0,3452
1521;600;-144,10;0,3449
1522;318;-272,57;0,3447
1523;584;-299,33;0,3445
1524;79;-212,88;0,3442
1525;125;-229,94;0,3440
1526;163;-240,07;0,3437
1527;315;169,11;0,3435
1528;135;-196,74;0,3433
1529;346;96,30;0,3430
1530;447;87,29;0,3428
1531;160;-244,84;0,3425
1532;198;-217,17;0,3423
1533;210;-230,24;0,3421
1534;137;172,89;0,3418
1535;505;-323,94;0,3416
1536;76;-210,95;0,3413
1537;360;-261,09;0,3411
1538;196;-239,60;0,3409
1539;600;-171,10;0,3406
1540;151;-208,05;0,3404
1541;409;105,17;0,3401
1542;176;-249,85;0,3399
1543;468;-312,87;0,3397
1544;275;-254,59;0,3394
1545;600;-147,40;0,3392
1546;66;-216,25;0,3390
1547;206;165,60;0,3387
1548;476;-339,30;0,3385
1549;296;-245,15;0,3382
1550;18;-204,17;0,3380
1551;600;-132,30;0,3378
1552;239;-233,08;0,3375
1553;366;-244,65;0,3373
1554;600;-157,90;0,3371
1555;294;-268,23;0,3368
1556;600;-172,60;0,3366
1557;418;130,78;0,3364
1558;329;-295,98;0,3361
1559;383;-311,97;0,3359
1560;600;-118,20;0,3357
1561;4;-202,43;0,3354
1562;600;-137,55;0,3352
1563;4;-202,43;0,3349
1564;600;-114,80;0,3347
1565;449;102,77;0,3345
1566;157;-211,86;0,3342
1567;357;132,64;0,3340
1568;600;-143,30;0,3338
1569;600;-171,15;0,3335
1570;600;-165,15;0,3333
1571;600;-167,25;0,3331
1572;99;178,67;0,3328
1573;431;146,10;0,3326
1574;410;-303,24;0,3324
1575;565;-262,04;0,3321
1576;600;-159,25;0,3319
1577;515;-229,04;0,3317
1578;131;234,45;0,3314
1579;39;-205,88;0,3312
1580;478;103,98;0,3310
1581;4;-202,43;0,3308
1582;221;-256,70;0,3305
1583;442;-235,36;0,3303
1584;98;209,18;0,3301
1585;600;-187,05;0,3298
1586;28;-202,17;0,3296
1587;130;-224,09;0,3294
1588;50;-182,89;0,3291
1589;600;-185,45;0,3289
1590;391;-258,25;0,3287
1591;127;-198,56;0,3284
1592;600;-162,25;0,3282
1593;266;141,60;0,3280
1594;194;196,22;0,3278
1595;293;103,43;0,3275
1596;391;107,35;0,3273
1597;600;-206,80;0,3271
1598;153;214,73;0,3268
1599;96;-211,00;0,3266
1600;138;-221,57;0,3264
1601;146;-218,55;0,3262
1602;224;219,92;0,3259
1603;118;-215,12;0,3257
1604;307;148,59;0,3255
1605;78;207,83;0,3252
1606;163;-259,37;0,3250
1607;196;216,35;0,3248
1608;600;-286,00;0,3246
1609;550;-471,04;0,3243
1610;429;-366,18;0,3241
1611;276;157,25;0,3239
1612;59;196,42;0,3237
1613;4;-202,43;0,3234
1614;234;-260,68;0,3232
1615;490;14,51;0,3230
1616;291;-304,40;0,3227
1617;91;-222,35;0,3225
1618;398;-301,27;0,3223
1619;600;-274,40;0,3221
1620;330;88,21;0,3218
1621;4;-202,43;0,3216
1622;131;-230,60;0,3214
1623;11;-207,00;0,3212
1624;4;-202,43;0,3209
1625;214;-309,28;0,3207
1626;261;166,90;0,3205
1627;4;-202,43;0,3203
1628;4;-202,43;0,3200
1629;304;-294,93;0,3198
1630;600;-216,15;0,3196
1631;247;126,79;0,3194
1632;273;113,58;0,3191
1633;526;17,65;0,3189
1634;4;-202,43;0,3187
1635;96;-220,65;0,3185
1636;600;-316,85;0,3183
1637;600;-312,00;0,3180
1638;257;-273,96;0,3178
1639;193;138,13;0,3176
1640;423;89,18;0,3174
1641;98;-232,87;0,3171
1642;4;-202,43;0,3169
1643;374;-293,63;0,3167
1644;592;-362,46;0,3165
1645;10;-203,69;0,3163
1646;372;-301,76;0,3160
1647;205;163,66;0,3158
1648;67;-204,91;0,3156
1649;87;-200,46;0,3154
1650;153;177,43;0,3152
1651;101;-221,25;0,3149
1652;90;-214,39;0,3147
1653;206;221,80;0,3145
1654;282;159,84;0,3143
1655;149;223,72;0,3141
1656;37;-193,86;0,3138
1657;281;-261,45;0,3136
1658;98;-211,72;0,3134
1659;137;-209,51;0,3132
1660;222;-213,36;0,3130
1661;513;-310,97;0,3127
1662;284;-281,63;0,3125
1663;385;-336,49;0,3123
1664;374;88,57;0,3121
1665;600;-208,35;0,3119
1666;600;-239,20;0,3116
1667;7;-203,06;0,3114
1668;600;-210,90;0,3112
1669;216;-224,05;0,3110
1670;600;-164,70;0,3108
1671;600;-172,60;0,3106
1672;2;-200,51;0,3103
1673;60;-209,99;0,3101
1674;600;-204,70;0,3099
1675;369;33,97;0,3097
1676;83;-212,07;0,3095
1677;399;69,92;0,3092
1678;600;-151,70;0,3090
1679;179;-252,68;0,3088
1680;201;174,85;0,3086
1681;535;-18,59;0,3084
1682;600;-234,45;0,3082
1683;600;-160,75;0,3080
1684;50;191,06;0,3077
1685;600;-173,70;0,3075
1686;70;-198,44;0,3073
1687;110;-206,74;0,3071
1688;212;146,24;0,3069
1689;600;-254,70;0,3067
1690;600;-137,55;0,3064
1691;25;-205,94;0,3062
1692;168;179,93;0,3060
1693;227;-237,86;0,3058
1694;600;-191,30;0,3056
1695;407;-342,91;0,3054
1696;348;123,03;0,3052
1697;427;110,04;0,3049
1698;311;-290,30;0,3047
1699;367;111,49;0,3045
1700;391;-286,30;0,3043
1701;444;-279,73;0,3041
1702;600;-144,90;0,3039
1703;600;-118,85;0,3037
1704;292;-226,36;0,3035
1705;4;-202,43;0,3032
1706;385;-251,19;0,3030
1707;277;-251,16;0,3028
1708;600;-308,64;0,3026
1709;554;-278,63;0,3024
1710;265;-235,34;0,3022
1711;190;-229,99;0,3020
1712;68;-208,47;0,3018
1713;348;-272,07;0,3016
1714;353;-295,17;0,3013
1715;576;-324,20;0,3011
1716;223;186,13;0,3009
1717;556;-247,00;0,3007
1718;497;-276,26;0,3005
1719;600;-133,90;0,3003
1720;600;-61,05;0,3001
1721;157;-231,41;0,2999
1722;279;186,27;0,2997
1723;34;207,12;0,2994
1724;309;-241,08;0,2992
1725;88;192,18;0,2990
1726;422;-261,16;0,2988
1727;390;-263,29;0,2986
1728;214;-240,18;0,2984
1729;201;-212,70;0,2982
1730;492;-256,16;0,2980
1731;73;-184,22;0,2978
1732;18;-197,72;0,2976
1733;235;-215,29;0,2974
1734;21;206,95;0,2971
1735;393;-258,37;0,2969
1736;573;-314,97;0,2967
1737;216;-241,60;0,2965
1738;246;190,30;0,2963
1739;362;194,29;0,2961
1740;598;-315,72;0,2959
1741;409;151,52;0,2957
1742;488;-298,97;0,2955
1743;161;205,70;0,2953
1744;503;-273,12;0,2951
1745;124;-190,93;0,2949
1746;274;-248,38;0,2947
1747;600;-143,50;0,2945
1748;600;-90,00;0,2943
1749;600;-140,10;0,2940
1750;382;44,24;0,2938
1751;600;-248,10;0,2936
1752;600;-308,35;0,2934
1753;301;113,50;0,2932
1754;600;-281,00;0,2930
1755;114;-237,78;0,2928
1756;581;-33,50;0,2926
1757;600;-279,45;0,2924
1758;4;-202,43;0,2922
1759;428;-413,62;0,2920
1760;600;-235,45;0,2918
1761;600;-289,50;0,2916
1762;430;-325,29;0,2914
1763;161;144,65;0,2912
1764;592;-484,71;0,2910
1765;600;-203,00;0,2908
1766;322;-300,51;0,2906
1767;4;-202,43;0,2904
1768;600;-285,20;0,2902
1769;2;-200,51;0,2900
1770;515;-383,94;0,2898
1771;61;171,90;0,2895
1772;255;150,46;0,2893
1773;149;-246,18;0,2891
1774;600;-266,50;0,2889
1775;600;-278,50;0,2887
1776;600;-253,85;0,2885
1777;2;-200,06;0,2883
1778;482;-411,21;0,2881
1779;243;113,13;0,2879
1780;600;-325,85;0,2877
1781;600;-253,90;0,2875
1782;432;63,74;0,2873
1783;355;-369,04;0,2871
1784;266;-292,25;0,2869
1785;44;219,87;0,2867
1786;38;-193,72;0,2865
1787;160;-174,44;0,2863
1788;122;-197,61;0,2861
1789;4;-202,43;0,2859
1790;4;-202,43;0,2857
1791;350;126,16;0,2855
1792;138;-202,02;0,2853
1793;245;148,71;0,2851
1794;109;-184,78;0,2849
1795;305;-254,79;0,2847
1796;600;-229,20;0,2845
1797;600;-241,60;0,2843
1798;600;-177,20;0,2841
1799;326;180,95;0,2839
1800;211;161,35;0,2837
1801;225;-231,99;0,2835
1802;386;-248,25;0,2833
1803;600;-117,50;0,2831
1804;600;-177,75;0,2829
1805;215;183,31;0,2827
1806;600;-120,40;0,2825
1807;600;-173,85;0,2823
1808;470;-360,69;0,2821
1809;600;-269,95;0,2819
1810;600;-205,95;0,2817
1811;180;167,66;0,2816
1812;600;-191,90;0,2814
1813;600;-254,00;0,2812
1814;480;14,71;0,2810
1815;600;-260,65;0,2808
1816;600;-260,10;0,2806
1817;600;-239,95;0,2804
1818;126;156,30;0,2802
1819;600;-249,25;0,2800
1820;480;39,36;0,2798
1821;265;121,86;0,2796
1822;600;-166,85;0,2794
1823;2;-200,51;0,2792
1824;600;-208,85;0,2790
1825;578;-393,82;0,2788
1826;600;-190,05;0,2786
1827;140;194,36;0,2784
1828;79;-232,18;0,2782
1829;600;-220,50;0,2780
1830;182;-224,06;0,2778
1831;118;197,23;0,2776
1832;600;-149,40;0,2774
1833;250;-231,14;0,2772
1834;223;-216,57;0,2771
1835;76;199,10;0,2769
1836;4;-202,43;0,2767
1837;426;-413,05;0,2765
1838;466;-386,00;0,2763
1839;374;42,42;0,2761
1840;140;-229,49;0,2759
1841;600;-169,05;0,2757
1842;222;190,74;0,2755
1843;238;-245,87;0,2753
1844;37;-196,86;0,2751
1845;110;213,86;0,2749
1846;210;-214,84;0,2747
1847;411;-221,35;0,2745
1848;600;-161,35;0,2744
1849;504;-290,58;0,2742
1850;565;-300,14;0,2740
1851;600;-130,65;0,2738
1852;331;171,80;0,2736
1853;118;214,43;0,2734
1854;73;-205,07;0,2732
1855;600;-80,15;0,2730
1856;2;-200,51;0,2728
1857;600;-20,35;0,2726
1858;600;-82,80;0,2724
1859;2;-200,06;0,2722
1860;597;64,44;0,2721
1861;373;157,88;0,2719
1862;600;-117,25;0,2717
1863;2;-200,51;0,2715
1864;424;81,92;0,2713
1865;600;-137,20;0,2711
1866;79;-196,98;0,2709
1867;600;-87,55;0,2707
1868;600;-121,95;0,2705
1869;600;-154,90;0,2703
1870;600;-232,75;0,2702
1871;293;119,93;0,2700
1872;9;-204,08;0,2698
1873;2;197,89;0,2696
1874;600;-118,50;0,2694
1875;600;-130,25;0,2692
1876;364;-262,53;0,2690
1877;160;-206,09;0,2688
1878;600;-141,50;0,2686
1879;600;-140,30;0,2685
1880;225;-219,44;0,2683
1881;296;-237,50;0,2681
1882;600;-113,15;0,2679
1883;552;-313,36;0,2677
1884;5;-202,94;0,2675
1885;122;224,79;0,2673
1886;21;-205,80;0,2671
1887;600;-95,70;0,2670
1888;109;196,02;0,2668
1889;600;-157,55;0,2666
1890;600;-143,95;0,2664
1891;167;-229,86;0,2662
1892;359;-321,98;0,2660
1893;427;-335,86;0,2658
1894;483;123,93;0,2657
1895;215;-220,79;0,2655
1896;251;-231,25;0,2653
1897;286;-272,90;0,2651
1898;288;-243,07;0,2649
1899;478;32,48;0,2647
1900;129;-222,83;0,2645
1901;600;-272,45;0,2644
1902;600;-314,90;0,2642
1903;60;199,36;0,2640
1904;600;-283,25;0,2638
1905;600;-261,95;0,2636
1906;600;-170,75;0,2634
1907;600;-183,15;0,2632
1908;241;-230,10;0,2631
1909;100;-217,79;0,2629
1910;8;-202,67;0,2627
1911;336;180,35;0,2625
1912;154;221,67;0,2623
1913;265;-235,74;0,2621
1914;600;-154,00;0,2620
1915;600;-131,40;0,2618
1916;262;-299,86;0,2616
1917;103;-213,97;0,2614
1918;113;176,38;0,2612
1919;600;-144,45;0,2610
1920;322;-293,31;0,2609
1921;600;-212,40;0,2607
1922;600;-270,90;0,2605
1923;254;128,62;0,2603
1924;4;-202,43;0,2601
1925;600;-223,20;0,2599
1926;389;-348,13;0,2598
1927;401;63,75;0,2596
1928;573;64,73;0,2594
1929;600;-109,70;0,2592
1930;340;-290,84;0,2590
1931;600;-167,90;0,2589
1932;286;-276,55;0,2587
1933;317;128,14;0,2585
1934;537;8,89;0,2583
1935;600;-210,10;0,2581
1936;167;188,59;0,2580
1937;293;136,63;0,2578
1938;329;146,42;0,2576
1939;600;-174,05;0,2574
1940;600;-169,70;0,2572
1941;242;172,64;0,2571
1942;395;113,71;0,2569
1943;450;95,86;0,2567
1944;399;41,77;0,2565
1945;327;105,84;0,2563
1946;223;-190,22;0,2562
1947;57;-204,86;0,2560
1948;228;154,28;0,2558
1949;6;-202,55;0,2556
1950;600;-192,90;0,2554
1951;324;100,22;0,2553
1952;184;193,42;0,2551
1953;600;-138,55;0,2549
1954;243;125,98;0,2547
1955;373;141,88;0,2545
1956;357;194,89;0,2544
1957;255;128,61;0,2542
1958;241;-281,60;0,2540
1959;258;142,23;0,2538
1960;260;111,56;0,2537
1961;40;-208,19;0,2535
1962;417;78,34;0,2533
1963;20;225,51;0,2531
1964;600;-141,65;0,2529
1965;6;-202,55;0,2528
1966;100;183,36;0,2526
1967;129;214,77;0,2524
1968;577;64,04;0,2522
1969;179;200,97;0,2521
1970;414;37,27;0,2519
1971;366;-361,95;0,2517
1972;142;-233,91;0,2515
1973;567;-354,01;0,2514
1974;144;-211,88;0,2512
1975;161;-227,25;0,2510
1976;556;103,90;0,2508
1977;216;-245,00;0,2507
1978;259;117,52;0,2505
1979;167;181,54;0,2503
1980;127;-196,91;0,2501
1981;177;-204,91;0,2500
1982;409;126,27;0,2498
1983;331;-270,95;0,2496
1984;139;-220,63;0,2494
1985;125;-213,79;0,2493
1986;255;99,41;0,2491
1987;192;-256,96;0,2489
1988;337;-313,51;0,2487
1989;488;-359,87;0,2486
1990;131;-205,75;0,2484
1991;6;-202,55;0,2482
1992;147;-197,96;0,2480
1993;395;-207,19;0,2479
1994;73;-202,12;0,2477
1995;426;130,55;0,2475
1996;600;-161,60;0,2473
1997;309;-275,18;0,2472
1998;321;-243,75;0,2470
1999;10;-204,69;0,2468
2000;2;197,89;0,2467
2001;25;-205,94;0,2465
2002;335;-241,24;0,2463
2003;4;-202,43;0,2461
2004;531;-309,75;0,2460
2005;600;-114,85;0,2458
2006;600;-131,70;0,2456
2007;600;-95,45;0,2454
2008;600;-94,00;0,2453
2009;268;-237,12;0,2451
2010;45;-205,34;0,2449
2011;230;-242,74;0,2448
2012;322;-251,46;0,2446
2013;600;-148,55;0,2444
2014;405;-289,84;0,2442
2015;22;-204,41;0,2441
2016;457;-250,71;0,2439
2017;383;-301,32;0,2437
2018;186;-214,45;0,2436
2019;62;-191,36;0,2434
2020;600;-137,05;0,2432
2021;4;-202,43;0,2430
2022;114;-225,98;0,2429
2023;258;-223,82;0,2427
2024;600;-149,25;0,2425
2025;466;109,15;0,2424
2026;173;-207,07;0,2422
2027;197;-200,16;0,2420
2028;600;-53,35;0,2419
2029;232;-218,51;0,2417
2030;341;162,70;0,2415
2031;63;-203,17;0,2414
2032;40;-203,24;0,2412
2033;356;-280,05;0,2410
2034;414;-280,18;0,2408
2035;111;-205,95;0,2407
2036;600;-81,45;0,2405
2037;600;-107,20;0,2403
2038;600;-97,40;0,2402
2039;189;-230,18;0,2400
2040;600;-119,50;0,2398
2041;162;-212,01;0,2397
2042;211;188,50;0,2395
2043;280;168,56;0,2393
2044;220;-202,89;0,2392
2045;392;164,24;0,2390
2046;327;-245,01;0,2388
2047;121;165,85;0,2387
2048;93;-207,17;0,2385
2049;600;-94,35;0,2383
2050;152;202,09;0,2382
2051;227;-208,26;0,2380
2052;98;217,03;0,2378
2053;325;195,46;0,2377
2054;274;-242,53;0,2375
2055;365;131,71;0,2373
2056;148;197,53;0,2372
2057;175;198,56;0,2370
2058;19;-203,78;0,2368
2059;455;142,06;0,2367
2060;600;-76,40;0,2365
2061;39;-199,88;0,2363
2062;25;226,76;0,2362
2063;83;242,43;0,2360
2064;111;-205,10;0,2358
2065;72;-204,76;0,2357
2066;453;-282,32;0,2355
2067;552;-261,61;0,2353
2068;37;-178,91;0,2352
2069;347;188,24;0,2350
2070;90;-196,84;0,2349
2071;52;217,34;0,2347
2072;51;-208,05;0,2345
2073;343;-249,57;0,2344
2074;106;-192,10;0,2342
2075;341;-261,90;0,2340
2076;35;-200,54;0,2339
2077;207;-215,01;0,2337
2078;388;-255,67;0,2335
2079;151;207,55;0,2334
2080;600;-102,80;0,2332
2081;600;-43,45;0,2330
2082;536;-227,40;0,2329
2083;146;-200,90;0,2327
2084;160;187,76;0,2326
2085;600;-85,05;0,2324
2086;332;197,14;0,2322
2087;229;236,57;0,2321
2088;474;184,67;0,2319
2089;600;-98,00;0,2317
2090;600;-118,40;0,2316
2091;464;109,82;0,2314
2092;269;154,27;0,2313
2093;218;191,23;0,2311
2094;112;-208,46;0,2309
2095;360;225,26;0,2308
2096;145;209,41;0,2306
2097;600;-110,40;0,2305
2098;600;-109,40;0,2303
2099;7;-203,06;0,2301
2100;2;199,94;0,2300
2101;302;-243,31;0,2298
2102;600;-111,60;0,2296
2103;349;-268,18;0,2295
2104;403;-288,17;0,2293
2105;590;-298,49;0,2292
2106;260;-214,49;0,2290
2107;600;-96,95;0,2288
2108;304;201,67;0,2287
2109;359;-228,18;0,2285
2110;116;219,60;0,2284
2111;600;-95,75;0,2282
2112;209;221,62;0,2280
2113;180;188,16;0,2279
2114;397;-234,61;0,2277
2115;337;-225,71;0,2276
2116;100;-184,29;0,2274
2117;211;-205,25;0,2272
2118;338;-260,42;0,2271
2119;60;-199,24;0,2269
2120;600;-90,25;0,2268
2121;257;163,19;0,2266
2122;390;-236,64;0,2265
2123;119;-184,58;0,2263
2124;296;209,15;0,2261
2125;86;-192,75;0,2260
2126;275;-220,04;0,2258
2127;475;-266,34;0,2257
2128;189;-212,73;0,2255
2129;340;-248,39;0,2253
2130;114;223,42;0,2252
2131;86;-149,50;0,2250
2132;105;232,71;0,2249
2133;375;-270,84;0,2247
2134;209;196,12;0,2246
2135;40;204,81;0,2244
2136;172;-249,11;0,2242
2137;86;221,30;0,2241
2138;552;134,39;0,2239
2139;199;-224,58;0,2238
2140;600;-105,30;0,2236
2141;600;-106,65;0,2235
2142;2;-200,51;0,2233
2143;600;-83,10;0,2231
2144;600;-115,10;0,2230
2145;131;180,20;0,2228
2146;600;-144,85;0,2227
2147;600;-115,35;0,2225
2148;335;177,91;0,2224
2149;192;180,54;0,2222
2150;4;-202,43;0,2221
2151;258;-257,17;0,2219
2152;546;-287,45;0,2217
2153;378;-241,42;0,2216
2154;99;234,27;0,2214
2155;4;-202,43;0,2213
2156;600;-72,25;0,2211
2157;600;-81,05;0,2210
2158;45;238,71;0,2208
2159;110;205,76;0,2207
2160;600;-69,25;0,2205
2161;600;-79,15;0,2204
2162;26;-201,60;0,2202
2163;175;-198,19;0,2200
2164;600;-72,45;0,2199
2165;600;-151,75;0,2197
2166;282;-249,91;0,2196
2167;600;-122,25;0,2194
2168;600;-155,20;0,2193
2169;436;-277,30;0,2191
2170;531;103,90;0,2190
2171;78;-203,67;0,2188
2172;600;-201,55;0,2187
2173;477;-328,91;0,2185
2174;411;-287,20;0,2184
2175;416;-271,90;0,2182
2176;600;-109,45;0,2181
2177;446;143,20;0,2179
2178;600;-113,30;0,2177
2179;2;-200,06;0,2176
2180;185;-244,29;0,2174
2181;305;178,11;0,2173
2182;350;184,21;0,2171
2183;136;-209,75;0,2170
2184;600;-142,10;0,2168
2185;547;-314,66;0,2167
2186;352;-239,36;0,2165
2187;600;-134,15;0,2164
2188;586;-292,00;0,2162
2189;374;151,82;0,2161
2190;501;-297,00;0,2159
2191;600;-155,25;0,2158
2192;600;-121,90;0,2156
2193;2;-200,06;0,2155
2194;599;122,67;0,2153
2195;600;-65,90;0,2152
2196;600;-118,75;0,2150
2197;576;108,50;0,2149
2198;74;186,82;0,2147
2199;600;-98,75;0,2146
2200;600;-90,00;0,2144
2201;535;-273,24;0,2143
2202;102;-171,96;0,2141
2203;486;-291,80;0,2140
2204;557;54,29;0,2138
2205;268;-240,07;0,2137
2206;600;-156,15;0,2135
2207;362;123,74;0,2134
2208;92;206,04;0,2132
2209;600;-107,50;0,2131
2210;212;220,19;0,2129
2211;148;186,58;0,2128
2212;257;209,59;0,2126
2213;143;-213,42;0,2125
2214;600;-110,75;0,2123
2215;319;-254,48;0,2122
2216;600;-139,40;0,2120
2217;473;134,53;0,2119
2218;600;-179,85;0,2117
2219;295;-271,34;0,2116
2220;600;-159,55;0,2114
2221;437;117,59;0,2113
2222;600;-149,25;0,2111
2223;103;-202,32;0,2110
2224;600;-152,85;0,2108
2225;273;183,08;0,2107
2226;540;114,66;0,2105
2227;385;155,51;0,2104
2228;136;230,00;0,2103
2229;600;-127,35;0,2101
2230;600;-55,70;0,2100
2231;600;-54,85;0,2098
2232;29;-205,28;0,2097
2233;181;-208,20;0,2095
2234;4;-202,43;0,2094
2235;331;171,60;0,2092
2236;600;-82,35;0,2091
2237;488;177,38;0,2089
2238;323;175,38;0,2088
2239;600;-88,70;0,2086
2240;409;-250,18;0,2085
2241;18;-204,17;0,2083
2242;195;-216,59;0,2082
2243;600;-154,95;0,2081
2244;600;-70,50;0,2079
2245;154;-205,83;0,2078
2246;600;-92,20;0,2076
2247;119;238,27;0,2075
2248;534;-314,73;0,2073
2249;600;-121,75;0,2072
2250;26;-207,95;0,2070
2251;37;-207,56;0,2069
2252;508;-293,07;0,2067
2253;600;-175,70;0,2066
2254;600;-122,55;0,2065
2255;600;-123,70;0,2063
2256;2;-200,51;0,2062
2257;600;-112,90;0,2060
2258;595;-336,39;0,2059
2259;180;-244,44;0,2057
2260;280;-300,04;0,2056
2261;530;-333,99;0,2055
2262;600;-129,40;0,2053
2263;256;-267,90;0,2052
2264;196;220,30;0,2050
2265;85;-192,69;0,2049
2266;600;-86,00;0,2047
2267;600;-100,75;0,2046
2268;287;-242,81;0,2044
2269;600;-136,75;0,2043
2270;403;-270,57;0,2042
2271;600;-90,10;0,2040
2272;199;221,92;0,2039
2273;308;-222,32;0,2037
2274;26;-203,75;0,2036
2275;24;-203,63;0,2034
2276;22;-205,31;0,2033
2277;600;-92,10;0,2032
2278;147;221,49;0,2030
2279;30;-205,79;0,2029
2280;23;208,38;0,2027
2281;600;-78,75;0,2026
2282;288;182,88;0,2025
2283;201;-230,15;0,2023
2284;600;-95,60;0,2022
2285;600;-94,60;0,2020
2286;245;-213,69;0,2019
2287;600;-73,75;0,2017
2288;529;134,87;0,2016
2289;600;-58,30;0,2015
2290;453;-277,02;0,2013
2291;600;-102,80;0,2012
2292;600;-42,80;0,2010
2293;600;-98,30;0,2009
2294;544;151,67;0,2008
2295;600;-91,30;0,2006
2296;600;-89,25;0,2005
2297;516;-288,80;0,2003
2298;159;187,52;0,2002
2299;296;158,55;0,2001
2300;387;-253,41;0,1999
2301;600;-56,45;0,1998
2302;307;179,49;0,1996
2303;109;-194,18;0,1995
2304;438;136,98;0,1994
2305;8;-202,67;0,1992
2306;600;-106,45;0,1991
2307;334;170,47;0,1989
2308;575;-278,09;0,1988
2309;600;-55,95;0,1987
2310;522;119,14;0,1985
2311;600;-61,75;0,1984
2312;600;-120,30;0,1982
2313;600;-128,90;0,1981
2314;600;-97,75;0,1980
2315;600;-93,15;0,1978
2316;552;91,74;0,1977
2317;600;-89,15;0,1976
2318;330;-243,14;0,1974
2319;600;-103,60;0,1973
2320;420;-277,79;0,1971
2321;600;-90,70;0,1970
2322;34;-206,03;0,1969
2323;121;174,65;0,1967
2324;470;-272,54;0,1966
2325;376;-288,10;0,1964
2326;392;-274,01;0,1963
2327;300;157,96;0,1962
2328;600;-86,35;0,1960
2329;575;115,51;0,1959
2330;81;209,30;0,1958
2331;600;-85,15;0,1956
2332;504;154,32;0,1955
2333;543;-278,22;0,1953
2334;600;-112,40;0,1952
2335;456;170,30;0,1951
2336;600;-45,50;0,1949
2337;600;-66,55;0,1948
2338;403;-221,52;0,1947
2339;600;-48,90;0,1945
2340;135;-206,74;0,1944
2341;600;-63,70;0,1943
2342;600;-11,05;0,1941
2343;500;-246,79;0,1940
2344;600;-100,75;0,1939
2345;483;-239,72;0,1937
2346;600;-103,15;0,1936
2347;2;-200,06;0,1934
2348;600;-102,25;0,1933
2349;600;-91,65;0,1932
2350;600;-76,30;0,1930
2351;600;-67,25;0,1929
2352;600;-84,80;0,1928
2353;42;-194,31;0,1926
2354;465;-248,44;0,1925
2355;362;-236,91;0,1924
2356;520;100,91;0,1922
2357;600;-98,35;0,1921
2358;279;116,27;0,1920
2359;4;-202,43;0,1918
2360;600;-12,30;0,1917
2361;78;209,33;0,1916
2362;192;-235,16;0,1914
2363;600;-113,60;0,1913
2364;68;193,58;0,1912
2365;121;-190,10;0,1910
2366;367;143,29;0,1909
2367;600;-67,65;0,1908
2368;455;202,96;0,1906
2369;76;-172,25;0,1905
2370;245;201,61;0,1904
2371;159;-163,68;0,1902
2372;560;-252,69;0,1901
2373;131;219,10;0,1900
2374;290;-200,64;0,1898
2375;338;230,93;0,1897
2376;465;-267,59;0,1896
2377;429;-234,43;0,1894
2378;600;-68,45;0,1893
2379;284;213,07;0,1892
2380;308;-214,12;0,1890
2381;192;-214,26;0,1889
2382;600;-79,00;0,1888
2383;600;-96,85;0,1886
2384;159;-222,93;0,1885
2385;507;206,09;0,1884
2386;159;208,02;0,1882
2387;600;-34,35;0,1881
2388;600;-68,20;0,1880
2389;404;159,22;0,1878
2390;600;-106,50;0,1877
2391;558;-303,22;0,1876
2392;110;195,36;0,1874
2393;296;-224,55;0,1873
2394;600;-94,05;0,1872
2395;2;-200,06;0,1870
2396;312;-234,01;0,1869
2397;250;-219,99;0,1868
2398;262;151,24;0,1867
2399;600;-105,35;0,1865
2400;23;-204,02;0,1864
2401;600;-76,25;0,1863
2402;600;-113,90;0,1861
2403;600;-112,40;0,1860
2404;83;217,18;0,1859
2405;355;185,76;0,1857
2406;600;-99,45;0,1856
2407;78;-214,07;0,1855
2408;600;-63,80;0,1854
2409;600;-80,35;0,1852
2410;428;163,38;0,1851
2411;600;-86,75;0,1850
2412;600;-102,25;0,1848
2413;469;148,12;0,1847
2414;600;-70,15;0,1846
2415;33;-204,62;0,1844
2416;566;-264,20;0,1843
2417;400;-211,19;0,1842
2418;420;176,61;0,1841
2419;600;-96,95;0,1839
2420;260;-197,89;0,1838
2421;507;173,29;0,1837
2422;456;-248,80;0,1835
2423;269;-225,88;0,1834
2424;600;-58,35;0,1833
2425;600;-69,35;0,1832
2426;326;192,35;0,1830
2427;364;214,82;0,1829
2428;600;-70,80;0,1828
2429;434;-238,53;0,1826
2430;274;179,62;0,1825
2431;404;159,02;0,1824
2432;54;222,52;0,1823
2433;267;-206,56;0,1821
2434;384;-261,13;0,1820
2435;600;-18,85;0,1819
2436;600;-51,40;0,1818
2437;600;-85,00;0,1816
2438;600;-133,90;0,1815
2439;600;-79,20;0,1814
2440;426;204,60;0,1812
2441;600;-70,15;0,1811
2442;591;-264,20;0,1810
2443;293;164,88;0,1809
2444;273;-227,82;0,1807
2445;526;145,50;0,1806
2446;167;182,09;0,1805
2447;395;155,76;0,1804
2448;335;182,01;0,1802
2449;108;-204,07;0,1801
2450;557;-267,26;0,1800
2451;600;-54,35;0,1799
2452;406;150,35;0,1797
2453;484;179,62;0,1796
2454;438;217,63;0,1795
2455;600;-72,15;0,1794
2456;600;-71,35;0,1792
2457;600;-49,30;0,1791
2458;600;-43,60;0,1790
2459;600;-91,00;0,1789
2460;167;264,09;0,1787
2461;410;-223,49;0,1786
2462;600;-17,25;0,1785
2463;236;195,00;0,1784
2464;105;221,21;0,1782
2465;299;-187,53;0,1781
2466;600;-10,95;0,1780
2467;551;224,30;0,1779
2468;103;-210,57;0,1777
2469;414;-252,03;0,1776
2470;50;187,81;0,1775
2471;239;-224,08;0,1774
2472;18;-204,17;0,1772
2473;305;190,81;0,1771
2474;547;-241,76;0,1770
2475;370;-223,49;0,1769
2476;6;-202,55;0,1767
2477;600;-82,90;0,1766
2478;67;251,09;0,1765
2479;600;-25,80;0,1764
2480;175;-228,14;0,1762
2481;600;-40,75;0,1761
2482;464;145,07;0,1760
2483;519;-254,33;0,1759
2484;329;169,57;0,1757
2485;471;177,90;0,1756
2486;150;-220,59;0,1755
2487;63;229,53;0,1754
2488;209;-227,88;0,1753
2489;600;-69,00;0,1751
2490;2;-200,06;0,1750
2491;425;157,71;0,1749
2492;209;-222,08;0,1748
2493;80;192,01;0,1746
2494;401;-267,10;0,1745
2495;154;-195,78;0,1744
2496;600;-114,90;0,1743
2497;334;-256,03;0,1742
2498;600;-98,05;0,1740
2499;600;-88,00;0,1739
2500;370;124,71;0,1738
2501;600;-85,95;0,1737
2502;313;189,18;0,1735
2503;264;167,92;0,1734
2504;365;-271,24;0,1733
2505;131;-210,20;0,1732
2506;160;-216,94;0,1731
2507;339;-249,48;0,1729
2508;600;-134,65;0,1728
2509;4;-202,43;0,1727
2510;600;-103,55;0,1726
2511;119;-196,23;0,1725
2512;217;188,24;0,1723
2513;315;-251,44;0,1722
2514;200;-252,39;0,1721
2515;248;-207,27;0,1720
2516;120;209,56;0,1719
2517;231;183,40;0,1717
2518;342;-291,61;0,1716
2519;115;212,41;0,1715
2520;599;-257,23;0,1714
2521;431;-263,15;0,1713
2522;453;-247,32;0,1711
2523;261;-210,75;0,1710
2524;245;-226,69;0,1709
2525;600;-133,10;0,1708
2526;346;-197,70;0,1707
2527;297;-219,06;0,1705
2528;90;-168,39;0,1704
2529;423;-242,07;0,1703
2530;253;-205,42;0,1702
2531;166;-216,10;0,1701
2532;179;-216,03;0,1699
2533;420;94,36;0,1698
2534;263;193,43;0,1697
2535;600;-98,15;0,1696
2536;600;-187,90;0,1695
2537;600;-126,90;0,1693
2538;195;193,41;0,1692
2539;197;-207,16;0,1691
2540;139;-222,88;0,1690
2541;218;181,18;0,1689
2542;176;-254,50;0,1688
2543;334;-250,43;0,1686
2544;204;-210,23;0,1685
2545;100;204,46;0,1684
2546;92;229,84;0,1683
2547;397;91,69;0,1682
2548;4;-202,43;0,1680
2549;366;78,40;0,1679
2550;600;-206,80;0,1678
2551;600;-162,65;0,1677
2552;600;-189,20;0,1676
2553;600;-376,60;0,1675
2554;213;154,18;0,1673
2555;541;26,50;0,1672
2556;296;101,85;0,1671
2557;195;207,16;0,1670
2558;600;-74,75;0,1669
2559;600;-72,80;0,1668
2560;600;-79,60;0,1666
2561;461;-295,40;0,1665
2562;600;-86,40;0,1664
2563;289;163,27;0,1663
2564;297;-324,66;0,1662
2565;600;-208,35;0,1661
2566;600;-191,25;0,1659
2567;186;-235,30;0,1658
2568;600;-155,65;0,1657
2569;600;-115,00;0,1656
2570;600;-72,55;0,1655
2571;139;-210,18;0,1654
2572;188;-210,67;0,1652
2573;600;-75,25;0,1651
2574;14;-203,93;0,1650
2575;600;-72,15;0,1649
2576;205;-291,34;0,1648
2577;48;-169,67;0,1647
2578;204;-205,78;0,1646
2579;310;163,16;0,1644
2580;469;170,97;0,1643
2581;4;-202,43;0,1642
2582;10;-202,79;0,1641
2583;2;199,94;0,1640
2584;600;-60,20;0,1639
2585;600;-62,30;0,1637
2586;600;-118,00;0,1636
2587;217;-226,66;0,1635
2588;94;-200,03;0,1634
2589;216;189,55;0,1633
2590;107;-209,96;0,1632
2591;600;-218,05;0,1631
2592;2;-200,06;0,1629
2593;432;145,24;0,1628
2594;600;-120,75;0,1627
2595;541;111,00;0,1626
2596;163;188,13;0,1625
2597;297;149,59;0,1624
2598;600;-175,90;0,1623
2599;600;-164,05;0,1622
2600;184;-216,73;0,1620
2601;114;229,62;0,1619
2602;314;-235,18;0,1618
2603;99;209,52;0,1617
2604;167;205,84;0,1616
2605;484;-260,73;0,1615
2606;600;-105,70;0,1614
2607;170;195,06;0,1612
2608;231;197,60;0,1611
2609;600;-85,10;0,1610
2610;424;-210,13;0,1609
2611;122;-200,41;0,1608
2612;600;-84,70;0,1607
2613;223;-203,32;0,1606
2614;531;-276,00;0,1605
2615;132;-213,31;0,1603
2616;600;-15,65;0,1602
2617;98;-208,82;0,1601
2618;161;-219,35;0,1600
2619;160;224,61;0,1599
2620;220;136,46;0,1598
2621;362;187,64;0,1597
2622;88;-184,57;0,1596
2623;600;-63,60;0,1594
2624;330;200,96;0,1593
2625;471;143,65;0,1592
2626;486;-230,85;0,1591
2627;553;154,68;0,1590
2628;393;197,08;0,1589
2629;203;-233,47;0,1588
2630;414;115,52;0,1587
2631;315;-257,99;0,1586
2632;149;179,77;0,1584
2633;485;-279,14;0,1583
2634;377;-269,61;0,1582
2635;497;126,39;0,1581
2636;288;-190,67;0,1580
2637;123;-198,12;0,1579
2638;319;161,82;0,1578
2639;197;-214,31;0,1577
2640;297;-222,36;0,1576
2641;155;-213,34;0,1575
2642;600;-106,35;0,1573
2643;600;-104,40;0,1572
2644;496;-246,35;0,1571
2645;130;193,56;0,1570
2646;328;-240,42;0,1569
2647;600;-97,70;0,1568
2648;457;171,89;0,1567
2649;175;-224,14;0,1566
2650;600;-71,70;0,1565
2651;479;-208,98;0,1564
2652;488;-251,27;0,1562
2653;263;214,63;0,1561
2654;600;-76,00;0,1560
2655;221;-201,80;0,1559
2656;100;232,41;0,1558
2657;156;219,25;0,1557
2658;253;191,48;0,1556
2659;258;-194,17;0,1555
2660;54;223,77;0,1554
2661;293;-223,17;0,1553
2662;169;-187,28;0,1552
2663;209;-180,18;0,1550
2664;40;-199,04;0,1549
2665;127;-165,71;0,1548
2666;496;-183,10;0,1547
2667;114;222,92;0,1546
2668;377;-261,71;0,1545
2669;291;238,75;0,1544
2670;390;202,61;0,1543
2671;126;259,35;0,1542
2672;177;-178,81;0,1541
2673;363;188,93;0,1540
2674;159;211,42;0,1539
2675;155;-209,99;0,1537
2676;184;-196,68;0,1536
2677;6;-202,55;0,1535
2678;196;199,95;0,1534
2679;138;251,38;0,1533
2680;409;-221,43;0,1532
2681;289;-214,68;0,1531
2682;600;-48,50;0,1530
2683;5;-202,94;0,1529
2684;2;199,94;0,1528
2685;110;201,06;0,1527
2686;295;221,76;0,1526
2687;187;231,64;0,1525
2688;600;-59,20;0,1524
2689;600;-95,45;0,1522
2690;513;151,08;0,1521
2691;600;-65,35;0,1520
2692;459;191,37;0,1519
2693;600;-105,05;0,1518
2694;169;224,17;0,1517
2695;444;145,12;0,1516
2696;320;-232,79;0,1515
2697;122;-204,51;0,1514
2698;217;-187,26;0,1513
2699;400;-230,24;0,1512
2700;452;-242,71;0,1511
2701;600;-75,35;0,1510
2702;600;-128,50;0,1509
2703;176;-215,25;0,1508
2704;111;-201,25;0,1507
2705;246;170,25;0,1506
2706;71;-200,45;0,1504
2707;241;-168,75;0,1503
2708;205;-230,49;0,1502
2709;384;-249,48;0,1501
2710;89;-212,73;0,1500
2711;401;-251,05;0,1499
2712;600;-44,55;0,1498
2713;600;-61,40;0,1497
2714;564;-273,18;0,1496
2715;215;-236,14;0,1495
2716;8;-202,67;0,1494
2717;600;-114,90;0,1493
2718;178;-212,72;0,1492
2719;600;-128,05;0,1491
2720;600;-171,00;0,1490
2721;600;-148,70;0,1489
2722;167;-222,11;0,1488
2723;600;-101,75;0,1487
2724;275;-214,79;0,1486
2725;544;-284,93;0,1485
2726;199;-213,23;0,1484
2727;362;166,54;0,1482
2728;327;187,69;0,1481
2729;281;202,65;0,1480
2730;126;-224,45;0,1479
2731;304;-255,68;0,1478
2732;215;-227,79;0,1477
2733;294;-263,33;0,1476
2734;600;-164,35;0,1475
2735;434;-277,93;0,1474
2736;600;-131,70;0,1473
2737;600;-175,50;0,1472
2738;7;-203,06;0,1471
2739;339;-256,03;0,1470
2740;324;-247,03;0,1469
2741;256;190,85;0,1468
2742;403;-249,07;0,1467
2743;600;-19,65;0,1466
2744;462;152,04;0,1465
2745;2;-200,51;0,1464
2746;438;-248,77;0,1463
2747;114;-212,03;0,1462
2748;209;-228,38;0,1461
2749;600;-107,10;0,1460
2750;600;-111,80;0,1459
2751;211;-240,95;0,1458
2752;600;-75,95;0,1457
2753;600;-73,95;0,1456
2754;38;-210,27;0,1455
2755;600;-100,35;0,1454
2756;600;-87,40;0,1453
2757;420;-225,99;0,1452
2758;600;-68,60;0,1451
2759;600;-36,35;0,1450
2760;600;-78,85;0,1449
2761;600;-42,65;0,1448
2762;600;-49,00;0,1447
2763;600;-61,50;0,1446
2764;600;-56,90;0,1445
2765;600;-75,35;0,1444
2766;272;-230,81;0,1443
2767;600;-70,60;0,1442
2768;600;-88,85;0,1441
2769;573;-275,32;0,1440
2770;509;-271,13;0,1439
2771;600;-87,75;0,1438
2772;159;-210,33;0,1437
2773;600;-98,55;0,1436
2774;402;-255,11;0,1434
2775;600;-113,30;0,1433
2776;600;-87,15;0,1432
2777;600;-106,45;0,1431
2778;600;-76,55;0,1430
2779;359;-253,08;0,1429
2780;600;-71,80;0,1428
2781;600;-82,05;0,1427
2782;600;-62,45;0,1426
2783;600;-92,75;0,1425
2784;600;-100,75;0,1424
2785;15;-205,44;0,1423
2786;383;-241,57;0,1422
2787;600;-61,65;0,1421
2788;174;-223,53;0,1421
2789;243;-226,42;0,1420
2790;225;-227,74;0,1419
2791;600;-136,30;0,1418
2792;537;-302,61;0,1417
2793;485;-267,39;0,1416
2794;600;-170,00;0,1415
2795;600;-75,45;0,1414
2796;600;-88,50;0,1413
2797;600;-80,90;0,1412
2798;298;-200,22;0,1411
2799;112;-192,26;0,1410
2800;397;-274,76;0,1409
2801;185;-207,29;0,1408
2802;600;-71,45;0,1407
2803;600;-118,15;0,1406
2804;600;-90,80;0,1405
2805;557;-261,11;0,1404
2806;600;-117,80;0,1403
2807;367;-264,06;0,1402
2808;11;-203,30;0,1401
2809;600;-129,15;0,1400
2810;600;-95,20;0,1399
2811;600;-94,80;0,1398
2812;600;-74,70;0,1397
2813;275;-243,19;0,1396
2814;600;-86,20;0,1395
2815;592;-274,26;0,1394
2816;600;-148,10;0,1393
2817;600;-94,10;0,1392
2818;600;-172,35;0,1391
2819;600;-136,85;0,1390
2820;600;-67,40;0,1389
2821;600;-69,30;0,1388
2822;508;-281,07;0,1387
2823;106;-211,65;0,1386
2824;600;-110,40;0,1385
2825;417;-242,86;0,1384
2826;141;-213,25;0,1383
2827;370;-256,79;0,1382
2828;375;-214,94;0,1381
2829;600;-75,20;0,1380
2830;266;-213,50;0,1379
2831;600;-70,80;0,1378
2832;334;-238,23;0,1377
2833;600;-69,10;0,1376
2834;237;-228,26;0,1375
2835;600;-46,45;0,1375
2836;600;-50,50;0,1374
2837;600;-59,30;0,1373
2838;600;-59,40;0,1372
2839;600;-73,20;0,1371
2840;600;-68,05;0,1370
2841;244;-230,03;0,1369
2842;600;-70,40;0,1368
2843;600;-84,35;0,1367
2844;2;-200,06;0,1366
2845;600;-90,80;0,1365
2846;600;-58,15;0,1364
2847;600;-86,45;0,1363
2848;600;-65,30;0,1362
2849;600;-75,80;0,1361
2850;505;-267,59;0,1360
2851;600;-72,85;0,1359
2852;600;-54,80;0,1358
2853;395;-236,44;0,1357
2854;515;-232,54;0,1356
2855;484;-241,18;0,1355
2856;189;202,32;0,1354
2857;600;-67,20;0,1353
2858;600;-49,90;0,1353
2859;21;-203,90;0,1352
2860;600;-81,10;0,1351
2861;375;-236,59;0,1350
2862;600;-84,30;0,1349
2863;600;-61,85;0,1348
2864;374;-241,38;0,1347
2865;4;-202,43;0,1346
2866;31;-204,50;0,1345
2867;114;-201,13;0,1344
2868;291;-195,15;0,1343
2869;59;-203,48;0,1342
2870;600;-66,30;0,1341
2871;111;-193,70;0,1340
2872;278;-215,47;0,1339
2873;127;-221,96;0,1338
2874;172;-219,16;0,1337
2875;288;-208,17;0,1337
2876;600;-80,10;0,1336
2877;118;-216,52;0,1335
2878;233;-214,22;0,1334
2879;572;-301,51;0,1333
2880;88;-203,52;0,1332
2881;306;-230,75;0,1331
2882;229;-218,28;0,1330
2883;359;-282,23;0,1329
2884;184;-188,98;0,1328
2885;600;-101,25;0,1327
2886;289;-236,48;0,1326
2887;451;-274,75;0,1325
2888;127;-236,16;0,1324
2889;18;-203,27;0,1324
2890;600;-205,95;0,1323
2891;600;-93,65;0,1322
2892;131;-203,90;0,1321
2893;133;-205,07;0,1320
2894;306;154,10;0,1319
2895;220;89,31;0,1318
2896;600;-323,80;0,1317
2897;56;-226,35;0,1316
2898;4;-202,43;0,1315
2899;233;-232,67;0,1314
2900;224;-196,38;0,1313
2901;58;215,78;0,1312
2902;587;104,59;0,1312
2903;589;-323,88;0,1311
2904;248;-250,92;0,1310
2905;359;-246,63;0,1309
2906;379;-215,48;0,1308
2907;282;-220,66;0,1307
2908;600;-48,95;0,1306
2909;93;-214,92;0,1305
2910;109;-214,18;0,1304
2911;82;-208,11;0,1303
2912;465;159,61;0,1302
2913;241;-224,70;0,1301
2914;161;-204,85;0,1301
2915;115;-210,39;0,1300
2916;336;-231,60;0,1299
2917;600;-192,05;0,1298
2918;495;-287,24;0,1297
2919;133;-208,67;0,1296
2920;110;-238,24;0,1295
2921;266;172,00;0,1294
2922;172;-217,86;0,1293
2923;418;-236,42;0,1292
2924;28;237,48;0,1291
2925;223;177,63;0,1291
2926;335;-239,44;0,1290
2927;600;-148,35;0,1289
2928;194;-222,33;0,1288
2929;367;-259,11;0,1287
2930;600;-111,25;0,1286
2931;4;-202,43;0,1285
2932;600;-72,20;0,1284
2933;388;-226,72;0,1283
2934;118;216,58;0,1282
2935;382;-291,06;0,1282
2936;135;-215,19;0,1281
2937;600;-121,45;0,1280
2938;8;-202,67;0,1279
2939;30;-205,79;0,1278
2940;600;-105,45;0,1277
2941;51;-214,70;0,1276
2942;4;-202,43;0,1275
2943;406;-341,40;0,1274
2944;264;174,17;0,1274
2945;139;184,42;0,1273
2946;383;178,13;0,1272
2947;88;-213,77;0,1271
2948;368;141,83;0,1270
2949;36;-190,35;0,1269
2950;254;-204,23;0,1268
2951;291;-314,70;0,1267
2952;209;-230,28;0,1266
2953;358;-316,32;0,1266
2954;123;165,93;0,1265
2955;4;-202,43;0,1264
2956;107;-231,06;0,1263
2957;600;-183,45;0,1262
2958;250;-251,84;0,1261
2959;450;-330,29;0,1260
2960;600;-102,25;0,1259
2961;600;-206,90;0,1258
2962;600;-165,95;0,1258
2963;600;-152,80;0,1257
2964;86;208,05;0,1256
2965;341;-331,90;0,1255
2966;600;-152,05;0,1254
2967;600;-201,25;0,1253
2968;600;-199,70;0,1252
2969;264;-237,53;0,1251
2970;600;-42,85;0,1251
2971;214;-223,13;0,1250
2972;442;-219,61;0,1249
2973;600;-90,45;0,1248
2974;600;-99,25;0,1247
2975;600;-100,25;0,1246
2976;593;-294,92;0,1245
2977;346;179,05;0,1244
2978;386;-240,40;0,1244
2979;292;211,09;0,1243
2980;431;113,50;0,1242
2981;433;-232,67;0,1241
2982;399;-265,78;0,1240
2983;426;-249,70;0,1239
2984;165;-233,84;0,1238
2985;497;-264,46;0,1237
2986;600;-90,45;0,1237
2987;346;-235,85;0,1236
2988;189;-234,38;0,1235
2989;452;-255,41;0,1234
2990;93;-217,32;0,1233
2991;600;-107,65;0,1232
2992;54;-196,23;0,1231
2993;427;-259,91;0,1231
2994;287;-240,96;0,1230
2995;600;-124,40;0,1229
2996;4;-202,43;0,1228
2997;600;-108,75;0,1227
2998;456;-240,55;0,1226
2999;600;-95,80;0,1225
3000;600;-96,90;0,1225
3001;600;-83,50;0,1224
3002;163;-220,82;0,1223
3003;30;-204,89;0,1222
3004;600;-75,25;0,1221
3005;288;-235,22;0,1220
3006;600;-86,60;0,1219
3007;425;158,26;0,1219
3008;600;-50,05;0,1218
3009;600;-65,70;0,1217
3010;584;-296,53;0,1216
3011;518;-261,42;0,1215
3012;468;-248,82;0,1214
3013;600;-68,60;0,1213
3014;600;-37,50;0,1213
3015;600;-47,75;0,1212
3016;600;-71,25;0,1211
3017;443;-242,32;0,1210
3018;249;-229,68;0,1209
3019;600;-67,30;0,1208
3020;600;-71,00;0,1208
3021;600;-76,25;0,1207
3022;56;-215,45;0,1206
3023;157;-206,96;0,1205
3024;600;-48,65;0,1204
3025;401;-293,80;0,1203
3026;600;-89,45;0,1202
3027;245;-229,44;0,1202
3028;172;-209,91;0,1201
3029;600;-79,70;0,1200
3030;22;-198,76;0,1199
3031;4;-202,43;0,1198
3032;600;-62,15;0,1197
3033;574;135,02;0,1197
3034;600;-49,25;0,1196
3035;600;-73,60;0,1195
3036;600;-63,25;0,1194
3037;336;180,00;0,1193
3038;600;-63,20;0,1192
3039;360;-250,49;0,1192
3040;81;-201,60;0,1191
3041;600;-72,60;0,1190
3042;9;-203,18;0,1189
3043;600;-86,60;0,1188
3044;449;183,57;0,1187
3045;133;-216,37;0,1187
3046;600;-57,65;0,1186
3047;2;-200,06;0,1185
3048;217;-223,56;0,1184
3049;111;-195,50;0,1183
3050;499;-252,03;0,1182
3051;145;-216,19;0,1182
3052;182;-217,41;0,1181
3053;149;177,47;0,1180
3054;92;-203,96;0,1179
3055;99;-198,43;0,1178
3056;102;-187,71;0,1177
3057;338;-251,47;0,1177
3058;600;-233,65;0,1176
3059;526;-540,60;0,1175
3060;600;-243,50;0,1174
3061;91;-191,80;0,1173
3062;600;-40,25;0,1173
3063;465;-247,34;0,1172
3064;237;215,54;0,1171
3065;117;-204,01;0,1170
3066;26;-197,30;0,1169
3067;75;-202,84;0,1168
3068;164;-199,33;0,1168
3069;56;-206,25;0,1167
3070;125;-211,04;0,1166
3071;600;-75,45;0,1165
3072;49;-201,28;0,1164
3073;210;-198,49;0,1164
3074;113;-190,27;0,1163
3075;32;-183,41;0,1162
3076;60;-200,69;0,1161
3077;491;-239,60;0,1160
3078;51;-198,80;0,1159
3079;60;-206,09;0,1159
3080;170;-206,19;0,1158
3081;14;-203,03;0,1157
3082;194;213,92;0,1156
3083;21;-203,90;0,1155
3084;600;-238,50;0,1155
3085;600;-301,90;0,1154
3086;82;-196,71;0,1153
3087;361;-223,80;0,1152
3088;532;-258,76;0,1151
3089;600;-128,80;0,1151
3090;16;-203,15;0,1150
3091;52;-205,31;0,1149
3092;481;190,15;0,1148
3093;600;-34,80;0,1147
3094;215;-212,54;0,1147
3095;89;-202,28;0,1146
3096;571;-248,65;0,1145
3097;164;-217,18;0,1144
3098;600;-120,30;0,1143
3099;80;-223,09;0,1143
3100;583;-423,77;0,1142
3101;600;-230,75;0,1141
3102;2;-200,06;0,1140
3103;11;-205,20;0,1139
3104;600;-219,50;0,1139
3105;294;148,57;0,1138
3106;556;29,65;0,1137
3107;19;-208,88;0,1136
3108;600;-173,05;0,1135
3109;600;-138,15;0,1135
3110;200;-255,59;0,1134
3111;531;-321,35;0,1133
3112;64;-209,13;0,1132
3113;563;-239,92;0,1131
3114;197;-220,81;0,1131
3115;89;-203,78;0,1130
3116;183;-237,97;0,1129
3117;600;-199,65;0,1128
3118;600;-154,70;0,1127
3119;600;-197,75;0,1127
3120;600;-179,30;0,1126
3121;179;-257,88;0,1125
3122;600;-140,75;0,1124
3123;600;-148,15;0,1123
3124;600;-142,20;0,1123
3125;362;-256,21;0,1122
3126;600;-148,25;0,1121
3127;206;-237,10;0,1120
3128;74;-211,63;0,1120
3129;600;-183,30;0,1119
3130;258;-216,97;0,1118
3131;322;-239,81;0,1117
3132;418;-267,82;0,1116
3133;600;-124,45;0,1116
3134;476;-276,85;0,1115
3135;464;-302,38;0,1114
3136;548;-318,92;0,1113
3137;466;-324,60;0,1113
3138;445;-266,69;0,1112
3139;462;-275,16;0,1111
3140;381;-218,55;0,1110
3141;133;-208,77;0,1109
3142;324;-240,13;0,1109
3143;351;-214,75;0,1108
3144;195;-222,59;0,1107
3145;402;-240,21;0,1106
3146;4;-202,43;0,1106
3147;600;-71,50;0,1105
3148;422;-291,96;0,1104
3149;600;-92,90;0,1103
3150;353;-265,72;0,1102
3151;600;-99,20;0,1102
3152;600;-143,80;0,1101
3153;342;-278,96;0,1100
3154;600;-128,65;0,1099
3155;203;-200,77;0,1099
3156;274;-220,28;0,1098
3157;600;-143,35;0,1097
3158;2;-202,11;0,1096
3159;600;-182,50;0,1096
3160;451;-314,35;0,1095
3161;600;-225,70;0,1094
3162;31;-205,40;0,1093
3163;168;-237,57;0,1092
3164;600;-152,20;0,1092
3165;259;-258,43;0,1091
3166;600;-116,35;0,1090
3167;600;-137,15;0,1089
3168;203;-239,02;0,1089
3169;554;-300,18;0,1088
3170;9;-203,18;0,1087
3171;222;-226,66;0,1086
3172;237;-241,16;0,1086
3173;199;-227,98;0,1085
3174;208;-214,07;0,1084
3175;517;-353,66;0,1083
3176;600;-115,00;0,1083
3177;600;-120,50;0,1082
3178;600;-186,60;0,1081
3179;600;-160,85;0,1080
3180;333;-234,37;0,1080
3181;600;-171,85;0,1079
3182;243;-240,42;0,1078
3183;118;-207,42;0,1077
3184;600;-141,00;0,1076
3185;600;-88,75;0,1076
3186;392;57,14;0,1075
3187;595;-325,59;0,1074
3188;44;-206,63;0,1073
3189;375;-293,34;0,1073
3190;458;-326,17;0,1072
3191;600;-207,35;0,1071
3192;600;-259,50;0,1070
3193;15;-206,24;0,1070
3194;5;-202,94;0,1069
3195;364;-357,33;0,1068
3196;211;-251,80;0,1067
3197;600;-280,40;0,1067
3198;600;-201,25;0,1066
3199;552;-418,76;0,1065
3200;206;122,25;0,1065
3201;41;-231,00;0,1064
3202;404;-11,98;0,1063
3203;4;-202,43;0,1062
3204;4;-202,43;0,1062
3205;600;-300,65;0,1061
3206;497;-374,71;0,1060
3207;600;-196,75;0,1059
3208;325;-254,09;0,1059
3209;600;-229,55;0,1058
3210;356;-328,75;0,1057
3211;600;-405,50;0,1056
3212;154;-252,68;0,1056
3213;600;-266,35;0,1055
3214;175;-214,19;0,1054
3215;396;-351,90;0,1053
3216;600;-284,55;0,1053
3217;303;-263,02;0,1052
3218;600;-260,40;0,1051
3219;31;-210,80;0,1050
3220;176;-217,80;0,1050
3221;232;-272,36;0,1049
3222;216;178,55;0,1048
3223;600;-158,80;0,1047
3224;159;-246,23;0,1047
3225;73;-246,72;0,1046
3226;375;-37,59;0,1045
3227;600;-329,00;0,1045
3228;600;-245,10;0,1044
3229;249;-223,23;0,1043
3230;600;-193,05;0,1042
3231;272;-286,61;0,1042
3232;542;-356,41;0,1041
3233;4;-202,43;0,1040
3234;570;-309,89;0,1039
3235;331;-288,05;0,1039
3236;183;-226,12;0,1038
3237;77;-209,11;0,1037
3238;400;-327,39;0,1037
3239;274;-245,18;0,1036
3240;600;-126,35;0,1035
3241;309;185,32;0,1034
3242;126;-228,85;0,1034
3243;600;-97,70;0,1033
3244;600;-160,20;0,1032
3245;150;-270,64;0,1031
3246;258;-240,57;0,1031
3247;600;-89,85;0,1030
3248;421;-274,00;0,1029
3249;259;-240,98;0,1029
3250;584;-367,98;0,1028
3251;327;131,49;0,1027
3252;114;-213,63;0,1026
3253;536;-292,20;0,1026
3254;515;-283,49;0,1025
3255;170;-223,69;0,1024
3256;174;-219,98;0,1024
3257;107;-213,96;0,1023
3258;583;-324,47;0,1022
3259;457;-271,36;0,1021
3260;600;-110,65;0,1021
3261;421;-267,25;0,1020
3262;600;-109,10;0,1019
3263;600;-57,80;0,1019
3264;600;-89,40;0,1018
3265;600;-82,55;0,1017
3266;600;-73,15;0,1016
3267;600;-75,35;0,1016
3268;600;-78,30;0,1015
3269;577;-253,11;0,1014
3270;380;-260,09;0,1014
3271;600;-92,80;0,1013
3272;333;-228,72;0,1012
3273;600;-67,85;0,1011
3274;600;-42,40;0,1011
3275;600;-65,60;0,1010
3276;422;-236,71;0,1009
3277;410;-234,49;0,1009
3278;229;-220,18;0,1008
3279;600;-98,95;0,1007
3280;455;-357,19;0,1007
3281;112;-212,86;0,1006
3282;151;-275,95;0,1005
3283;600;-194,50;0,1004
3284;394;-230,23;0,1004
3285;390;-288,49;0,1003
3286;453;-288,42;0,1002
3287;600;-152,40;0,1002
3288;233;-260,67;0,1001
3289;284;176,02;0,1000
3290;600;-212,10;0,0999
3291;184;-217,73;0,0999
3292;491;-312,90;0,0998
3293;600;-115,85;0,0997
3294;375;-268,99;0,0997
3295;600;-108,95;0,0996
3296;241;-247,55;0,0995
3297;184;-233,98;0,0995
3298;600;-88,15;0,0994
3299;22;-203,51;0,0993
3300;4;-202,43;0,0993
3301;569;-302,18;0,0992
3302;600;-177,75;0,0991
3303;10;-203,69;0,0990
3304;600;-171,45;0,0990
3305;243;-251,57;0,0989
3306;77;-203,06;0,0988
3307;190;-233,79;0,0988
3308;357;155,54;0,0987
3309;600;-67,00;0,0986
3310;458;157,68;0,0986
3311;600;-86,80;0,0985
3312;57;-198,71;0,0984
3313;429;-264,78;0,0984
3314;311;-239,05;0,0983
3315;171;-222,00;0,0982
3316;600;-113,30;0,0981
3317;600;-78,30;0,0981
3318;226;-220,10;0,0980
3319;384;-235,18;0,0979
3320;232;-213,91;0,0979
3321;171;181,65;0,0978
3322;600;-126,70;0,0977
3323;447;-269,81;0,0977
3324;278;-255,82;0,0976
3325;512;-312,16;0,0975
3326;600;-138,60;0,0975
3327;4;-202,43;0,0974
3328;404;-260,33;0,0973
3329;35;-204,74;0,0973
3330;215;-226,54;0,0972
3331;80;-212,94;0,0971
3332;162;-223,26;0,0971
3333;219;-204,03;0,0970
3334;453;-262,92;0,0969
3335;600;-155,00;0,0968
3336;28;-216,57;0,0968
3337;165;-215,04;0,0967
3338;600;-128,55;0,0966
3339;405;-244,04;0,0966
3340;306;152,15;0,0965
3341;600;-127,50;0,0964
3342;600;-99,75;0,0964
3343;600;-143,80;0,0963
3344;600;-126,35;0,0962
3345;86;-212,70;0,0962
3346;169;-220,68;0,0961
3347;600;-117,60;0,0960
3348;600;-113,35;0,0960
3349;186;-219,80;0,0959
3350;285;-252,64;0,0958
3351;230;-224,29;0,0958
3352;330;-258,64;0,0957
3353;106;-237,80;0,0956
3354;269;-244,08;0,0956
3355;224;-209,18;0,0955
3356;168;-207,17;0,0954
3357;245;-214,84;0,0954
3358;27;-209,66;0,0953
3359;489;-244,43;0,0952
3360;600;-89,45;0,0952
3361;600;-49,80;0,0951
3362;546;-259,60;0,0950
3363;79;-208,28;0,0950
3364;48;-208,37;0,0949
3365;525;-233,99;0,0948
3366;169;-212,43;0,0948
3367;55;-208,74;0,0947
3368;355;-233,74;0,0946
3369;341;-233,40;0,0946
3370;432;160,14;0,0945
3371;41;-198,20;0,0944
3372;417;-315,61;0,0944
3373;167;-199,71;0,0943
3374;140;-218,39;0,0942
3375;143;-213,52;0,0942
3376;58;-196,62;0,0941
3377;232;-205,71;0,0940
3378;285;-240,99;0,0940
3379;221;-217,70;0,0939
3380;600;-219,20;0,0938
3381;600;-192,60;0,0938
3382;272;-259,06;0,0937
3383;10;-202,79;0,0936
3384;479;-328,03;0,0936
3385;600;-220,40;0,0935
3386;435;-412,49;0,0935
3387;194;-287,88;0,0934
3388;326;-311,60;0,0933
3389;232;-283,71;0,0933
3390;179;-247,73;0,0932
3391;222;-248,01;0,0931
3392;139;177,17;0,0931
3393;442;-420,01;0,0930
3394;273;-247,92;0,0929
3395;239;-261,73;0,0929
3396;600;-248,90;0,0928
3397;123;-219,42;0,0927
3398;4;-202,43;0,0927
3399;600;-260,70;0,0926
3400;319;-383,08;0,0925
3401;600;-185,60;0,0925
3402;304;-321,28;0,0924
3403;412;-306,41;0,0923
3404;600;-193,75;0,0923
3405;103;-235,82;0,0922
3406;590;41,66;0,0922
3407;600;-297,00;0,0921
3408;321;155,60;0,0920
3409;197;-223,96;0,0920
3410;110;-214,79;0,0919
3411;600;-120,00;0,0918
3412;600;-251,70;0,0918
3413;368;-347,67;0,0917
3414;15;-203,54;0,0916
3415;600;-92,30;0,0916
3416;242;-244,61;0,0915
3417;600;-143,25;0,0914
3418;600;-302,10;0,0914
3419;45;-228,74;0,0913
3420;600;-300,20;0,0913
3421;475;-419,44;0,0912
3422;208;-220,77;0,0911
3423;514;-311,88;0,0911
3424;600;-113,30;0,0910
3425;27;-205,16;0,0909
3426;61;-208,30;0,0909
3427;273;-223,47;0,0908
3428;600;-78,60;0,0907
3429;600;-208,25;0,0907
3430;279;-222,38;0,0906
3431;135;-208,69;0,0906
3432;268;-228,12;0,0905
3433;544;120,97;0,0904
3434;108;-201,67;0,0904
3435;183;-231,72;0,0903
3436;227;-239,36;0,0902
3437;600;-153,30;0,0902
3438;377;106,54;0,0901
3439;600;-308,25;0,0900
3440;600;-121,05;0,0900
3441;600;-118,65;0,0899
3442;600;-126,10;0,0899
3443;600;-134,95;0,0898
3444;110;-219,54;0,0897
3445;16;-205,85;0,0897
3446;13;-206,42;0,0896
3447;190;-229,54;0,0895
3448;4;-202,43;0,0895
3449;176;-213,20;0,0894
3450;168;-215,62;0,0894
3451;600;-97,10;0,0893
3452;127;-203,46;0,0892
3453;600;-81,05;0,0892
3454;442;-303,91;0,0891
3455;208;-216,02;0,0890
3456;315;-282,19;0,0890
3457;371;-286,40;0,0889
3458;500;-334,49;0,0889
3459;600;-151,65;0,0888
3460;555;-346,39;0,0887
3461;270;-216,89;0,0887
3462;600;-128,25;0,0886
3463;600;-123,70;0,0885
3464;600;-173,65;0,0885
3465;317;-257,51;0,0884
3466;219;-294,63;0,0884
3467;339;61,77;0,0883
3468;328;-322,57;0,0882
3469;467;-372,26;0,0882
3470;431;111,75;0,0881
3471;511;-312,10;0,0881
3472;231;-233,30;0,0880
3473;600;-146,55;0,0879
3474;600;-151,95;0,0879
3475;343;-292,42;0,0878
3476;83;-208,52;0,0877
3477;588;-288,22;0,0877
3478;222;-263,16;0,0876
3479;600;-193,20;0,0876
3480;64;-248,13;0,0875
3481;291;-260,75;0,0874
3482;4;-202,43;0,0874
3483;600;-157,60;0,0873
3484;166;-221,55;0,0873
3485;512;-326,96;0,0872
3486;524;119,32;0,0871
3487;600;-139,95;0,0871
3488;575;-292,64;0,0870
3489;600;-106,70;0,0869
3490;370;-273,44;0,0869
3491;600;-134,60;0,0868
3492;229;-230,53;0,0868
3493;218;-266,07;0,0867
3494;112;-216,91;0,0866
3495;518;-298,27;0,0866
3496;312;-247,21;0,0865
3497;210;-249,59;0,0865
3498;201;-245,15;0,0864
3499;600;-98,70;0,0863
3500;600;-98,50;0,0863
3501;600;-82,80;0,0862
3502;513;-238,52;0,0862
3503;600;-74,40;0,0861
3504;600;-88,50;0,0860
3505;600;-66,90;0,0860
3506;600;-76,95;0,0859
3507;600;-92,15;0,0859
3508;600;-63,80;0,0858
3509;600;-79,10;0,0857
3510;600;-62,75;0,0857
3511;600;-71,20;0,0856
3512;600;-108,05;0,0856
3513;489;-289,08;0,0855
3514;48;-205,97;0,0854
3515;600;-67,40;0,0854
3516;2;-200,06;0,0853
3517;554;164,47;0,0853
3518;600;-77,35;0,0852
3519;408;167,18;0,0851
3520;600;-67,05;0,0851
3521;196;-219,35;0,0850
3522;588;-267,62;0,0850
3523;600;-79,60;0,0849
3524;600;-65,05;0,0848
3525;600;-60,55;0,0848
3526;407;-237,66;0,0847
3527;600;-77,65;0,0847
3528;600;-45,25;0,0846
3529;576;-261,60;0,0845
3530;600;-66,15;0,0845
3531;501;-239,60;0,0844
3532;226;-219,40;0,0844
3533;589;-254,03;0,0843
3534;265;192,21;0,0843
3535;600;-76,90;0,0842
3536;600;-55,40;0,0841
3537;600;-61,20;0,0841
3538;600;-97,30;0,0840
3539;219;-218,38;0,0840
3540;86;-204,55;0,0839
3541;162;-215,41;0,0838
3542;343;-218,12;0,0838
3543;223;-222,87;0,0837
3544;396;-240,10;0,0837
3545;234;-227,23;0,0836
3546;33;-205,52;0,0835
3547;600;-85,40;0,0835
3548;600;-89,90;0,0834
3549;600;-61,15;0,0834
3550;600;-65,35;0,0833
3551;600;-97,55;0,0833
3552;59;-206,18;0,0832
3553;130;-205,24;0,0831
3554;600;-273,59;0,0831
3555;600;-67,85;0,0830
3556;600;-171,10;0,0830
3557;341;-252,60;0,0829
3558;600;-139,20;0,0828
3559;364;-256,33;0,0828
3560;600;-71,55;0,0827
3561;600;-47,55;0,0827
3562;600;-68,55;0,0826
3563;600;-68,80;0,0826
3564;600;-74,55;0,0825
3565;391;-237,50;0,0824
3566;600;-55,80;0,0824
3567;600;-51,90;0,0823
3568;14;-203,03;0,0823
3569;36;-204,35;0,0822
3570;50;-206,09;0,0822
3571;128;-200,37;0,0821
3572;13;-202,97;0,0820
3573;87;-208,86;0,0820
3574;66;-205,80;0,0819
3575;111;-212,10;0,0819
3576;178;-209,92;0,0818
3577;92;-201,56;0,0818
3578;41;-198,65;0,0817
3579;206;-221,20;0,0816
3580;88;-209,97;0,0816
3581;44;-207,53;0,0815
3582;480;-244,59;0,0815
3583;97;-207,96;0,0814
3584;54;-198,53;0,0814
3585;215;-213,39;0,0813
3586;600;-54,65;0,0812
3587;600;-46,20;0,0812
3588;600;-40,95;0,0811
3589;256;-222,35;0,0811
3590;4;-202,43;0,0810
3591;600;-162,85;0,0810
3592;600;-103,05;0,0809
3593;600;-169,25;0,0808
3594;600;-148,85;0,0808
3595;600;-137,65;0,0807
3596;499;-298,13;0,0807
3597;434;-297,68;0,0806
3598;600;-71,05;0,0806
3599;408;-224,12;0,0805
3600;105;-216,74;0,0804
3601;600;-51,95;0,0804
3602;600;-64,40;0,0803
3603;384;-208,18;0,0803
3604;542;-246,11;0,0802
3605;600;-55,70;0,0802
3606;600;-71,35;0,0801
3607;600;-51,00;0,0801
3608;600;-63,00;0,0800
3609;600;-47,95;0,0799
3610;600;-64,80;0,0799
3611;183;-195,72;0,0798
3612;600;-61,55;0,0798
3613;600;-75,80;0,0797
3614;600;-65,70;0,0797
3615;600;-74,50;0,0796
3616;600;-71,05;0,0795
3617;600;-56,00;0,0795
3618;279;-222,53;0,0794
3619;600;-65,75;0,0794
3620;555;-231,94;0,0793
3621;600;-33,95;0,0793
3622;600;-57,55;0,0792
3623;60;-207,59;0,0792
3624;600;-65,55;0,0791
3625;498;-246,42;0,0790
3626;89;-211,98;0,0790
3627;28;-204,77;0,0789
3628;336;-219,60;0,0789
3629;600;-49,00;0,0788
3630;414;-248,63;0,0788
3631;600;-52,40;0,0787
3632;557;-255,11;0,0787
3633;600;-106,65;0,0786
3634;600;-94,90;0,0786
3635;442;-352,46;0,0785
3636;539;-273,38;0,0784
3637;174;-214,68;0,0784
3638;600;-84,70;0,0783
3639;285;-325,69;0,0783
3640;271;-217,05;0,0782
3641;600;-94,30;0,0782
3642;117;-218,61;0,0781
3643;441;-298,45;0,0781
3644;600;-113,85;0,0780
3645;600;-48,85;0,0780
3646;491;-277,05;0,0779
3647;600;-60,15;0,0778
3648;600;-58,85;0,0778
3649;336;-231,90;0,0777
3650;600;-72,50;0,0777
3651;299;-250,83;0,0776
3652;600;-100,65;0,0776
3653;600;-108,85;0,0775
3654;485;-254,99;0,0775
3655;233;-231,77;0,0774
3656;305;-266,49;0,0774
3657;600;-99,70;0,0773
3658;189;-236,48;0,0772
3659;600;-73,05;0,0772
3660;600;-75,10;0,0771
3661;194;-231,63;0,0771
3662;321;-237,00;0,0770
3663;600;-89,75;0,0770
3664;600;-81,35;0,0769
3665;600;-90,70;0,0769
3666;17;-203,66;0,0768
3667;600;-54,05;0,0768
3668;600;-82,65;0,0767
3669;600;-78,40;0,0767
3670;111;-212,00;0,0766
3671;22;-203,51;0,0765
3672;575;-246,99;0,0765
3673;305;-231,94;0,0764
3674;484;-251,08;0,0764
3675;12;-202,91;0,0763
3676;600;-64,55;0,0763
3677;489;-257,53;0,0762
3678;600;-67,00;0,0762
3679;600;-62,05;0,0761
3680;405;-255,44;0,0761
3681;161;-219,80;0,0760
3682;60;-207,59;0,0760
3683;517;-256,86;0,0759
3684;232;-225,11;0,0759
3685;600;-58,25;0,0758
3686;273;-228,32;0,0757
3687;222;-207,21;0,0757
3688;353;-233,47;0,0756
3689;360;-236,84;0,0756
3690;104;-234,03;0,0755
3691;540;-249,24;0,0755
3692;294;-227,18;0,0754
3693;227;198,14;0,0754
3694;361;-217,60;0,0753
3695;600;-95,85;0,0753
3696;156;-226,75;0,0752
3697;306;-250,70;0,0752
3698;28;-202,27;0,0751
3699;252;-221,66;0,0751
3700;279;-228,83;0,0750
3701;600;-113,85;0,0750
3702;328;-226,27;0,0749
3703;280;-215,89;0,0748
3704;198;-199,22;0,0748
3705;282;-223,01;0,0747
3706;267;209,39;0,0747
3707;247;-225,66;0,0746
3708;234;-243,03;0,0746
3709;78;-219,57;0,0745
3710;453;-263,02;0,0745
3711;291;-225,60;0,0744
3712;446;-238,95;0,0744
3713;600;-34,95;0,0743
3714;193;-217,57;0,0743
3715;133;-198,87;0,0742
3716;234;-233,48;0,0742
3717;165;-231,74;0,0741
3718;596;-254,20;0,0741
3719;562;130,64;0,0740
3720;152;-188,31;0,0740
3721;82;-178,86;0,0739
3722;180;-262,99;0,0739
3723;189;-205,73;0,0738
3724;242;159,74;0,0738
3725;486;-248,60;0,0737
3726;242;-217,46;0,0737
3727;73;-186,32;0,0736
3728;24;-197,18;0,0735
3729;66;-225,15;0,0735
3730;178;-215,77;0,0734
3731;45;-185,99;0,0734
3732;117;-217,66;0,0733
3733;40;-202,79;0,0733
3734;33;-192,87;0,0732
3735;286;-223,45;0,0732
3736;54;-202,13;0,0731
3737;94;-212,58;0,0731
3738;39;-198,53;0,0730
3739;600;-31,20;0,0730
3740;530;-253,19;0,0729
3741;600;-46,75;0,0729
3742;577;-295,41;0,0728
3743;184;-205,08;0,0728
3744;529;-271,43;0,0727
3745;600;-93,90;0,0727
3746;335;-243,79;0,0726
3747;600;-119,30;0,0726
3748;600;-103,90;0,0725
3749;600;-131,25;0,0725
3750;177;-204,01;0,0724
3751;600;-94,85;0,0724
3752;600;-75,95;0,0723
3753;600;-82,05;0,0723
3754;20;-206,09;0,0722
3755;2;199,49;0,0722
3756;516;-254,00;0,0721
3757;412;-260,41;0,0721
3758;301;-235,05;0,0720
3759;218;-219,82;0,0720
3760;385;-279,79;0,0719
3761;600;-110,90;0,0719
3762;269;-247,43;0,0718
3763;69;-214,18;0,0718
3764;600;-67,10;0,0717
3765;12;-202,91;0,0717
3766;4;-202,43;0,0716
3767;228;-246,67;0,0716
3768;485;-240,09;0,0715
3769;520;-321,64;0,0715
3770;108;-215,17;0,0714
3771;25;-208,04;0,0714
3772;479;-283,23;0,0713
3773;415;-273,59;0,0713
3774;264;-237,88;0,0712
3775;66;138,60;0,0712
3776;56;-206,45;0,0711
3777;452;-293,31;0,0711
3778;88;-208,12;0,0710
3779;157;-184,46;0,0710
3780;98;-208,27;0,0709
3781;81;-210,10;0,0709
3782;10;-202,79;0,0708
3783;600;-84,90;0,0708
3784;330;-307,89;0,0707
3785;79;-198,98;0,0707
3786;492;-237,26;0,0706
3787;271;-250,80;0,0706
3788;362;-374,21;0,0705
3789;484;-333,43;0,0705
3790;177;-212,86;0,0704
3791;54;-214,58;0,0704
3792;91;-224,10;0,0703
3793;261;-255,15;0,0703
3794;302;-278,66;0,0702
3795;398;-284,67;0,0702
3796;563;-334,67;0,0701
3797;4;-202,43;0,0701
3798;81;191,95;0,0700
3799;37;-205,16;0,0700
3800;568;-271,07;0,0699
3801;392;-273,71;0,0699
3802;16;-203,15;0,0698
3803;128;-231,27;0,0698
3804;228;-210,87;0,0697
3805;31;-189,45;0,0697
3806;20;-192,09;0,0696
3807;211;-280,90;0,0696
3808;60;-181,64;0,0695
3809;42;-197,91;0,0695
3810;600;-198,35;0,0694
3811;168;-227,97;0,0694
3812;417;117,29;0,0693
3813;600;-264,80;0,0693
3814;376;-318,60;0,0693
3815;4;-202,43;0,0692
3816;4;-202,43;0,0692
3817;401;-349,50;0,0691
3818;100;-219,94;0,0691
3819;67;224,74;0,0690
3820;19;-203,88;0,0690
3821;223;-275,32;0,0689
3822;34;-210,88;0,0689
3823;4;-202,43;0,0688
3824;29;-189,23;0,0688
3825;78;229,13;0,0687
3826;21;-197,00;0,0687
3827;169;-308,38;0,0686
3828;91;-188,00;0,0686
3829;194;-208,13;0,0685
3830;53;225,68;0,0685
3831;287;-213,31;0,0684
3832;51;199,05;0,0684
3833;600;-241,80;0,0683
3834;64;-222,63;0,0683
3835;527;-25,96;0,0682
3836;600;-275,20;0,0682
3837;7;-203,96;0,0681
3838;4;-202,43;0,0681
3839;600;-287,60;0,0680
3840;71;195,45;0,0680
3841;4;-202,43;0,0680
3842;83;209,98;0,0679
3843;576;-478,60;0,0679
3844;32;-206,91;0,0678
3845;562;5,74;0,0678
3846;600;-267,15;0,0677
3847;600;-264,20;0,0677
3848;13;-209,12;0,0676
3849;14;-203,03;0,0676
3850;568;-386,97;0,0675
3851;283;90,28;0,0675
3852;600;-226,00;0,0674
3853;156;-254,50;0,0674
3854;600;-199,30;0,0673
3855;330;-379,64;0,0673
3856;335;63,36;0,0672
3857;600;-234,90;0,0672
3858;600;-67,55;0,0671
3859;529;-248,73;0,0671
3860;134;-206,93;0,0671
3861;256;-221,50;0,0670
3862;85;-207,74;0,0670
3863;161;-213,40;0,0669
3864;41;-198,65;0,0669
3865;301;-214,35;0,0668
3866;60;-201,04;0,0668
3867;182;-205,71;0,0667
3868;224;-203,73;0,0667
3869;83;-206,82;0,0666
3870;83;-208,17;0,0666
3871;57;-204,01;0,0665
3872;600;-41,95;0,0665
3873;58;-206,57;0,0664
3874;170;-211,14;0,0664
3875;600;-51,50;0,0664
3876;217;191,59;0,0663
3877;600;-36,95;0,0663
3878;58;-205,67;0,0662
3879;600;-57,60;0,0662
3880;490;-233,19;0,0661
3881;224;-221,93;0,0661
3882;574;-231,03;0,0660
3883;233;-208,72;0,0660
3884;363;-223,27;0,0659
3885;317;-212,16;0,0659
3886;202;-202,31;0,0658
3887;600;-140,60;0,0658
3888;213;186,48;0,0658
3889;600;-368,60;0,0657
3890;106;-533,90;0,0657
3891;600;-67,00;0,0656
3892;382;-197,96;0,0656
3893;600;-161,00;0,0655
3894;273;-210,42;0,0655
3895;72;-206,51;0,0654
3896;600;-43,60;0,0654
3897;600;-52,50;0,0653
3898;391;-226,80;0,0653
3899;600;-60,75;0,0652
3900;180;-204,94;0,0652
3901;422;-236,66;0,0652
3902;600;-69,00;0,0651
3903;600;-25,60;0,0651
3904;349;-212,08;0,0650
3905;238;-219,97;0,0650
3906;78;-200,42;0,0649
3907;135;-211,49;0,0649
3908;237;-205,11;0,0648
3909;203;-217,32;0,0648
3910;157;-206,86;0,0647
3911;227;-222,71;0,0647
3912;277;-182,01;0,0647
3913;103;-195,12;0,0646
3914;45;-183,44;0,0646
3915;198;-201,12;0,0645
3916;600;-29,35;0,0645
3917;119;-202,33;0,0644
3918;88;-207,57;0,0644
3919;50;-198,64;0,0643
3920;325;195,01;0,0643
3921;49;-204,13;0,0643
3922;200;-160,39;0,0642
3923;600;-136,05;0,0642
3924;274;71,82;0,0641
3925;599;-73,78;0,0641
3926;38;-269,37;0,0640
3927;55;-346,04;0,0640
3928;268;-114,97;0,0639
3929;600;-144,75;0,0639
3930;600;-284,90;0,0638
3931;136;191,20;0,0638
3932;187;-192,96;0,0638
3933;47;-202,96;0,0637
3934;49;-198,78;0,0637
3935;573;184,48;0,0636
3936;138;-200,97;0,0636
3937;161;-213,40;0,0635
3938;89;-200,63;0,0635
3939;129;-213,53;0,0634
3940;500;-194,39;0,0634
3941;38;-202,87;0,0634
3942;127;-198,91;0,0633
3943;74;-195,43;0,0633
3944;114;-197,88;0,0632
3945;36;-198,30;0,0632
3946;176;-268,80;0,0631
3947;166;-160,40;0,0631
3948;23;207,73;0,0630
3949;568;-278,77;0,0630
3950;87;-188,81;0,0630
3951;23;-191,82;0,0629
3952;41;-158,35;0,0629
3953;73;-196,97;0,0628
3954;140;-204,59;0,0628
3955;365;-261,39;0,0627
3956;270;-231,24;0,0627
3957;600;-29,80;0,0627
3958;185;-224,19;0,0626
3959;243;76,73;0,0626
3960;74;-199,43;0,0625
3961;186;-230,05;0,0625
3962;58;-204,52;0,0624
3963;61;-203,90;0,0624
3964;351;173,95;0,0623
3965;32;-192,21;0,0623
3966;97;-207,41;0,0623
3967;37;-197,51;0,0622
3968;145;-195,19;0,0622
3969;600;-41,65;0,0621
3970;309;-232,33;0,0621
3971;77;-205,66;0,0620
3972;464;-254,38;0,0620
3973;301;-216,85;0,0620
3974;386;-226,10;0,0619
3975;157;-196,76;0,0619
3976;229;-268,03;0,0618
3977;4;-202,43;0,0618
3978;600;-596,40;0,0617
3979;600;-528,25;0,0617
3980;384;-312,33;0,0617
3981;204;-189,43;0,0616
3982;219;-213,13;0,0616
3983;92;-205,66;0,0615
3984;186;-177,95;0,0615
3985;276;-218,25;0,0614
3986;167;-243,61;0,0614
3987;28;210,13;0,0613
3988;40;220,36;0,0613
3989;4;-202,43;0,0613
3990;64;-225,03;0,0612
3991;157;-232,11;0,0612
3992;388;-231,57;0,0611
3993;255;-214,99;0,0611
3994;235;-219,44;0,0610
3995;194;-219,93;0,0610
3996;600;-45,25;0,0610
3997;242;-206,66;0,0609
3998;240;-216,44;0,0609
3999;100;-202,19;0,0608
4000;159;-211,48;0,0608
4001;49;-203,53;0,0608
4002;155;-200,54;0,0607
4003;285;179,51;0,0607
4004;254;-218,08;0,0606
4005;66;-200,60;0,0606
4006;549;-251,03;0,0605
4007;58;-203,62;0,0605
4008;105;-202,14;0,0605
4009;94;-201,38;0,0604
4010;391;-228,20;0,0604
4011;53;-205,82;0,0603
4012;153;-196,17;0,0603
4013;168;-205,37;0,0602
4014;112;-208,46;0,0602
4015;166;-209,55;0,0602
4016;146;-204,80;0,0601
4017;84;-201,33;0,0601
4018;107;-209,96;0,0600
4019;62;-201,61;0,0600
4020;84;-208,13;0,0599
4021;372;-224,71;0,0599
4022;70;-189,74;0,0599
4023;477;-234,66;0,0598
4024;305;-223,99;0,0598
4025;26;-203,75;0,0597
4026;211;-210,50;0,0597
4027;37;-202,81;0,0597
4028;73;222,53;0,0596
4029;25;-196,79;0,0596
4030;258;-214,37;0,0595
4031;318;-220,17;0,0595
4032;141;-205,20;0,0594
4033;581;-384,15;0,0594
4034;4;-202,43;0,0594
4035;600;-197,15;0,0593
4036;495;-426,54;0,0593
4037;122;195,94;0,0592
4038;4;-202,43;0,0592
4039;4;-202,43;0,0592
4040;540;-255,19;0,0591
4041;277;-219,71;0,0591
4042;487;-247,81;0,0590
4043;125;-210,14;0,0590
4044;214;-214,88;0,0589
4045;499;-251,83;0,0589
4046;495;-218,89;0,0589
4047;486;-237,45;0,0588
4048;600;-79,20;0,0588
4049;445;-238,34;0,0587
4050;600;-38,55;0,0587
4051;284;-201,68;0,0587
4052;42;-192,91;0,0586
4053;197;-216,01;0,0586
4054;38;-204,57;0,0585
4055;151;-211,90;0,0585
4056;14;-203,03;0,0585
4057;205;-204,84;0,0584
4058;347;-227,61;0,0584
4059;560;-229,54;0,0583
4060;119;-196,18;0,0583
4061;314;-210,38;0,0583
4062;304;-222,73;0,0582
4063;72;-196,76;0,0582
4064;158;-212,77;0,0581
4065;74;-206,83;0,0581
4066;58;-205,67;0,0580
4067;600;-45,20;0,0580
4068;157;-216,11;0,0580
4069;397;-207,66;0,0579
4070;211;167,30;0,0579
4071;600;-573,75;0,0578
4072;206;93,05;0,0578
4073;341;-378,70;0,0578
4074;72;-224,46;0,0577
4075;48;208,63;0,0577
4076;150;-227,39;0,0576
4077;50;-212,79;0,0576
4078;75;-190,84;0,0576
4079;87;-199,46;0,0575
4080;79;-202,13;0,0575
4081;264;-251,03;0,0574
4082;79;-200,68;0,0574
4083;162;-203,21;0,0574
4084;98;-179,37;0,0573
4085;43;-188,12;0,0573
4086;89;-196,33;0,0572
4087;34;-188,08;0,0572
4088;35;-192,49;0,0572
4089;170;-233,64;0,0571
4090;32;-197,66;0,0571
4091;549;-416,48;0,0570
4092;4;-202,43;0,0570
4093;24;-196,18;0,0570
4094;89;205,67;0,0569
4095;412;-248,31;0,0569
4096;398;-229,47;0,0568
4097;332;-239,86;0,0568
4098;193;-203,82;0,0568
4099;156;-211,40;0,0567
4100;104;-207,38;0,0567
4101;325;-211,14;0,0566
4102;152;-209,16;0,0566
4103;281;-215,65;0,0566
4104;154;-216,88;0,0565
4105;173;-229,17;0,0565
4106;231;209,90;0,0564
4107;68;-207,17;0,0564
4108;393;182,83;0,0564
4109;158;-204,77;0,0563
4110;323;-242,07;0,0563
4111;209;-215,98;0,0562
4112;162;-205,46;0,0562
4113;281;-213,20;0,0562
4114;40;-204,59;0,0561
4115;78;-201,32;0,0561
4116;60;-199,34;0,0561
4117;195;-210,69;0,0560
4118;191;-214,30;0,0560
4119;208;-205,62;0,0559
4120;281;-223,40;0,0559
4121;150;-207,79;0,0559
4122;173;-181,47;0,0558
4123;61;255,40;0,0558
4124;57;-202,66;0,0557
4125;171;196,45;0,0557
4126;96;-193,95;0,0557
4127;46;-188,55;0,0556
4128;70;203,01;0,0556
4129;464;-309,03;0,0555
4130;600;-220,95;0,0555
4131;113;-220,32;0,0555
4132;172;-242,51;0,0554
4133;229;-274,68;0,0554
4134;600;-169,10;0,0553
4135;600;-220,80;0,0553
4136;463;77,33;0,0553
4137;219;-220,83;0,0552
4138;77;192,24;0,0552
4139;143;169,43;0,0552
4140;208;-254,37;0,0551
4141;600;-199,40;0,0551
4142;327;-311,86;0,0550
4143;600;-189,45;0,0550
4144;440;-309,54;0,0550
4145;566;-349,00;0,0549
4146;180;159,06;0,0549
4147;134;-240,48;0,0548
4148;458;-261,27;0,0548
4149;100;198,86;0,0548
4150;4;-202,43;0,0547
4151;97;174,04;0,0547
4152;261;-245,50;0,0547
4153;5;-202,94;0,0546
4154;2;199,94;0,0546
4155;470;131,81;0,0545
4156;593;-321,42;0,0545
4157;113;200,33;0,0545
4158;600;-118,90;0,0544
4159;600;-96,35;0,0544
4160;583;-290,67;0,0544
4161;163;-226,97;0,0543
4162;370;-300,14;0,0543
4163;325;-252,24;0,0542
4164;293;169,73;0,0542
4165;239;-216,98;0,0542
4166;354;-238,63;0,0541
4167;243;164,83;0,0541
4168;600;-90,95;0,0540
4169;219;-224,53;0,0540
4170;51;-201,40;0,0540
4171;376;-240,25;0,0539
4172;196;-230,95;0,0539
4173;320;-256,89;0,0539
4174;385;-286,54;0,0538
4175;329;-234,53;0,0538
4176;564;-282,28;0,0537
4177;8;-202,67;0,0537
4178;4;-202,43;0,0537
4179;190;164,86;0,0536
4180;4;-202,43;0,0536
4181;216;-219,45;0,0536
4182;21;-209,00;0,0535
4183;211;169,25;0,0535
4184;28;-208,47;0,0534
4185;339;-255,28;0,0534
4186;131;-204,00;0,0534
4187;401;-286,00;0,0533
4188;32;-208,81;0,0533
4189;46;-209,85;0,0533
4190;38;228,73;0,0532
4191;600;-68,10;0,0532
4192;55;-203,09;0,0531
4193;181;-199,95;0,0531
4194;124;-213,53;0,0531
4195;158;-215,27;0,0530
4196;111;-208,75;0,0530
4197;74;-216,63;0,0530
4198;215;-241,44;0,0529
4199;292;139,04;0,0529
4200;406;129,55;0,0528
4201;130;-235,79;0,0528
4202;147;200,74;0,0528
4203;258;-249,02;0,0527
4204;429;152,97;0,0527
4205;600;-151,75;0,0527
4206;175;-255,34;0,0526
4207;417;-335,31;0,0526
4208;365;167,76;0,0526
4209;290;-296,44;0,0525
4210;373;121,43;0,0525
4211;358;-272,27;0,0524
4212;228;156,63;0,0524
4213;73;-213,87;0,0524
4214;359;-258,48;0,0523
4215;236;-236,45;0,0523
4216;137;-234,16;0,0523
4217;48;-195,12;0,0522
4218;476;-348,55;0,0522
4219;59;-205,03;0,0522
4220;171;-222,95;0,0521
4221;331;-269,05;0,0521
4222;306;200,80;0,0520
4223;4;-202,43;0,0520
4224;600;-154,70;0,0520
4225;102;185,84;0,0519
4226;134;-214,68;0,0519
4227;144;-230,73;0,0519
4228;150;-220,59;0,0518
4229;353;122,63;0,0518
4230;272;-262,61;0,0518
4231;97;172,09;0,0517
4232;41;-192,30;0,0517
4233;275;-223,59;0,0516
4234;31;-208,10;0,0516
4235;4;-202,43;0,0516
4236;211;-264,90;0,0515
4237;125;-169,19;0,0515
4238;234;-254,08;0,0515
4239;380;-318,34;0,0514
4240;350;-244,99;0,0514
4241;390;135,46;0,0514
4242;245;-238,99;0,0513
4243;116;199,40;0,0513
4244;6;-203,45;0,0512
4245;522;-301,51;0,0512
4246;358;-284,87;0,0512
4247;256;-257,60;0,0511
4248;310;-284,19;0,0511
4249;243;-236,87;0,0511
4250;441;-343,00;0,0510
4251;230;-258,54;0,0510
4252;556;-313,65;0,0510
4253;600;-190,50;0,0509
4254;306;-278,20;0,0509
4255;248;-256,92;0,0509
4256;600;-191,05;0,0508
4257;50;-205,94;0,0508
4258;529;-329,08;0,0507
4259;600;-139,70;0,0507
4260;4;-202,43;0,0507
4261;529;-304,88;0,0506
4262;600;-165,25;0,0506
4263;221;-253,40;0,0506
4264;7;-203,06;0,0505
4265;600;-160,60;0,0505
4266;169;-236,93;0,0505
4267;165;175,31;0,0504
4268;600;-143,95;0,0504
4269;475;105,31;0,0504
4270;600;-143,65;0,0503
4271;600;-136,25;0,0503
4272;2;-200,51;0,0503
4273;4;-202,43;0,0502
4274;600;-147,75;0,0502
4275;257;-252,61;0,0501
4276;115;-220,74;0,0501
4277;296;-244,25;0,0501
4278;38;-208,07;0,0500
4279;600;-119,60;0,0500
4280;600;-141,20;0,0500
4281;600;-131,30;0,0500
4282;600;-132,00;0,0500
4283;238;148,58;0,0500
4284;4;-202,43;0,0500
4285;600;-157,40;0,0500
4286;124;-217,93;0,0500
4287;71;-209,10;0,0500
4288;81;-210,45;0,0500
4289;600;-136,20;0,0500
4290;367;148,89;0,0500
4291;116;-218,85;0,0500
4292;600;-55,70;0,0500
4293;200;-235,49;0,0500
4294;229;-231,23;0,0500
4295;319;-257,03;0,0500
4296;600;-133,55;0,0500
4297;537;-300,81;0,0500
4298;576;-331,10;0,0500
4299;533;-289,32;0,0500
4300;600;-84,45;0,0500
4301;252;-235,96;0,0500
4302;600;-122,55;0,0500
4303;358;-250,82;0,0500
4304;373;-271,72;0,0500
4305;600;-118,55;0,0500
4306;390;-253,19;0,0500
4307;44;-201,88;0,0500
4308;385;-284,84;0,0500
4309;326;-259,90;0,0500
4310;281;-267,20;0,0500
4311;32;-208,91;0,0500
4312;5;-202,94;0,0500
4313;600;-132,75;0,0500
4314;346;-343,95;0,0500
4315;286;-243,15;0,0500
4316;8;-203,57;0,0500
4317;600;-147,75;0,0500
4318;152;-228,21;0,0500
4319;14;-203,93;0,0500
4320;135;-203,49;0,0500
4321;600;-130,20;0,0500
4322;536;-310,70;0,0500
4323;181;-232,30;0,0500
4324;287;-256,51;0,0500
4325;447;-311,86;0,0500
4326;127;-236,26;0,0500
4327;481;-279,80;0,0500
4328;210;-232,99;0,0500
4329;566;-324,00;0,0500
4330;117;194,99;0,0500
4331;408;-316,22;0,0500
4332;12;-203,81;0,0500
4333;136;-237,00;0,0500
4334;511;-281,85;0,0500
4335;11;-204,20;0,0500
4336;412;-321,76;0,0500
4337;600;-151,50;0,0500
4338;600;-170,85;0,0500
4339;131;-213,20;0,0500
4340;600;-154,80;0,0500
4341;272;114,79;0,0500
4342;512;-300,16;0,0500
4343;355;-278,19;0,0500
4344;4;-202,43;0,0500
4345;52;-217,16;0,0500
4346;500;-271,89;0,0500
4347;572;-313,61;0,0500
4348;14;-203,93;0,0500
4349;600;-115,70;0,0500
4350;600;-143,90;0,0500
4351;600;-153,70;0,0500
4352;425;-299,84;0,0500
4353;110;175,66;0,0500
4354;600;-145,25;0,0500
4355;417;-270,76;0,0500
4356;600;-123,40;0,0500
4357;183;-229,07;0,0500
4358;68;-217,97;0,0500
4359;283;-275,57;0,0500
4360;600;-125,00;0,0500
4361;483;119,08;0,0500
4362;395;-263,19;0,0500
4363;339;-266,23;0,0500
4364;36;-210,05;0,0500
4365;233;-235,62;0,0500
4366;9;-203,18;0,0500
4367;17;-204,56;0,0500
4368;284;-251,08;0,0500
4369;182;-227,36;0,0500
4370;197;-234,71;0,0500
4371;597;-311,46;0,0500
4372;25;-211,44;0,0500
4373;440;-279,04;0,0500
4374;219;-258,53;0,0500
4375;121;-223,95;0,0500
4376;183;-225,27;0,0500
4377;507;-300,21;0,0500
4378;83;-219,27;0,0500
4379;354;-271,18;0,0500
4380;388;-269,87;0,0500
4381;212;-261,46;0,0500
4382;295;-244,69;0,0500
4383;296;119,90;0,0500
4384;600;-118,80;0,0500
4385;600;-186,60;0,0500
4386;245;-258,69;0,0500
4387;126;162,75;0,0500
4388;138;-224,27;0,0500
4389;193;168,78;0,0500
4390;422;-290,26;0,0500
4391;536;-278,25;0,0500
4392;299;153,17;0,0500
4393;98;199,53;0,0500
4394;77;-207,46;0,0500
4395;600;-110,35;0,0500
4396;600;-134,15;0,0500
4397;478;-255,27;0,0500
4398;4;-202,43;0,0500
4399;267;-226,01;0,0500
4400;52;-187,11;0,0500
4401;586;-308,70;0,0500
4402;232;-237,56;0,0500
4403;127;-200,06;0,0500
4404;176;-217,60;0,0500
4405;468;-303,67;0,0500
4406;382;-280,26;0,0500
4407;561;-316,50;0,0500
4408;220;-245,14;0,0500
4409;397;-286,36;0,0500
4410;534;100,52;0,0500
4411;271;-260,25;0,0500
4412;337;-241,36;0,0500
4413;125;-205,54;0,0500
4414;600;-112,00;0,0500
4415;4;-202,43;0,0500
4416;335;-295,29;0,0500
4417;250;-241,09;0,0500
4418;181;-227,45;0,0500
4419;233;-241,72;0,0500
4420;305;-267,44;0,0500
4421;46;-211,50;0,0500
4422;15;-205,64;0,0500
4423;146;-222,70;0,0500
4424;224;167,57;0,0500
4425;37;-212,16;0,0500
4426;395;-317,49;0,0500
4427;246;-246,65;0,0500
4428;175;-217,94;0,0500
4429;460;-262,54;0,0500
4430;202;-239,86;0,0500
4431;9;-203,18;0,0500
4432;600;-153,60;0,0500
4433;600;-140,60;0,0500
4434;135;-211,89;0,0500
4435;233;159,43;0,0500
4436;236;-236,05;0,0500
4437;465;-320,59;0,0500
4438;10;-203,69;0,0500
4439;600;-106,35;0,0500
4440;600;-112,70;0,0500
4441;212;-232,76;0,0500
4442;600;-133,15;0,0500
4443;4;-202,43;0,0500
4444;600;-115,05;0,0500
4445;152;-239,46;0,0500
4446;600;-62,75;0,0500
4447;389;-228,93;0,0500
4448;533;77,63;0,0500
4449;157;-220,51;0,0500
4450;154;-179,58;0,0500
4451;202;-174,46;0,0500
4452;213;-246,62;0,0500
4453;59;-209,78;0,0500
4454;73;-213,77;0,0500
4455;600;-57,35;0,0500
4456;159;-218,98;0,0500
4457;408;-291,42;0,0500
4458;186;-209,70;0,0500
4459;486;-260,90;0,0500
4460;46;-209,85;0,0500
4461;294;-290,08;0,0500
4462;464;45,02;0,0500
4463;600;-150,40;0,0500
4464;600;-142,70;0,0500
4465;115;-213,34;0,0500
4466;9;-203,18;0,0500
4467;74;-207,88;0,0500
4468;600;-139,35;0,0500
4469;386;-291,05;0,0500
4470;524;-294,98;0,0500
4471;600;103,96;0,0500
4472;253;173,63;0,0500
4473;4;-202,43;0,0500
4474;221;-241,15;0,0500
4475;441;-309,20;0,0500
4476;257;-271,36;0,0500
4477;514;-328,73;0,0500
4478;155;-211,69;0,0500
4479;423;116,73;0,0500
4480;292;-252,16;0,0500
4481;600;-158,80;0,0500
4482;600;-207,60;0,0500
4483;600;-105,80;0,0500
4484;312;-305,41;0,0500
4485;4;-202,43;0,0500
4486;4;-202,43;0,0500
4487;324;167,72;0,0500
4488;211;-256,75;0,0500
4489;460;-306,99;0,0500
4490;305;-247,59;0,0500
4491;600;-129,05;0,0500
4492;9;-204,08;0,0500
4493;600;-120,25;0,0500
4494;600;-192,30;0,0500
4495;600;-158,05;0,0500
4496;109;-220,78;0,0500
4497;584;-346,98;0,0500
4498;198;-262,87;0,0500
4499;281;-227,55;0,0500
